# 10,000-body rotating cloud (uniform 3D ball). Space-filling, so the octree FMM
# balances well -- a clean large-N test. It settles into a rotating spheroid.
#
# format: name,mass,px,py,pz,vx,vy,vz,r,g,b[,radius]
@G=1.0
@softening=0.35
@dt=0.01
@timescale=1.0
@zeroMomentum=1
u0,0.014,11.4108,11.438,0.572525,-1.3482,-0.37702,-0.886134,0.7061,0.7765,0.8939,0.08
u1,0.014,-2.88758,-5.31364,-5.9651,0.409575,0.615299,-0.570923,0.8456,0.8114,0.7544,0.08
u2,0.014,-6.08763,-8.66834,3.72098,-0.329869,-1.3648,-0.458119,0.7959,0.799,0.8041,0.08
u3,0.014,21.2956,-2.99599,-0.96523,-0.389693,0.345901,0.0348949,0.6086,0.7522,0.9914,0.08
u4,0.014,-3.9368,2.8018,14.8747,-0.380762,-1.75256,-0.112401,0.7156,0.7789,0.8844,0.08
u5,0.014,8.53308,-8.86784,-12.7857,1.59833,0.714709,1.08313,0.6773,0.7693,0.9227,0.08
u6,0.014,-1.65688,15.7876,8.79449,-1.30346,-0.514074,-0.797875,0.67,0.7675,0.93,0.08
u7,0.014,7.00758,8.54631,-0.536032,-1.75617,1.28784,1.76138,0.7988,0.7997,0.8012,0.08
u8,0.014,-1.39487,0.0211868,-3.2574,0.604719,0.391044,-0.80578,0.9356,0.8339,0.6644,0.08
u9,0.014,-0.536888,-17.8099,1.12092,-0.163514,0.544044,-0.567908,0.6754,0.7688,0.9246,0.08
u10,0.014,-12.5841,7.26842,-11.4956,0.286428,-1.44176,0.755236,0.6631,0.7658,0.9369,0.08
u11,0.014,12.5733,14.8137,-0.462514,-0.924551,-0.637783,-0.907889,0.6466,0.7617,0.9534,0.08
u12,0.014,-6.06648,0.0697449,5.0695,-0.399332,-0.0347209,0.820736,0.8563,0.8141,0.7437,0.08
u13,0.014,10.3867,12.6323,4.55676,-1.26461,-0.124909,0.242437,0.6913,0.7728,0.9087,0.08
u14,0.014,-1.53938,-10.9286,10.1265,1.46655,-0.0959293,-0.134017,0.7277,0.7819,0.8723,0.08
u15,0.014,-9.20277,2.46272,7.05027,-0.750838,-2.89914,-1.17644,0.7845,0.7961,0.8155,0.08
u16,0.014,-1.6949,-13.5976,10.7133,0.971784,0.110838,-0.723225,0.6838,0.7709,0.9162,0.08
u17,0.014,1.89183,8.83208,-10.6228,0.567368,-0.612904,-0.130927,0.7465,0.7866,0.8535,0.08
u18,0.014,10.9675,-5.93273,10.2439,0.396194,1.61359,0.284522,0.7066,0.7766,0.8934,0.08
u19,0.014,-2.41254,7.78166,-4.85296,-1.46889,0.158414,0.833827,0.8276,0.8069,0.7724,0.08
u20,0.014,-6.33398,1.19628,-3.05187,-0.976005,-0.263824,0.694942,0.8703,0.8176,0.7297,0.08
u21,0.014,4.55844,18.0741,-6.27371,-0.165599,-0.480794,0.0337709,0.6424,0.7606,0.9576,0.08
u22,0.014,5.03741,-2.98262,11.5852,0.793012,-0.0764941,-0.315135,0.764,0.791,0.836,0.08
u23,0.014,-3.78196,11.8195,12.6865,-1.91411,0.431161,-0.200484,0.6773,0.7693,0.9227,0.08
u24,0.014,-5.97497,5.67117,11.3349,-0.738458,-0.487157,0.450215,0.7452,0.7863,0.8548,0.08
u25,0.014,7.45309,-11.5595,7.57217,-0.295963,1.12233,-1.87097,0.7145,0.7786,0.8855,0.08
u26,0.014,0.289515,11.5978,-3.61877,-0.237213,-0.13078,0.459513,0.779,0.7948,0.821,0.08
u27,0.014,-10.3904,6.93769,-5.86505,-1.51332,-0.0977381,0.681934,0.7491,0.7873,0.8509,0.08
u28,0.014,2.04839,13.4653,-11.6574,-1.27162,1.10749,-0.788701,0.674,0.7685,0.926,0.08
u29,0.014,11.3863,-2.13378,-7.7845,2.25278,0.0293521,-0.58781,0.7462,0.7866,0.8538,0.08
u30,0.014,-5.61873,-12.5501,-4.13211,0.931025,-0.902522,0.356474,0.7389,0.7847,0.8611,0.08
u31,0.014,-17.7075,11.9885,1.06667,-0.801543,0.1482,-1.46154,0.6107,0.7527,0.9893,0.08
u32,0.014,6.3126,-17.5882,3.0727,-1.01562,1.02413,-0.635138,0.6557,0.7639,0.9443,0.08
u33,0.014,-0.147176,-18.4681,-3.89394,1.25749,0.123766,0.148207,0.6568,0.7642,0.9432,0.08
u34,0.014,-12.8894,-4.87664,-10.0454,-1.45519,-0.75265,-0.545323,0.6899,0.7725,0.9101,0.08
u35,0.014,-17.2301,1.91238,9.09083,0.324908,-1.86926,0.95327,0.6441,0.761,0.9559,0.08
u36,0.014,-5.58023,-0.739955,5.08879,-0.0764938,-0.572558,-1.81428,0.862,0.8155,0.738,0.08
u37,0.014,-0.0445432,-20.1609,1.5048,2.09737,0.469012,-0.688332,0.6324,0.7581,0.9676,0.08
u38,0.014,-19.8297,-8.80861,0.0331278,0.685323,-1.56662,0.232479,0.6055,0.7514,0.9945,0.08
u39,0.014,13.0172,-10.7051,-2.32981,2.09462,0.338604,1.0587,0.6907,0.7727,0.9093,0.08
u40,0.014,8.1262,-11.8496,5.99712,-0.778816,1.61572,0.308442,0.7169,0.7792,0.8831,0.08
u41,0.014,6.38761,-11.9034,-12.1873,-0.421071,1.48648,-2.7036,0.6692,0.7673,0.9308,0.08
u42,0.014,9.02737,4.23205,6.02834,0.00672624,0.686373,0.695932,0.7882,0.797,0.8118,0.08
u43,0.014,-17.607,-4.52733,1.47936,-0.572198,-1.72506,-0.446084,0.6684,0.7671,0.9316,0.08
u44,0.014,-7.38699,-11.1495,3.24592,0.0311114,-1.01927,1.09326,0.7498,0.7874,0.8502,0.08
u45,0.014,-14.3338,-3.36848,7.75403,1.47104,-0.695106,-1.05166,0.6974,0.7744,0.9026,0.08
u46,0.014,0.441939,-5.85911,-7.38063,1.9642,0.13223,0.543981,0.8285,0.8071,0.7715,0.08
u47,0.014,11.9989,-5.80548,-8.88392,0.0354188,-0.0810418,-0.0153367,0.7087,0.7772,0.8913,0.08
u48,0.014,8.02749,5.34853,-13.7715,-1.03757,0.909336,0.556161,0.6943,0.7736,0.9057,0.08
u49,0.014,-5.3952,-12.4224,6.27883,0.153078,-0.385949,0.157927,0.7286,0.7821,0.8714,0.08
u50,0.014,0.581998,5.93058,6.81561,-0.423992,-0.0221376,0.278293,0.8354,0.8088,0.7646,0.08
u51,0.014,15.9422,-2.03299,-0.238197,1.59151,-0.817685,0.0727663,0.7078,0.7769,0.8922,0.08
u52,0.014,8.76739,-13.5412,-5.10181,-1.11794,0.448771,0.55461,0.6924,0.7731,0.9076,0.08
u53,0.014,1.79831,-11.7982,4.44155,0.168735,-0.595659,-0.249229,0.7685,0.7921,0.8315,0.08
u54,0.014,-11.481,-5.05187,-7.95737,0.295477,-1.50693,0.457304,0.7299,0.7825,0.8701,0.08
u55,0.014,-4.93796,-12.1246,-5.78829,-0.173454,1.28063,-0.45479,0.7397,0.7849,0.8603,0.08
u56,0.014,6.11832,-1.21356,-8.70097,0.135369,0.830266,-0.761285,0.8053,0.8013,0.7947,0.08
u57,0.014,14.4636,9.91295,-5.50008,-0.930918,0.776659,-0.979504,0.6659,0.7665,0.9341,0.08
u58,0.014,12.2972,-8.70343,-7.2301,0.207125,0.5831,-0.557813,0.6962,0.774,0.9038,0.08
u59,0.014,-2.69328,13.2877,11.342,0.911751,-2.60317,-0.655877,0.6786,0.7697,0.9214,0.08
u60,0.014,3.50774,17.1499,9.99063,-1.24104,0.395984,0.747478,0.6335,0.7584,0.9665,0.08
u61,0.014,-2.2187,-9.24308,8.02493,1.0758,-0.921205,0.454603,0.7738,0.7935,0.8262,0.08
u62,0.014,0.516387,12.7709,-11.4939,-1.48846,0.735991,-0.215647,0.6875,0.7719,0.9125,0.08
u63,0.014,3.51868,4.78962,-7.9919,0.47736,-0.222152,-0.937465,0.8189,0.8047,0.7811,0.08
u64,0.014,-6.64951,-3.65806,11.3141,-0.616739,0.423302,-1.53935,0.7523,0.7881,0.8477,0.08
u65,0.014,-12.3867,-16.1825,-2.97769,-0.246279,-0.847557,-0.0646347,0.6255,0.7564,0.9745,0.08
u66,0.014,11.7713,-2.51419,-1.95666,-0.949132,0.911915,-1.37248,0.7783,0.7946,0.8217,0.08
u67,0.014,-12.9747,2.86004,10.7387,0.12868,-0.305192,0.465491,0.6894,0.7723,0.9106,0.08
u68,0.014,-1.38882,-13.9155,8.09916,0.767876,-0.972316,-0.1693,0.7062,0.7765,0.8938,0.08
u69,0.014,-16.5791,2.37154,-2.65838,-0.430691,-0.289486,1.36473,0.6917,0.7729,0.9083,0.08
u70,0.014,-10.9018,-5.32025,9.48744,0.96249,-2.16905,1.03871,0.72,0.78,0.88,0.08
u71,0.014,-6.87325,-16.2574,-5.24622,-0.929693,-1.16165,-0.194739,0.6652,0.7663,0.9348,0.08
u72,0.014,0.257326,-11.3326,7.10828,1.97793,0.452055,0.420983,0.7567,0.7892,0.8433,0.08
u73,0.014,1.36675,14.4332,-5.40105,-1.24406,-1.3492,-0.28665,0.7187,0.7797,0.8813,0.08
u74,0.014,5.79705,11.6454,0.669311,-0.0990715,0.33008,-0.422595,0.7632,0.7908,0.8368,0.08
u75,0.014,-15.7004,13.2951,-5.80855,-0.104849,0.0342839,-0.136862,0.6113,0.7528,0.9887,0.08
u76,0.014,13.2314,-0.894464,11.8681,1.05,0.364885,-0.587969,0.6764,0.7691,0.9236,0.08
u77,0.014,-11.0393,-18.6929,-0.642318,0.275751,-0.26935,-0.212546,0.6051,0.7513,0.9949,0.08
u78,0.014,12.1302,7.12066,1.3182,-1.36676,0.803715,-1.86015,0.7431,0.7858,0.8569,0.08
u79,0.014,0.853362,-13.0688,9.82017,0.861546,1.37223,0.690352,0.7024,0.7756,0.8976,0.08
u80,0.014,13.4449,2.96489,9.80772,0.555329,2.05587,-1.21718,0.6927,0.7732,0.9073,0.08
u81,0.014,-4.73872,-8.78165,-2.40536,0.654623,-0.107315,1.4002,0.8134,0.8033,0.7866,0.08
u82,0.014,1.84369,0.28857,-0.956756,0.319409,0.136055,0.984596,0.9619,0.8405,0.6381,0.08
u83,0.014,-8.26234,8.13009,-11.5479,-0.157932,0.82111,0.167171,0.7025,0.7756,0.8975,0.08
u84,0.014,9.81897,-0.479672,-6.6806,0.317422,0.405656,-0.155541,0.7839,0.796,0.8161,0.08
u85,0.014,16.2115,-10.1614,-2.80327,1.4896,1.35122,-0.518315,0.6484,0.7621,0.9516,0.08
u86,0.014,10.5477,12.3164,-4.76811,-1.67901,1.24621,-0.632424,0.6927,0.7732,0.9073,0.08
u87,0.014,14.3104,-11.8883,7.30325,0.830767,1.7062,0.351191,0.6366,0.7592,0.9634,0.08
u88,0.014,11.7481,-9.1364,1.41415,0.970456,0.404435,2.17247,0.7282,0.782,0.8718,0.08
u89,0.014,0.338299,-0.289904,13.2689,0.198259,-0.200514,-0.538575,0.7586,0.7897,0.8414,0.08
u90,0.014,1.53598,6.34762,-2.43393,0.142999,-1.51705,-1.17668,0.8733,0.8183,0.7267,0.08
u91,0.014,-10.2128,7.20103,-5.20606,1.60183,-0.859599,-1.11083,0.7539,0.7885,0.8461,0.08
u92,0.014,-17.2983,-2.97944,3.60705,0.701535,-1.677,0.778078,0.6742,0.7685,0.9258,0.08
u93,0.014,-6.58251,3.14412,-14.9747,0.690002,-0.0599041,-0.393369,0.6971,0.7743,0.9029,0.08
u94,0.014,9.84819,-6.47541,-8.63693,-0.279142,-1.60431,-0.0686322,0.7343,0.7836,0.8657,0.08
u95,0.014,-10.1793,6.48759,-9.97576,-0.312437,-1.27659,0.111188,0.7153,0.7788,0.8847,0.08
u96,0.014,20.4453,5.79184,-4.22552,-0.488549,1.44086,-0.517601,0.6061,0.7515,0.9939,0.08
u97,0.014,4.59175,-2.4802,-7.18006,0.374103,0.320917,0.141757,0.8386,0.8097,0.7614,0.08
u98,0.014,13.6709,14.3759,2.73319,-0.502497,1.07448,-0.807846,0.6359,0.759,0.9641,0.08
u99,0.014,1.9982,8.49643,-10.632,-1.03541,-1.07171,-1.68585,0.7499,0.7875,0.8501,0.08
u100,0.014,12.7338,-0.879276,12.6017,0.0185141,1.19882,-0.402429,0.6739,0.7685,0.9261,0.08
u101,0.014,-6.92525,-8.61077,13.0923,1.5465,-0.853403,-0.0591622,0.6885,0.7721,0.9115,0.08
u102,0.014,20.8774,-5.43876,-0.773753,-0.163653,1.80167,-0.173072,0.6075,0.7519,0.9925,0.08
u103,0.014,14.7364,4.98887,2.35469,-0.94959,0.808675,-0.594512,0.7139,0.7785,0.8861,0.08
u104,0.014,18.8362,6.48006,4.64334,0.328316,1.63763,1.39377,0.6281,0.757,0.9719,0.08
u105,0.014,5.56531,9.72378,2.2316,-2.09991,0.593802,0.0182936,0.7923,0.7981,0.8077,0.08
u106,0.014,8.75608,-0.751114,-0.729886,1.22978,1.67999,-1.06269,0.8397,0.8099,0.7603,0.08
u107,0.014,-3.84598,4.3822,-14.7493,0.491045,-0.111358,-1.32138,0.7116,0.7779,0.8884,0.08
u108,0.014,-1.75495,14.0621,-3.43194,-0.178723,-0.430692,0.719278,0.7349,0.7837,0.8651,0.08
u109,0.014,3.14943,12.6702,12.5005,-0.838444,-0.510222,-0.754747,0.6714,0.7678,0.9286,0.08
u110,0.014,-16.4616,4.85656,-9.14845,0.883033,-1.00064,0.661677,0.6464,0.7616,0.9536,0.08
u111,0.014,13.2496,-14.8023,2.48188,0.701459,-0.342003,-1.19894,0.636,0.759,0.964,0.08
u112,0.014,-3.64072,-3.72071,6.38681,0.539316,-1.63393,0.674873,0.8502,0.8125,0.7498,0.08
u113,0.014,-3.02385,18.1621,7.97788,-0.552659,-1.5684,0.315952,0.6352,0.7588,0.9648,0.08
u114,0.014,-15.697,2.76178,2.46343,-0.485805,-1.94284,-1.45784,0.7068,0.7767,0.8932,0.08
u115,0.014,-4.11051,16.0453,4.7824,-0.16774,-0.500103,0.865863,0.6865,0.7716,0.9135,0.08
u116,0.014,-0.488817,15.0495,6.78694,-1.283,1.0853,1.77488,0.6997,0.7749,0.9003,0.08
u117,0.014,-14.2544,-11.0623,-3.28177,1.17845,-1.19857,0.0212267,0.6666,0.7666,0.9334,0.08
u118,0.014,9.0345,-19.3087,-2.21536,2.44356,-0.000402908,-0.119774,0.6103,0.7526,0.9897,0.08
u119,0.014,5.3668,-8.54581,-8.87048,1.51721,-0.711514,-0.500263,0.7557,0.7889,0.8443,0.08
u120,0.014,-9.80423,15.5616,7.89828,-1.58853,-1.97545,0.325526,0.6361,0.759,0.9639,0.08
u121,0.014,-14.3212,-1.37237,6.39914,-1.15896,-1.01869,0.477272,0.7137,0.7784,0.8863,0.08
u122,0.014,-9.10271,-1.07126,-8.13456,-0.636668,-1.24019,0.558645,0.7772,0.7943,0.8228,0.08
u123,0.014,-15.0796,-11.364,-5.05426,2.0204,-0.923394,0.288764,0.6446,0.7612,0.9554,0.08
u124,0.014,-5.91195,-6.31423,1.13261,-1.17696,-0.292364,0.630924,0.8414,0.8103,0.7586,0.08
u125,0.014,4.12418,-15.1241,10.3294,0.601478,0.48571,-0.347971,0.6587,0.7647,0.9413,0.08
u126,0.014,-0.602179,0.74239,2.85062,0.827289,-1.31374,-0.187529,0.9453,0.8363,0.6547,0.08
u127,0.014,17.7504,-6.63095,8.01644,-1.38229,0.822555,-0.711127,0.6259,0.7565,0.9741,0.08
u128,0.014,8.44829,15.7661,-6.13605,-1.2367,0.44609,0.805715,0.6562,0.764,0.9438,0.08
u129,0.014,-16.2157,-9.78265,-8.38096,0.136831,-0.363821,-0.746247,0.6235,0.7559,0.9765,0.08
u130,0.014,7.53944,16.3948,5.18539,0.181294,-0.441639,0.03482,0.6586,0.7647,0.9414,0.08
u131,0.014,-8.16674,2.74459,-3.78139,0.29892,0.0238891,-1.15259,0.8289,0.8072,0.7711,0.08
u132,0.014,-3.51882,-2.40273,12.4497,-0.313152,1.00742,-0.307149,0.7608,0.7902,0.8392,0.08
u133,0.014,18.1678,0.228201,8.09038,-0.828193,0.603166,-0.220664,0.6384,0.7596,0.9616,0.08
u134,0.014,10.2403,15.3815,7.67843,-1.57058,-0.0352908,-0.977838,0.6362,0.759,0.9638,0.08
u135,0.014,-5.02156,-11.3048,0.75909,0.50052,-1.08856,0.543865,0.7747,0.7937,0.8253,0.08
u136,0.014,13.9612,-6.45827,-2.62469,-1.82784,-0.765906,-0.850769,0.7163,0.7791,0.8837,0.08
u137,0.014,1.59732,-14.9463,-0.705113,-0.109038,-0.0456342,-0.0194624,0.7264,0.7816,0.8736,0.08
u138,0.014,-3.5211,-21.2193,0.520246,0.907001,-1.48153,1.01121,0.6088,0.7522,0.9912,0.08
u139,0.014,-19.8125,-4.38494,-1.86633,0.411125,0.0289628,-0.934974,0.6295,0.7574,0.9705,0.08
u140,0.014,6.2279,-6.7461,-7.12616,-0.469635,0.0634489,0.502367,0.7887,0.7972,0.8113,0.08
u141,0.014,-0.844537,2.82914,14.646,-0.552622,-0.769038,0.690592,0.7284,0.7821,0.8716,0.08
u142,0.014,-3.61432,-5.60673,12.1571,-0.217159,0.638505,0.705336,0.7479,0.787,0.8521,0.08
u143,0.014,-19.8522,5.53594,-2.01645,0.233447,-1.42229,-0.247555,0.6235,0.7559,0.9765,0.08
u144,0.014,9.6694,-16.0731,0.965447,1.68411,0.287037,0.0305496,0.6585,0.7646,0.9415,0.08
u145,0.014,11.9033,8.95426,-0.590338,-1.03882,0.677444,1.24994,0.729,0.7822,0.871,0.08
u146,0.014,-17.6254,-0.214321,1.88791,1.14195,0.0055223,0.212238,0.6777,0.7694,0.9223,0.08
u147,0.014,-9.54046,-0.858593,-11.4279,-0.291766,-0.214894,-0.371315,0.7289,0.7822,0.8711,0.08
u148,0.014,7.2506,-15.9062,-4.1267,1.13377,-0.312653,0.284071,0.6734,0.7684,0.9266,0.08
u149,0.014,3.79056,2.22471,-9.61023,-0.0720389,0.676816,-0.69268,0.8079,0.802,0.7921,0.08
u150,0.014,-1.8371,0.898849,-0.715758,-0.184796,0.255731,0.123587,0.9606,0.8402,0.6394,0.08
u151,0.014,12.9164,-9.58767,0.863013,1.04044,0.707442,-0.288538,0.7071,0.7768,0.8929,0.08
u152,0.014,-9.76889,-2.74195,2.24858,0.9758,-0.708399,0.858137,0.811,0.8028,0.789,0.08
u153,0.014,-4.95062,0.527325,-0.114485,-0.0791983,-0.12537,0.358838,0.9095,0.8274,0.6905,0.08
u154,0.014,4.64796,-5.38595,-11.706,1.0882,1.43541,-0.190526,0.7509,0.7877,0.8491,0.08
u155,0.014,17.4521,-9.37332,-4.21475,0.276016,0.863591,-0.911755,0.6318,0.7579,0.9682,0.08
u156,0.014,-18.5322,-5.76565,2.10745,0.922896,-0.781014,1.4377,0.645,0.7613,0.955,0.08
u157,0.014,-14.0935,3.48105,-0.402711,-0.934748,-2.07772,-0.470219,0.736,0.784,0.864,0.08
u158,0.014,-0.619776,5.0253,2.76221,-0.661291,0.337899,0.397397,0.8951,0.8238,0.7049,0.08
u159,0.014,-4.80005,-7.7898,1.70463,0.629936,0.376905,-1.52089,0.8308,0.8077,0.7692,0.08
u160,0.014,13.1668,-10.581,1.82561,0.539009,1.72294,-1.04477,0.6911,0.7728,0.9089,0.08
u161,0.014,-11.2501,-1.69446,-1.25322,0.920298,-0.655736,0.230567,0.7919,0.798,0.8081,0.08
u162,0.014,7.87776,5.77713,10.3017,0.987157,-0.299176,-0.498982,0.7419,0.7855,0.8581,0.08
u163,0.014,16.4277,2.98588,8.06379,-0.53753,1.59079,-1.33543,0.6629,0.7657,0.9371,0.08
u164,0.014,13.3864,5.0881,7.71004,0.202115,0.0251453,-0.616436,0.7043,0.7761,0.8957,0.08
u165,0.014,17.0892,9.95637,-2.99617,-1.45575,-0.483585,-0.464709,0.6363,0.7591,0.9637,0.08
u166,0.014,15.6154,5.87348,-6.20233,0.419222,0.564905,1.11402,0.6764,0.7691,0.9236,0.08
u167,0.014,-15.1108,5.99196,-1.81717,0.358407,-0.827142,-0.0289657,0.7026,0.7757,0.8974,0.08
u168,0.014,-8.97986,13.9712,-1.36055,-0.680312,-0.293429,1.20004,0.697,0.7743,0.903,0.08
u169,0.014,-6.43775,18.0587,-7.53171,-0.00619542,-2.31863,0.329977,0.6255,0.7564,0.9745,0.08
u170,0.014,4.38431,12.7846,-1.4852,-0.725327,0.81315,1.22854,0.7528,0.7882,0.8472,0.08
u171,0.014,-10.3169,5.20242,2.66061,-1.79499,0.361499,-0.483328,0.7844,0.7961,0.8156,0.08
u172,0.014,11.3994,-2.15951,-8.78649,1.21122,1.06714,0.925418,0.7354,0.7838,0.8646,0.08
u173,0.014,-4.13396,-7.37936,-3.06888,0.652614,0.394804,0.41116,0.8364,0.8091,0.7636,0.08
u174,0.014,-4.56875,-4.90611,-6.97553,1.08469,0.102176,0.801202,0.8241,0.806,0.7759,0.08
u175,0.014,4.37567,16.5798,-4.00716,-1.11259,-0.500222,-0.829538,0.6798,0.77,0.9202,0.08
u176,0.014,0.828316,-10.0485,-8.17325,0.636343,0.0975956,-0.500436,0.764,0.791,0.836,0.08
u177,0.014,-1.93622,-1.38445,8.36529,-0.61401,-2.01299,0.695333,0.8419,0.8105,0.7581,0.08
u178,0.014,11.6696,-12.2354,-0.644441,-0.009359,0.280133,0.181903,0.6924,0.7731,0.9076,0.08
u179,0.014,3.24431,11.3911,10.9609,-0.058965,0.838652,-0.0308079,0.7066,0.7766,0.8934,0.08
u180,0.014,-7.29575,4.0444,-1.72462,-0.123,0.224254,-0.371573,0.8451,0.8113,0.7549,0.08
u181,0.014,2.84436,-4.08509,6.64388,-0.391138,-0.937188,1.65145,0.8491,0.8123,0.7509,0.08
u182,0.014,7.90706,14.0159,7.48746,-1.8811,1.80419,0.999215,0.6773,0.7693,0.9227,0.08
u183,0.014,-8.31087,8.5682,2.827,-1.42348,0.0678743,1.05749,0.777,0.7942,0.823,0.08
u184,0.014,-17.0866,10.5468,-0.738457,-0.245472,-1.41334,0.581096,0.6347,0.7587,0.9653,0.08
u185,0.014,2.9887,-8.6487,-2.39013,0.425992,0.722239,-0.345447,0.828,0.807,0.772,0.08
u186,0.014,-0.206363,9.80207,14.1601,-0.0475488,1.28965,-0.716869,0.6869,0.7717,0.9131,0.08
u187,0.014,-11.2815,5.3563,12.07,-0.56103,-1.02918,-0.693356,0.6842,0.7711,0.9158,0.08
u188,0.014,-2.05766,-17.9305,6.64275,3.02561,-0.224639,-0.0819197,0.6503,0.7626,0.9497,0.08
u189,0.014,-4.81726,19.2379,-2.2961,-0.441407,-0.954693,0.797994,0.637,0.7593,0.963,0.08
u190,0.014,8.68938,3.84771,3.70773,0.536059,0.127528,-0.0575086,0.8145,0.8036,0.7855,0.08
u191,0.014,-12.8205,4.0713,6.40073,0.49386,-1.02643,0.124012,0.7292,0.7823,0.8708,0.08
u192,0.014,4.36919,-11.5572,5.3266,-0.978247,0.470416,0.844091,0.7554,0.7888,0.8446,0.08
u193,0.014,-4.61473,19.9656,2.74531,-0.424557,0.189963,0.596384,0.6241,0.756,0.9759,0.08
u194,0.014,-13.5288,-10.6514,-8.17151,0.704974,-1.85121,-0.45417,0.6535,0.7634,0.9465,0.08
u195,0.014,10.5541,0.527727,5.1199,-0.0680611,1.11463,1.52939,0.7865,0.7966,0.8135,0.08
u196,0.014,7.30441,-5.47941,2.4077,1.47552,0.774711,1.75088,0.8283,0.8071,0.7717,0.08
u197,0.014,14.0764,15.5187,-0.723647,-1.36829,1.3617,1.82363,0.6188,0.7547,0.9812,0.08
u198,0.014,-1.48703,5.63627,4.22828,-1.81862,0.856969,-0.473155,0.8691,0.8173,0.7309,0.08
u199,0.014,-3.5644,4.65997,-12.3273,0.311429,2.12412,1.11853,0.7518,0.7879,0.8482,0.08
u200,0.014,-4.50405,-9.35321,-0.637156,1.56492,0.22093,0.584446,0.8109,0.8027,0.7891,0.08
u201,0.014,-16.8798,5.62282,3.54917,-0.383651,-1.34925,0.249162,0.6701,0.7675,0.9299,0.08
u202,0.014,-11.272,-12.0856,2.55437,1.61084,-0.134229,0.0718166,0.696,0.774,0.904,0.08
u203,0.014,-6.89527,12.6893,1.11079,-0.135757,0.533351,-0.778822,0.7366,0.7842,0.8634,0.08
u204,0.014,-4.29798,-2.01459,-13.1439,-0.722951,0.549533,-0.626859,0.7459,0.7865,0.8541,0.08
u205,0.014,15.2114,2.9775,11.4068,0.00272285,1.05596,0.461093,0.6501,0.7625,0.9499,0.08
u206,0.014,-13.8596,5.05563,8.63314,-0.325433,0.54645,-0.377305,0.6892,0.7723,0.9108,0.08
u207,0.014,13.2631,10.8677,-2.33625,1.5296,0.384506,-0.996384,0.6854,0.7713,0.9146,0.08
u208,0.014,0.868439,-7.89912,-0.0104892,1.05316,0.427546,-0.328716,0.8555,0.8139,0.7445,0.08
u209,0.014,7.03675,8.54708,8.94047,-1.50907,1.451,-0.691884,0.7413,0.7853,0.8587,0.08
u210,0.014,-14.6564,-0.814804,-0.695996,-0.352219,-1.08138,-0.234186,0.7328,0.7832,0.8672,0.08
u211,0.014,-15.3145,9.38253,-7.70726,-0.187377,-1.26057,0.388249,0.6447,0.7612,0.9553,0.08
u212,0.014,-15.5868,-7.74396,-6.70043,0.305309,-0.825455,-0.549679,0.6609,0.7652,0.9391,0.08
u213,0.014,5.24605,2.98205,-0.339706,-0.686472,0.433881,-1.32101,0.8901,0.8225,0.7099,0.08
u214,0.014,-8.10273,-6.7647,2.12273,0.0588702,-0.784996,-0.124369,0.8042,0.8011,0.7958,0.08
u215,0.014,-12.3896,1.21907,-11.6022,-0.710702,-1.92478,1.6541,0.6906,0.7726,0.9094,0.08
u216,0.014,-1.62728,-3.0321,-13.0875,-0.543539,0.712358,-0.0608196,0.754,0.7885,0.846,0.08
u217,0.014,-12.8483,13.0452,1.42034,-1.16155,-2.0054,1.59208,0.6661,0.7665,0.9339,0.08
u218,0.014,3.43361,-14.6904,-8.15938,0.461847,-0.169564,-2.07775,0.6882,0.772,0.9118,0.08
u219,0.014,17.0709,8.04988,0.71618,0.0307641,1.03044,0.488697,0.6566,0.7641,0.9434,0.08
u220,0.014,11.5499,-9.21325,-4.98512,0.855015,1.45672,1.15263,0.7165,0.7791,0.8835,0.08
u221,0.014,8.00265,-14.9527,3.73138,0.819253,-1.16274,0.742881,0.6843,0.7711,0.9157,0.08
u222,0.014,5.68615,-7.64513,-11.3187,0.307915,-0.442715,-0.623097,0.731,0.7827,0.869,0.08
u223,0.014,1.66171,-10.739,-12.2464,1.65427,-0.377402,0.220524,0.7023,0.7756,0.8977,0.08
u224,0.014,8.04333,16.5948,4.61158,-0.558282,1.28525,0.380601,0.6544,0.7636,0.9456,0.08
u225,0.014,-3.43082,17.5935,-2.43301,-1.92706,-0.977373,0.701082,0.6711,0.7678,0.9289,0.08
u226,0.014,9.98286,-8.55586,-8.29194,0.842115,0.0190515,-0.112975,0.7174,0.7793,0.8826,0.08
u227,0.014,19.4862,-4.86047,-2.11549,0.876097,0.92432,0.92658,0.6328,0.7582,0.9672,0.08
u228,0.014,10.3128,2.30204,-13.2049,-0.16802,0.163481,-0.385652,0.6925,0.7731,0.9075,0.08
u229,0.014,4.83294,13.4664,3.80404,-0.440543,1.10431,-0.117704,0.7308,0.7827,0.8692,0.08
u230,0.014,14.8041,9.16732,-4.20823,-0.884507,-0.453685,0.990119,0.6743,0.7686,0.9257,0.08
u231,0.014,2.31768,-19.8883,0.106073,2.12344,-2.1671,-0.715262,0.6359,0.759,0.9641,0.08
u232,0.014,6.50855,5.98228,-8.74462,0.894062,-0.313287,1.55844,0.7739,0.7935,0.8261,0.08
u233,0.014,-7.94898,8.17622,11.0492,-0.878404,-1.67441,0.299265,0.7113,0.7778,0.8887,0.08
u234,0.014,-18.3719,-2.41374,1.0403,0.734046,-0.876105,-0.0637015,0.6626,0.7656,0.9374,0.08
u235,0.014,13.303,1.48046,9.81851,2.06772,2.0899,0.0617068,0.6982,0.7745,0.9018,0.08
u236,0.014,-1.28093,14.8179,-2.25171,-0.270952,-1.60932,-0.653947,0.7265,0.7816,0.8735,0.08
u237,0.014,-9.01927,10.1568,3.17649,1.14293,-0.154952,0.671127,0.7464,0.7866,0.8536,0.08
u238,0.014,12.9119,2.79536,-1.8825,-1.20375,1.04831,0.355724,0.7574,0.7893,0.8426,0.08
u239,0.014,13.0892,-12.166,6.88516,0.588607,0.72586,-0.933534,0.6518,0.763,0.9482,0.08
u240,0.014,-4.8816,2.17766,15.8039,1.15875,-2.02785,-1.65683,0.6967,0.7742,0.9033,0.08
u241,0.014,12.1699,-13.1376,6.90756,-0.107359,-0.04036,-0.454878,0.651,0.7628,0.949,0.08
u242,0.014,-2.96459,10.9267,-12.2131,-1.65573,-0.205064,-1.14802,0.6972,0.7743,0.9028,0.08
u243,0.014,10.8988,10.143,2.38408,-0.640739,0.592843,-0.950362,0.7259,0.7815,0.8741,0.08
u244,0.014,15.3545,-12.7053,5.83305,0.635777,-0.928401,-0.766411,0.6224,0.7556,0.9776,0.08
u245,0.014,-15.5965,-5.91821,4.70938,-1.23756,0.744852,-0.575727,0.6848,0.7712,0.9152,0.08
u246,0.014,0.532479,0.551299,-13.0379,0.064083,-0.609241,0.103547,0.7625,0.7906,0.8375,0.08
u247,0.014,-4.57927,-11.3206,6.98822,1.66879,-0.149426,-0.0660351,0.7442,0.786,0.8558,0.08
u248,0.014,-9.82551,-1.64759,13.2216,-0.820179,-1.92246,-0.147484,0.699,0.7748,0.901,0.08
u249,0.014,20.3725,-2.11642,2.6905,0.483721,1.70047,-1.21078,0.6244,0.7561,0.9756,0.08
u250,0.014,-9.46839,-11.7806,8.86354,1.88592,-2.80146,0.641709,0.6814,0.7704,0.9186,0.08
u251,0.014,4.89385,-7.50685,4.18026,0.9123,-0.0114055,-1.04531,0.8202,0.8051,0.7798,0.08
u252,0.014,3.18127,-3.11549,0.207292,-0.228237,1.0752,0.210083,0.919,0.8297,0.681,0.08
u253,0.014,-7.48591,7.3037,9.81315,0.848128,0.466037,0.414511,0.7392,0.7848,0.8608,0.08
u254,0.014,7.79638,-0.492549,15.0231,0.705913,3.08877,-0.217913,0.6921,0.773,0.9079,0.08
u255,0.014,8.21517,-1.49728,15.091,-0.231375,1.98314,1.04426,0.6864,0.7716,0.9136,0.08
u256,0.014,6.02012,-13.4946,5.20043,0.658478,0.263765,-0.582951,0.7152,0.7788,0.8848,0.08
u257,0.014,3.6902,-15.4611,-9.98675,0.768961,0.0152007,-0.712029,0.6587,0.7647,0.9413,0.08
u258,0.014,3.86622,-7.03703,14.9799,-0.343792,1.42927,-0.0815672,0.691,0.7727,0.909,0.08
u259,0.014,8.06857,-4.72613,-10.0463,-0.343683,-0.281503,0.185728,0.7505,0.7876,0.8495,0.08
u260,0.014,7.52276,-7.43536,-12.5769,0.0368418,0.0496669,-0.229351,0.7012,0.7753,0.8988,0.08
u261,0.014,-0.55885,-9.15116,9.64295,0.31793,-0.133027,0.190259,0.7581,0.7895,0.8419,0.08
u262,0.014,-11.3069,-6.29486,-4.35123,-0.506037,-2.88487,2.2777,0.7518,0.7879,0.8482,0.08
u263,0.014,-20.3831,-3.91278,-0.981304,0.81581,-0.276559,0.38669,0.6222,0.7556,0.9778,0.08
u264,0.014,2.79844,13.1701,9.87345,-0.302932,0.460616,-0.598292,0.6964,0.7741,0.9036,0.08
u265,0.014,7.15757,-17.8973,4.45063,0.724871,-0.969064,0.189545,0.6403,0.7601,0.9597,0.08
u266,0.014,12.5706,15.0805,-5.77738,-1.56235,0.972887,0.420764,0.6279,0.757,0.9721,0.08
u267,0.014,6.87347,5.8221,-4.46563,-0.582032,0.1071,0.831807,0.8172,0.8043,0.7828,0.08
u268,0.014,-10.7065,-5.73246,10.2722,-0.106055,0.0797978,0.598578,0.7108,0.7777,0.8892,0.08
u269,0.014,9.05048,-3.13703,-0.00916096,0.768543,-0.565586,0.0826465,0.8258,0.8065,0.7742,0.08
u270,0.014,13.2884,-8.28901,9.68832,0.47844,1.13453,-2.05608,0.6652,0.7663,0.9348,0.08
u271,0.014,3.36857,4.42667,-7.82585,1.07746,0.273329,-0.200004,0.8254,0.8064,0.7746,0.08
u272,0.014,0.860138,8.54836,10.7187,-1.09723,0.519162,-0.819907,0.7502,0.7876,0.8498,0.08
u273,0.014,2.76346,-13.9154,6.12651,-0.586402,0.775089,0.866734,0.719,0.7798,0.881,0.08
u274,0.014,-2.79736,-1.07257,-11.1015,0.452628,0.203722,1.0772,0.7909,0.7977,0.8091,0.08
u275,0.014,8.17815,11.216,10.4906,-0.0393409,-0.583421,-0.621918,0.6836,0.7709,0.9164,0.08
u276,0.014,16.9163,0.479946,5.02814,-0.658511,1.10341,-0.266248,0.679,0.7698,0.921,0.08
u277,0.014,-9.41284,2.62503,-0.297147,-0.0563343,-2.17273,-0.44985,0.8222,0.8056,0.7778,0.08
u278,0.014,7.05029,14.5462,8.16059,-0.416935,0.418335,0.870639,0.6708,0.7677,0.9292,0.08
u279,0.014,3.38454,-19.6673,-6.8925,0.997467,-0.574823,0.437168,0.6161,0.754,0.9839,0.08
u280,0.014,0.143855,-7.74207,7.9415,0.288592,0.85308,0.484436,0.7983,0.7996,0.8017,0.08
u281,0.014,-14.2171,-1.71459,-1.5494,-0.62781,-1.35137,0.134928,0.7381,0.7845,0.8619,0.08
u282,0.014,-0.228006,17.8702,-7.89125,-2.33901,0.533652,-0.208905,0.6448,0.7612,0.9552,0.08
u283,0.014,-8.00446,-1.40348,9.08939,-0.558029,0.426588,0.289573,0.7783,0.7946,0.8217,0.08
u284,0.014,-15.7397,5.05215,0.00406437,-2.05899,-0.274474,-0.463418,0.6994,0.7749,0.9006,0.08
u285,0.014,0.987918,13.0049,-12.0011,-0.808066,0.186421,-0.448796,0.6778,0.7694,0.9222,0.08
u286,0.014,-4.35364,9.66034,6.84564,-0.474718,-0.866091,-0.0393818,0.7706,0.7927,0.8294,0.08
u287,0.014,-13.3815,-0.32157,4.80063,0.0328916,-0.488362,-0.0778172,0.7415,0.7854,0.8585,0.08
u288,0.014,-4.96353,9.55835,1.41071,0.0636606,-0.21906,-0.7895,0.8025,0.8006,0.7975,0.08
u289,0.014,-4.33755,-8.55297,-0.925648,-1.55176,0.863272,-1.15843,0.8248,0.8062,0.7752,0.08
u290,0.014,5.98301,-15.6488,2.7269,0.96235,0.706529,0.646438,0.6914,0.7728,0.9086,0.08
u291,0.014,-10.4496,2.49235,-4.5882,1.1245,0.697127,-0.132705,0.7876,0.7969,0.8124,0.08
u292,0.014,-14.4958,-0.900309,4.91252,0.00191483,-1.02392,0.13413,0.7212,0.7803,0.8788,0.08
u293,0.014,-12.0521,-3.31545,1.58307,-0.0841494,-1.25025,0.644447,0.7709,0.7927,0.8291,0.08
u294,0.014,-5.31049,8.77307,4.88785,-0.546724,0.060063,2.12726,0.7934,0.7984,0.8066,0.08
u295,0.014,-17.33,2.43176,-4.55002,0.620942,-0.913092,-0.126983,0.6712,0.7678,0.9288,0.08
u296,0.014,-1.16356,8.18741,14.1996,-0.261577,1.19097,0.155039,0.7012,0.7753,0.8988,0.08
u297,0.014,-1.29061,17.7966,9.58834,-0.611028,-1.25345,0.200453,0.6317,0.7579,0.9683,0.08
u298,0.014,7.67531,6.77392,11.8832,-0.651922,0.916551,-0.595242,0.7148,0.7787,0.8852,0.08
u299,0.014,-10.8062,11.4437,-5.0639,-1.01809,-1.49048,0.837383,0.6994,0.7748,0.9006,0.08
u300,0.014,5.08332,10.6478,5.57532,-0.207804,0.84631,-0.336412,0.7627,0.7907,0.8373,0.08
u301,0.014,12.2567,-12.7077,-6.87322,0.885992,1.99734,-0.528954,0.6555,0.7639,0.9445,0.08
u302,0.014,-13.7432,-1.82222,9.27223,-0.363111,-1.10012,-0.820771,0.6968,0.7742,0.9032,0.08
u303,0.014,11.0701,10.6286,8.95773,-0.247902,0.220235,-0.835825,0.6769,0.7692,0.9231,0.08
u304,0.014,1.47722,10.7159,13.2168,-0.544162,-0.00495458,-0.750027,0.6895,0.7724,0.9105,0.08
u305,0.014,11.7402,13.5667,-1.39243,-0.844057,0.396903,-0.149191,0.6728,0.7682,0.9272,0.08
u306,0.014,-6.02052,-8.87591,7.37838,0.122364,-0.344958,-0.164102,0.7633,0.7908,0.8367,0.08
u307,0.014,0.682354,-12.6967,10.5431,1.78927,-0.404578,0.718587,0.6997,0.7749,0.9003,0.08
u308,0.014,-10.7584,-7.44916,2.14294,-0.403742,-0.972779,0.330781,0.7589,0.7897,0.8411,0.08
u309,0.014,-11.2866,-15.6043,-1.93473,1.5397,-0.898706,-0.204003,0.6481,0.762,0.9519,0.08
u310,0.014,8.84992,-5.63443,6.36839,1.2196,0.899601,-0.739676,0.7769,0.7942,0.8231,0.08
u311,0.014,0.513858,2.37173,16.3504,0.3447,-0.229919,0.531819,0.6995,0.7749,0.9005,0.08
u312,0.014,-3.86981,0.00352434,-9.58173,0.383128,-1.03136,-0.413017,0.8121,0.803,0.7879,0.08
u313,0.014,15.7707,-10.3533,-5.07654,-0.600581,1.76748,-0.195597,0.6448,0.7612,0.9552,0.08
u314,0.014,0.749833,16.9123,-0.519101,-0.441721,-1.56886,-0.0908887,0.6921,0.773,0.9079,0.08
u315,0.014,-14.3218,-11.0921,-1.46298,0.122631,0.318773,0.806668,0.6696,0.7674,0.9304,0.08
u316,0.014,-1.84751,-0.0423943,1.16607,0.277716,-0.808564,0.971351,0.9603,0.8401,0.6397,0.08
u317,0.014,-3.17427,18.4572,0.60951,0.284673,-0.980168,-0.753791,0.6593,0.7648,0.9407,0.08
u318,0.014,1.83736,-1.71494,-0.968975,-0.111007,0.811744,-0.045769,0.951,0.8378,0.649,0.08
u319,0.014,9.76992,3.57476,6.33338,0.72733,1.12477,2.62355,0.7786,0.7946,0.8214,0.08
u320,0.014,-2.86157,8.5967,-5.51525,2.02541,-0.286701,-0.552083,0.8071,0.8018,0.7929,0.08
u321,0.014,-9.40092,-9.03734,3.43341,0.156331,-1.77909,0.691065,0.7548,0.7887,0.8452,0.08
u322,0.014,-1.52531,6.91816,-5.4355,-0.359983,0.127628,-0.243995,0.8376,0.8094,0.7624,0.08
u323,0.014,5.96929,-8.8216,-8.3135,1.00876,0.513555,0.87256,0.7543,0.7886,0.8457,0.08
u324,0.014,-3.79032,6.54281,-7.11913,-1.97038,0.261391,-1.4425,0.8112,0.8028,0.7888,0.08
u325,0.014,-12.7729,8.73525,-0.27909,0.361637,-0.0480893,-0.870083,0.7186,0.7797,0.8814,0.08
u326,0.014,-4.61592,-18.5867,6.4995,0.608235,0.869724,-0.997221,0.6323,0.7581,0.9677,0.08
u327,0.014,-5.4248,-6.43987,-5.73859,0.265417,-0.109957,-0.294173,0.8147,0.8037,0.7853,0.08
u328,0.014,1.77296,-2.95718,-15.1304,1.56016,-0.622084,-0.62628,0.7178,0.7795,0.8822,0.08
u329,0.014,-14.2735,0.0660673,-11.3415,-0.54482,-1.09834,-0.960866,0.6685,0.7671,0.9315,0.08
u330,0.014,-9.39143,16.8708,-5.66483,-0.545363,-0.391326,0.232027,0.6341,0.7585,0.9659,0.08
u331,0.014,13.8376,1.77734,12.1126,1.13379,-0.71697,0.364811,0.6641,0.766,0.9359,0.08
u332,0.014,11.204,-14.6262,8.11114,1.24933,0.297893,-0.744099,0.634,0.7585,0.966,0.08
u333,0.014,-2.79493,-9.10888,9.49239,0.805473,1.10617,-0.593506,0.7555,0.7889,0.8445,0.08
u334,0.014,8.90663,12.223,-10.357,-0.0574478,1.18933,-0.14626,0.6667,0.7667,0.9333,0.08
u335,0.014,-0.742847,2.68568,10.9283,0.00100064,-0.352499,0.129829,0.7949,0.7987,0.8051,0.08
u336,0.014,10.7087,-4.1052,5.47266,0.294702,1.13635,-0.498269,0.769,0.7922,0.831,0.08
u337,0.014,8.98625,-0.865099,-5.20994,-0.540446,-0.0223281,0.246548,0.8105,0.8026,0.7895,0.08
u338,0.014,-2.07169,6.34993,8.81441,0.372605,0.149866,-0.417377,0.7989,0.7997,0.8011,0.08
u339,0.014,12.1418,-12.2924,4.48894,1.2951,0.857132,-0.453236,0.6754,0.7689,0.9246,0.08
u340,0.014,-6.8468,18.6766,-1.71065,-0.351776,-0.733051,0.330966,0.637,0.7592,0.963,0.08
u341,0.014,-7.13895,17.9626,0.69985,-0.381268,-0.558943,-1.2783,0.6483,0.7621,0.9517,0.08
u342,0.014,-12.191,3.46928,-1.65435,0.615705,-1.09566,0.379171,0.7676,0.7919,0.8324,0.08
u343,0.014,-3.71496,20.7269,1.23542,-0.975487,0.562233,-0.222427,0.6165,0.7541,0.9835,0.08
u344,0.014,3.68638,6.0558,12.0195,-1.28045,0.895991,0.0891792,0.7463,0.7866,0.8537,0.08
u345,0.014,12.6179,16.4452,-3.95625,-0.0243248,2.79238,0.13687,0.6163,0.7541,0.9837,0.08
u346,0.014,-9.74435,7.53294,13.1266,-0.410207,-1.3869,-0.013862,0.6727,0.7682,0.9273,0.08
u347,0.014,9.31372,5.43839,-14.1717,-0.847772,0.229529,-0.631574,0.6762,0.7691,0.9238,0.08
u348,0.014,4.50066,-6.50103,-1.14692,0.260468,0.0446747,-0.471507,0.8547,0.8137,0.7453,0.08
u349,0.014,-14.886,7.80517,-7.86158,-1.13789,-1.38096,1.47208,0.6626,0.7657,0.9374,0.08
u350,0.014,7.80952,-9.72191,-11.2312,0.353387,1.355,1.04753,0.6949,0.7737,0.9051,0.08
u351,0.014,9.73899,0.2004,-13.4931,0.14903,0.529341,-0.463064,0.6974,0.7744,0.9026,0.08
u352,0.014,-12.1508,-6.34244,1.64088,1.98276,-0.0503769,-2.82687,0.749,0.7873,0.851,0.08
u353,0.014,-5.89709,-12.3878,-1.41787,-0.24242,-0.014955,-0.470779,0.7492,0.7873,0.8508,0.08
u354,0.014,-2.20652,-14.7092,8.80924,1.41724,0.200344,-0.835426,0.6857,0.7714,0.9143,0.08
u355,0.014,7.04221,-5.804,6.49564,1.07446,-1.18786,-0.870216,0.7963,0.7991,0.8037,0.08
u356,0.014,-6.44806,-0.235954,2.25542,-0.600139,-0.849756,-1.18247,0.8757,0.8189,0.7243,0.08
u357,0.014,-7.73475,6.53568,6.21485,0.956642,-1.21037,0.699766,0.784,0.796,0.816,0.08
u358,0.014,5.78782,-2.50314,-6.58804,-1.02403,1.61417,0.950723,0.8342,0.8085,0.7658,0.08
u359,0.014,2.60263,5.46769,14.588,-1.78354,-0.0289186,-0.409809,0.7128,0.7782,0.8872,0.08
u360,0.014,12.0402,6.39046,0.020581,-0.278888,0.298108,-0.219963,0.7522,0.788,0.8478,0.08
u361,0.014,-8.82775,17.9378,-0.282941,-1.22878,-0.634841,-0.708303,0.6365,0.7591,0.9635,0.08
u362,0.014,7.25169,-1.16229,-3.77133,-0.404795,-0.0788293,0.293698,0.8499,0.8125,0.7501,0.08
u363,0.014,-13.7037,10.0664,6.04567,0.43486,-0.6398,1.33312,0.6719,0.768,0.9281,0.08
u364,0.014,16.6343,-9.42784,7.81389,0.745745,1.35079,0.087076,0.6244,0.7561,0.9756,0.08
u365,0.014,-10.9774,-14.2548,7.14613,0.134638,0.223956,-1.60721,0.648,0.762,0.952,0.08
u366,0.014,-6.08531,14.5399,-11.0627,-1.47035,-0.214719,-1.18717,0.6499,0.7625,0.9501,0.08
u367,0.014,-9.57822,13.9612,3.55681,-1.26256,-0.502384,0.450574,0.6854,0.7714,0.9146,0.08
u368,0.014,11.754,5.43016,6.33285,0.405979,0.0567279,-0.460918,0.7379,0.7845,0.8621,0.08
u369,0.014,1.98157,1.24484,-14.1822,0.204417,-0.522741,0.588041,0.7387,0.7847,0.8613,0.08
u370,0.014,3.18028,7.74842,12.1724,0.0694332,0.2724,-0.259919,0.7314,0.7828,0.8686,0.08
u371,0.014,-4.72758,2.70987,10.4491,-0.617592,-0.00327734,0.866797,0.7857,0.7964,0.8143,0.08
u372,0.014,6.82856,8.39439,13.2631,-0.0886095,0.577865,-1.41097,0.6888,0.7722,0.9112,0.08
u373,0.014,-9.21526,-7.87338,12.1047,0.351465,0.54026,0.862196,0.6885,0.7721,0.9115,0.08
u374,0.014,-5.81329,-20.7761,-0.22794,1.03341,0.706813,0.0957156,0.6077,0.7519,0.9923,0.08
u375,0.014,14.3606,-0.179015,-5.05717,-0.750474,0.514534,-0.75045,0.7232,0.7808,0.8768,0.08
u376,0.014,15.8252,-1.79387,-9.03891,0.731245,-0.42706,0.212569,0.667,0.7668,0.933,0.08
u377,0.014,0.168454,-18.6195,5.02666,1.7669,0.836139,-1.09808,0.6493,0.7623,0.9507,0.08
u378,0.014,-4.44676,-1.68711,-16.0491,-0.474965,-0.605273,1.42246,0.6957,0.7739,0.9043,0.08
u379,0.014,20.5853,-4.52262,3.45167,-0.620016,1.35298,-0.345734,0.6117,0.7529,0.9883,0.08
u380,0.014,11.6982,-12.3992,-1.27999,1.03126,0.676455,-0.424373,0.6892,0.7723,0.9108,0.08
u381,0.014,-3.48233,-11.0155,-9.36531,-0.351191,-0.135023,0.202754,0.7296,0.7824,0.8704,0.08
u382,0.014,11.116,-7.14361,1.13905,-0.312616,0.612482,-0.427258,0.7589,0.7897,0.8411,0.08
u383,0.014,2.29061,5.41425,4.98599,-1.48618,0.149343,0.751389,0.8598,0.815,0.7402,0.08
u384,0.014,10.2172,14.9921,-0.234712,0.244778,1.79245,-0.472263,0.6701,0.7675,0.9299,0.08
u385,0.014,8.4679,8.17946,1.66352,0.504493,0.0880056,0.568081,0.7838,0.796,0.8162,0.08
u386,0.014,0.852731,-14.7359,8.2827,-0.177236,0.497017,0.88154,0.6923,0.7731,0.9077,0.08
u387,0.014,-0.482281,-4.55931,2.06555,-0.332961,-0.333665,-0.349825,0.9086,0.8271,0.6914,0.08
u388,0.014,-11.643,-10.7652,-4.48496,0.228961,0.20607,0.307842,0.7004,0.7751,0.8996,0.08
u389,0.014,-4.71263,-0.391874,-13.5849,-0.936141,0.33817,0.143789,0.7385,0.7846,0.8615,0.08
u390,0.014,-1.87579,-6.81088,-10.9343,-0.434767,0.20162,0.56546,0.7633,0.7908,0.8367,0.08
u391,0.014,-8.71598,0.566324,-12.84,0.514138,-0.345316,-0.62729,0.7177,0.7794,0.8823,0.08
u392,0.014,-18.5033,-2.66586,1.45365,-0.214814,-2.21885,-0.510265,0.6591,0.7648,0.9409,0.08
u393,0.014,-7.35471,-7.04945,4.30955,-1.31543,-0.940351,0.532786,0.7989,0.7997,0.8011,0.08
u394,0.014,-10.639,10.6268,0.0256156,-0.528433,0.44028,-0.0558337,0.7266,0.7816,0.8734,0.08
u395,0.014,15.2944,-6.41642,-2.96104,1.94965,0.690504,0.0510664,0.6937,0.7734,0.9063,0.08
u396,0.014,-0.152107,-15.4072,-9.22197,-0.683118,-0.219726,-0.645772,0.6735,0.7684,0.9265,0.08
u397,0.014,-12.863,13.1051,-8.85212,-0.55964,-1.64872,1.08044,0.6294,0.7573,0.9706,0.08
u398,0.014,3.23782,-4.11895,13.8178,-0.455668,0.967476,0.776928,0.7313,0.7828,0.8687,0.08
u399,0.014,8.49963,-10.5766,12.9225,0.909156,0.462875,-0.162373,0.6593,0.7648,0.9407,0.08
u400,0.014,-9.89584,1.21837,-8.18804,-0.295385,1.15998,1.47924,0.7654,0.7914,0.8346,0.08
u401,0.014,-0.571376,3.09815,7.01343,-0.527723,-1.53898,-0.785948,0.8602,0.8151,0.7398,0.08
u402,0.014,-16.539,13.6972,3.09929,-1.12612,-0.315561,-0.00637423,0.6055,0.7514,0.9945,0.08
u403,0.014,10.6427,8.65477,11.3048,-1.32612,0.300267,-0.736949,0.6768,0.7692,0.9232,0.08
u404,0.014,-2.85458,-1.11537,-10.9376,0.186649,-0.141,-1.65287,0.7935,0.7984,0.8065,0.08
u405,0.014,-8.53455,3.51816,9.34415,0.797287,-0.678368,-0.689708,0.7612,0.7903,0.8388,0.08
u406,0.014,-3.99083,-12.6342,-8.97755,1.00406,0.367151,-0.126226,0.709,0.7773,0.891,0.08
u407,0.014,9.611,8.22147,6.05603,-1.55344,0.843352,0.103745,0.745,0.7863,0.855,0.08
u408,0.014,-16.4802,9.33252,-7.1323,-0.986746,-1.60504,1.30049,0.632,0.758,0.968,0.08
u409,0.014,-9.59897,8.74944,11.6552,-0.855676,0.104978,1.15523,0.6827,0.7707,0.9173,0.08
u410,0.014,6.03239,17.1401,-8.40763,-1.20956,-1.08686,0.40237,0.636,0.759,0.964,0.08
u411,0.014,-14.5648,1.53451,-0.928225,-1.77035,-1.2893,0.656739,0.7332,0.7833,0.8668,0.08
u412,0.014,-7.6687,-9.94757,-1.44063,0.422567,-0.758235,0.872287,0.7701,0.7925,0.8299,0.08
u413,0.014,20.2306,7.70597,0.717439,0.102013,0.775277,-0.181355,0.6062,0.7515,0.9938,0.08
u414,0.014,-8.76934,-4.34153,-8.09891,0.143905,-0.786783,0.877534,0.7691,0.7923,0.8309,0.08
u415,0.014,0.212841,-19.3446,2.52656,1.66197,-0.451281,0.536167,0.6453,0.7613,0.9547,0.08
u416,0.014,-12.633,10.1934,8.89739,-1.56764,-0.75812,-0.437295,0.6634,0.7659,0.9366,0.08
u417,0.014,14.9064,10.0324,-1.36979,-1.13192,1.76978,0.370981,0.6724,0.7681,0.9276,0.08
u418,0.014,17.0437,5.83101,-5.25898,0.600051,2.58311,0.767006,0.6588,0.7647,0.9412,0.08
u419,0.014,3.15706,3.76446,3.77866,0.962676,-0.269841,-0.740666,0.8873,0.8218,0.7127,0.08
u420,0.014,14.4736,6.44984,-4.58677,0.325264,1.02269,0.0620166,0.7001,0.775,0.8999,0.08
u421,0.014,-1.21499,14.6065,8.22569,-1.98942,0.0321203,-0.143785,0.6944,0.7736,0.9056,0.08
u422,0.014,-3.65574,9.39815,8.70255,-0.466862,-2.1587,0.035842,0.7578,0.7895,0.8422,0.08
u423,0.014,13.2241,12.9569,6.80794,-0.444128,-0.894994,-0.749994,0.6413,0.7603,0.9587,0.08
u424,0.014,0.653384,-9.98965,-7.54644,1.23978,1.09308,-1.22403,0.7721,0.793,0.8279,0.08
u425,0.014,-1.11003,-9.39853,11.9949,1.01287,0.260017,-0.77185,0.7222,0.7806,0.8778,0.08
u426,0.014,-2.56776,-3.2089,-3.45948,0.00563749,-0.456297,-0.401369,0.9023,0.8256,0.6977,0.08
u427,0.014,-1.02832,-6.5989,11.8504,0.0562093,0.136776,-0.512438,0.7527,0.7882,0.8473,0.08
u428,0.014,-1.69635,12.1121,-7.98896,-0.535028,-1.43632,0.0507876,0.7344,0.7836,0.8656,0.08
u429,0.014,0.65738,-15.5479,-11.6,1.1528,-1.30841,0.300185,0.6471,0.7618,0.9529,0.08
u430,0.014,-5.80378,-16.4936,6.86698,1.28481,1.0385,-2.12592,0.6585,0.7646,0.9415,0.08
u431,0.014,-16.3012,1.44277,-4.78657,-1.15355,-2.0028,0.841254,0.69,0.7725,0.91,0.08
u432,0.014,7.66345,-13.8055,8.2802,0.770744,0.610986,0.486564,0.6758,0.769,0.9242,0.08
u433,0.014,14.2803,10.2674,7.07457,-1.76067,1.72127,0.341933,0.6553,0.7638,0.9447,0.08
u434,0.014,3.69896,-15.7267,-9.64866,1.01285,0.104631,-0.00542909,0.6579,0.7645,0.9421,0.08
u435,0.014,-13.3094,-11.7383,8.63489,0.481193,-1.16929,-1.07409,0.6412,0.7603,0.9588,0.08
u436,0.014,1.64587,13.6707,-9.55211,-0.867531,0.908662,0.0347621,0.6953,0.7738,0.9047,0.08
u437,0.014,-6.15792,-0.577907,1.56503,-0.313858,0.264024,-0.310747,0.884,0.821,0.716,0.08
u438,0.014,-12.3587,-17.5548,0.784238,0.621487,-1.77057,0.0218539,0.6094,0.7523,0.9906,0.08
u439,0.014,5.62468,-8.98513,11.357,-0.805155,-0.148211,0.554062,0.7175,0.7794,0.8825,0.08
u440,0.014,7.29026,1.73269,-9.15889,-0.442972,0.0411105,-0.180091,0.7848,0.7962,0.8152,0.08
u441,0.014,9.38469,5.68652,-1.64003,0.419779,-1.04406,-2.04066,0.7983,0.7996,0.8017,0.08
u442,0.014,4.51153,0.985369,-4.53224,0.329419,1.51688,1.73858,0.8824,0.8206,0.7176,0.08
u443,0.014,4.54213,4.9988,3.53723,1.65966,1.3063,-0.645767,0.8614,0.8153,0.7386,0.08
u444,0.014,0.786791,-12.4215,-9.52951,0.578594,-0.127214,0.568985,0.715,0.7787,0.885,0.08
u445,0.014,-5.53824,3.59278,5.74836,0.776453,1.16483,-0.334291,0.8408,0.8102,0.7592,0.08
u446,0.014,12.2926,7.96115,7.50698,-0.322126,0.726088,-1.56778,0.7008,0.7752,0.8992,0.08
u447,0.014,10.4034,1.05636,4.55058,0.613295,0.629175,-0.840864,0.7927,0.7982,0.8073,0.08
u448,0.014,-1.85932,21.5805,-0.190994,-2.76995,0.208929,0.519086,0.6062,0.7515,0.9938,0.08
u449,0.014,1.40326,-11.149,1.96396,-0.38548,-0.652297,0.894458,0.7926,0.7981,0.8074,0.08
u450,0.014,-13.8513,-15.548,-0.999809,0.991767,-0.3756,-0.843449,0.621,0.7552,0.979,0.08
u451,0.014,-11.3514,7.7882,-6.76644,0.72195,-2.76445,-1.07178,0.7211,0.7803,0.8789,0.08
u452,0.014,-11.9745,4.56357,3.79786,0.360626,-0.960602,0.324142,0.757,0.7892,0.843,0.08
u453,0.014,-7.90306,10.7404,-2.81298,0.466552,-1.53535,0.483907,0.7522,0.7881,0.8478,0.08
u454,0.014,13.4933,-1.41932,-9.76721,-0.205711,0.177463,-0.0224814,0.696,0.774,0.904,0.08
u455,0.014,10.3765,6.89972,-1.28026,-0.85999,0.241536,-1.531,0.7722,0.7931,0.8278,0.08
u456,0.014,-14.5195,10.1074,-7.09233,-1.17864,-0.76981,0.52365,0.6535,0.7634,0.9465,0.08
u457,0.014,-3.25228,-4.77677,9.79929,2.51064,-0.357748,-0.104821,0.7932,0.7983,0.8068,0.08
u458,0.014,-21.5434,2.14348,-2.28388,-0.362072,-2.42976,-0.00789171,0.6042,0.751,0.9958,0.08
u459,0.014,-1.36274,-6.27423,-4.51878,-0.244517,0.268036,-0.13533,0.8572,0.8143,0.7428,0.08
u460,0.014,11.9312,6.90504,-4.43035,0.0208712,0.492008,-0.307716,0.7367,0.7842,0.8633,0.08
u461,0.014,13.8428,9.49399,-2.69059,0.864199,2.24925,-0.3801,0.6909,0.7727,0.9091,0.08
u462,0.014,-10.7826,-0.274667,-9.45753,0.603021,-0.70598,-0.978078,0.7392,0.7848,0.8608,0.08
u463,0.014,1.86209,17.3329,7.92495,-0.510521,-0.948771,0.394498,0.6518,0.763,0.9482,0.08
u464,0.014,18.584,1.74882,-8.69915,-0.678242,1.17036,-0.0218205,0.6256,0.7564,0.9744,0.08
u465,0.014,14.0541,0.356894,3.926,0.228597,-0.1093,-0.0176403,0.7346,0.7837,0.8654,0.08
u466,0.014,0.506176,3.10853,3.02586,-0.474293,-0.571864,0.661728,0.9206,0.8301,0.6794,0.08
u467,0.014,16.4941,-6.23361,0.93686,-1.62245,0.421338,-0.291519,0.679,0.7697,0.921,0.08
u468,0.014,-4.88946,14.192,0.145329,0.198566,0.140137,0.71559,0.7271,0.7818,0.8729,0.08
u469,0.014,-8.34498,5.3635,-3.90189,-0.0688205,0.272015,0.00305393,0.8062,0.8015,0.7938,0.08
u470,0.014,13.3048,-12.6747,-3.22208,-0.207404,1.01948,-0.105967,0.6608,0.7652,0.9392,0.08
u471,0.014,6.91123,16.779,-2.44103,-1.96147,0.517622,0.380318,0.6671,0.7668,0.9329,0.08
u472,0.014,3.28033,7.9455,6.55883,0.634731,0.0308398,-0.826726,0.8034,0.8009,0.7966,0.08
u473,0.014,-16.6046,0.929887,-9.18684,0.485642,-0.765077,0.431551,0.6546,0.7636,0.9454,0.08
u474,0.014,1.92755,9.44455,5.32975,1.04172,0.111657,-0.721558,0.7997,0.7999,0.8003,0.08
u475,0.014,-7.09562,15.6017,-10.1302,-0.8761,-0.757364,-0.0460773,0.638,0.7595,0.962,0.08
u476,0.014,-9.05065,-6.43188,-1.13197,0.689139,-0.551333,-0.197355,0.7971,0.7993,0.8029,0.08
u477,0.014,-9.01104,3.00099,2.58715,0.0430469,-0.153106,0.783237,0.821,0.8053,0.779,0.08
u478,0.014,12.5141,-5.5582,12.4439,-0.274138,1.58018,-0.644078,0.6636,0.7659,0.9364,0.08
u479,0.014,4.09709,14.6658,2.52081,-1.96115,-0.124796,-0.069084,0.7194,0.7798,0.8806,0.08
u480,0.014,-2.94362,7.05163,-13.9655,-0.237571,-0.145705,-0.759031,0.7106,0.7776,0.8894,0.08
u481,0.014,4.28761,-13.0237,-11.1231,2.54804,1.29582,-1.80206,0.679,0.7697,0.921,0.08
u482,0.014,2.57398,9.47709,9.28664,0.241414,-0.179121,-1.83107,0.7543,0.7886,0.8457,0.08
u483,0.014,4.00363,-12.8684,-11.8636,0.774632,0.259067,-0.671931,0.6736,0.7684,0.9264,0.08
u484,0.014,18.8723,-0.174825,0.73096,-0.271408,1.36618,-0.985797,0.6566,0.7641,0.9434,0.08
u485,0.014,-4.89897,-17.3265,6.2867,1.22143,1.61884,-1.42751,0.6532,0.7633,0.9468,0.08
u486,0.014,9.71585,6.58533,13.7561,0.77413,0.464062,0.962346,0.6712,0.7678,0.9288,0.08
u487,0.014,-3.10965,-0.422988,-13.421,-1.72433,0.65436,0.675519,0.7494,0.7873,0.8506,0.08
u488,0.014,-19.8851,6.30169,1.3874,0.67032,-1.75682,0.836433,0.6199,0.755,0.9801,0.08
u489,0.014,6.38307,-11.879,5.92506,1.52363,1.38527,-1.58015,0.7322,0.783,0.8678,0.08
u490,0.014,-13.3906,-13.9872,-4.71315,1.42198,-1.39281,-1.32891,0.6377,0.7594,0.9623,0.08
u491,0.014,-16.939,-9.48249,5.37075,0.528365,-1.73091,-0.622822,0.6338,0.7584,0.9662,0.08
u492,0.014,8.97128,5.8637,2.33378,-1.1681,1.05462,0.768591,0.8006,0.8001,0.7994,0.08
u493,0.014,0.830138,-4.18228,-7.45519,0.0535422,1.05688,0.768551,0.8438,0.811,0.7562,0.08
u494,0.014,1.80908,-18.6834,3.6691,1.4989,-0.26022,0.353776,0.6523,0.7631,0.9477,0.08
u495,0.014,-11.6122,-3.30651,-5.75245,-0.822948,-0.922596,1.66752,0.7568,0.7892,0.8432,0.08
u496,0.014,-20.6872,-4.22664,2.99054,0.733633,-2.33328,0.869796,0.6123,0.7531,0.9877,0.08
u497,0.014,-1.90372,-7.01887,-2.23745,-1.25265,-1.28067,-0.446823,0.8617,0.8154,0.7383,0.08
u498,0.014,6.05784,18.2403,-5.00322,-1.48758,-0.479176,1.49348,0.6389,0.7597,0.9611,0.08
u499,0.014,5.59243,-9.34319,-3.0942,2.32622,0.0164959,0.22354,0.7942,0.7985,0.8058,0.08
u500,0.014,4.42509,-6.80255,-15.0184,-0.918219,1.26834,-0.101275,0.6896,0.7724,0.9104,0.08
u501,0.014,21.138,-4.36241,-1.00936,0.66911,0.73611,1.26511,0.6071,0.7518,0.9929,0.08
u502,0.014,-16.071,12.422,6.15059,0.395712,0.267458,0.337929,0.6141,0.7535,0.9859,0.08
u503,0.014,11.3764,-4.97437,8.86803,0.163804,-0.274911,-0.222132,0.7226,0.7806,0.8774,0.08
u504,0.014,11.7917,-8.42857,0.729082,0.185661,2.57464,0.796489,0.7361,0.784,0.8639,0.08
u505,0.014,5.77837,12.5884,-2.86888,-1.43482,0.0463832,-0.348686,0.7428,0.7857,0.8572,0.08
u506,0.014,-5.73858,-15.0743,-0.0779905,-0.483472,-0.225273,0.28827,0.7067,0.7767,0.8933,0.08
u507,0.014,-15.3397,14.4234,-3.62082,-0.660865,0.195767,0.213182,0.6116,0.7529,0.9884,0.08
u508,0.014,10.7855,0.989142,3.93694,-1.43274,-0.450042,-0.380493,0.7905,0.7976,0.8095,0.08
u509,0.014,9.63565,0.661563,-4.24159,0.0826148,-0.140256,0.383999,0.8082,0.8021,0.7918,0.08
u510,0.014,-10.6417,10.7435,7.44274,-0.376029,-1.19568,-0.47534,0.6936,0.7734,0.9064,0.08
u511,0.014,8.56534,13.2158,-10.0045,-2.09484,0.955209,-0.777818,0.6608,0.7652,0.9392,0.08
u512,0.014,14.7168,4.0366,1.45172,-0.472461,0.102122,0.0149139,0.7213,0.7803,0.8787,0.08
u513,0.014,0.098923,6.73832,15.1838,-0.722774,0.363628,-1.01544,0.698,0.7745,0.902,0.08
u514,0.014,-6.87264,-1.62078,8.98778,0.110579,-1.24407,0.153882,0.7922,0.798,0.8078,0.08
u515,0.014,0.173131,-2.12703,-7.18605,0.842252,0.730448,-0.264071,0.8637,0.8159,0.7363,0.08
u516,0.014,-15.4399,-8.32408,8.17912,0.937651,-0.267284,-0.144776,0.6481,0.762,0.9519,0.08
u517,0.014,-1.49859,1.16101,1.88426,0.215888,-0.00426997,0.173487,0.9514,0.8379,0.6486,0.08
u518,0.014,-11.8623,10.3935,-10.3393,-0.0604244,-0.727336,0.89537,0.6571,0.7643,0.9429,0.08
u519,0.014,-1.19613,-5.2936,-3.9975,0.199912,0.358124,0.119864,0.8774,0.8194,0.7226,0.08
u520,0.014,2.02321,-0.213668,-5.90855,-0.313725,-0.821226,1.08266,0.8864,0.8216,0.7136,0.08
u521,0.014,8.09663,14.1482,7.15383,-0.143402,-0.188199,0.501143,0.6763,0.7691,0.9237,0.08
u522,0.014,-13.6584,-5.65762,8.25216,0.577929,-0.375116,-0.122014,0.6922,0.773,0.9078,0.08
u523,0.014,3.99877,16.1597,-3.89561,-1.01747,-0.242894,1.22619,0.6891,0.7723,0.9109,0.08
u524,0.014,4.187,4.94253,-0.698778,0.215534,-0.955781,-0.387831,0.8815,0.8204,0.7185,0.08
u525,0.014,-11.3063,-9.82839,2.66074,0.961664,-1.69016,0.352522,0.7234,0.7808,0.8766,0.08
u526,0.014,11.0002,10.8377,9.63017,-0.784632,1.22539,-0.789652,0.6691,0.7673,0.9309,0.08
u527,0.014,10.5113,1.88046,-4.75382,-0.668894,-0.272693,-0.273626,0.7875,0.7969,0.8125,0.08
u528,0.014,-18.972,1.35005,0.217415,0.426836,-1.78494,-1.6634,0.6542,0.7635,0.9458,0.08
u529,0.014,-5.88033,3.99359,-0.0283446,0.947896,-0.333022,0.91859,0.8708,0.8177,0.7292,0.08
u530,0.014,2.4969,18.8927,-2.01393,-1.11519,0.677753,0.53221,0.6516,0.7629,0.9484,0.08
u531,0.014,-12.3929,-4.56092,-1.21032,0.720588,-1.9312,0.333118,0.7589,0.7897,0.8411,0.08
u532,0.014,6.38083,-16.4094,2.67394,2.32766,-0.391295,-1.66623,0.6762,0.7691,0.9238,0.08
u533,0.014,1.63614,-0.8465,9.57449,0.00760339,0.119572,-0.444556,0.8227,0.8057,0.7773,0.08
u534,0.014,-10.4972,12.7795,3.25699,-0.619182,-0.423989,-0.441652,0.6935,0.7734,0.9065,0.08
u535,0.014,-9.98078,-6.49816,-8.85677,1.71327,-0.25083,0.577353,0.7301,0.7825,0.8699,0.08
u536,0.014,2.74655,-17.0515,0.688207,0.278806,1.67987,-0.345223,0.6857,0.7714,0.9143,0.08
u537,0.014,-4.89286,-11.6583,1.8919,0.756136,0.937792,0.738146,0.7676,0.7919,0.8324,0.08
u538,0.014,-12.0769,-5.44435,4.15533,-0.0602244,-0.686077,-0.640421,0.7476,0.7869,0.8524,0.08
u539,0.014,2.30933,5.51865,-4.21501,0.117334,0.577109,-0.20833,0.8669,0.8167,0.7331,0.08
u540,0.014,5.39725,-0.0158115,8.40528,0.502168,0.00857262,0.329567,0.8184,0.8046,0.7816,0.08
u541,0.014,8.33129,-7.19603,-0.114024,-0.0637903,-0.493675,0.0647435,0.7998,0.8,0.8002,0.08
u542,0.014,0.865337,-1.0454,-4.41846,0.422332,1.4646,-0.507632,0.916,0.829,0.684,0.08
u543,0.014,4.20707,3.73227,-9.23806,0.0654863,0.632068,-0.975317,0.8034,0.8008,0.7966,0.08
u544,0.014,1.08128,-4.67368,9.90752,-0.910521,1.07793,0.691503,0.7999,0.8,0.8001,0.08
u545,0.014,1.33389,18.5741,-3.91313,-2.35185,-0.753543,-0.707722,0.654,0.7635,0.946,0.08
u546,0.014,-1.68124,-11.8287,-1.58101,1.70225,-0.239994,-0.199151,0.7809,0.7952,0.8191,0.08
u547,0.014,0.392357,-4.97403,2.17483,0.412332,1.77796,-0.211783,0.901,0.8253,0.699,0.08
u548,0.014,18.0915,5.29979,-1.02391,-0.985268,-0.262749,-1.21397,0.6567,0.7642,0.9433,0.08
u549,0.014,-2.46702,-13.3994,8.85129,2.08531,-0.226522,0.00693617,0.7046,0.7761,0.8954,0.08
u550,0.014,-16.9122,-7.23172,5.86836,2.14976,0.34906,-0.253484,0.649,0.7622,0.951,0.08
u551,0.014,-7.0254,0.368989,6.19938,-0.523779,0.490942,-0.938118,0.8295,0.8074,0.7705,0.08
u552,0.014,1.0448,7.63621,-0.848669,0.522506,-0.297269,0.946896,0.859,0.8148,0.741,0.08
u553,0.014,-0.167894,-14.5985,-9.87477,0.671619,-1.59832,0.09999,0.6795,0.7699,0.9205,0.08
u554,0.014,6.94553,16.9409,8.7521,-1.36639,1.03012,0.4516,0.631,0.7578,0.969,0.08
u555,0.014,-7.26974,-2.44421,7.96675,-0.343557,-0.858942,0.426495,0.7989,0.7997,0.8011,0.08
u556,0.014,3.66817,-10.3366,-1.89358,1.21876,0.556635,-0.943274,0.7976,0.7994,0.8024,0.08
u557,0.014,-9.89665,-2.49249,-8.15953,-0.855321,-0.606383,0.204369,0.7624,0.7906,0.8376,0.08
u558,0.014,6.09515,-10.8597,9.06354,0.613302,1.28638,-0.0709514,0.72,0.78,0.88,0.08
u559,0.014,9.8989,7.88595,8.18523,-0.458809,-0.0436655,-0.465411,0.726,0.7815,0.874,0.08
u560,0.014,-12.0124,5.44471,-5.51872,0.603916,-0.468343,0.266782,0.7401,0.785,0.8599,0.08
u561,0.014,1.09899,-5.51771,1.05916,-0.334545,0.382306,0.975364,0.8959,0.824,0.7041,0.08
u562,0.014,4.71515,-11.1023,3.32758,0.126454,1.5354,1.79814,0.7725,0.7931,0.8275,0.08
u563,0.014,-12.3894,13.6751,6.81529,-0.208856,-0.257886,-0.614286,0.6423,0.7606,0.9577,0.08
u564,0.014,-6.11758,-11.8597,1.08778,0.0126322,-0.967195,0.204847,0.7566,0.7891,0.8434,0.08
u565,0.014,-4.639,-9.63016,-2.40764,1.15673,-1.28337,-2.71923,0.8008,0.8002,0.7992,0.08
u566,0.014,19.9723,-4.65979,-2.24784,0.808847,1.16642,0.281122,0.6249,0.7562,0.9751,0.08
u567,0.014,-0.629533,14.1784,2.32242,-1.08425,-0.432025,0.0644731,0.7385,0.7846,0.8615,0.08
u568,0.014,4.16395,12.4326,6.8875,-0.607748,-0.464307,0.110639,0.7307,0.7827,0.8693,0.08
u569,0.014,16.4495,-7.57249,-3.57257,0.138187,1.49131,-0.0945235,0.6644,0.7661,0.9356,0.08
u570,0.014,16.7707,-1.06583,4.41697,0.217868,1.39107,0.138137,0.6841,0.771,0.9159,0.08
u571,0.014,-3.20689,-10.4022,-9.40623,2.10972,-0.88464,1.49328,0.7384,0.7846,0.8616,0.08
u572,0.014,-5.66699,9.05584,-0.889072,-1.84837,-1.16939,1.49803,0.8051,0.8013,0.7949,0.08
u573,0.014,-6.86671,11.3257,4.66379,-0.367091,-0.268477,0.193094,0.7447,0.7862,0.8553,0.08
u574,0.014,1.22572,-7.29871,8.45517,0.702869,0.19352,0.733307,0.7957,0.7989,0.8043,0.08
u575,0.014,-13.7455,-1.68429,-4.49079,-0.975689,-1.3302,-0.796463,0.7353,0.7838,0.8647,0.08
u576,0.014,-8.90578,7.57556,6.59613,1.39134,-0.845792,0.00828823,0.7559,0.789,0.8441,0.08
u577,0.014,0.221069,21.0853,-0.353799,-0.231179,0.242185,0.101832,0.6166,0.7541,0.9834,0.08
u578,0.014,13.3164,-4.20365,4.65894,0.367376,0.826831,-0.215735,0.7323,0.7831,0.8677,0.08
u579,0.014,1.66505,6.40144,-1.93487,-0.224312,-0.0344449,-0.990308,0.8747,0.8187,0.7253,0.08
u580,0.014,15.0227,-6.54416,-9.4688,1.00938,0.457511,-0.271598,0.6559,0.764,0.9441,0.08
u581,0.014,-0.91481,0.619201,3.77319,1.1922,0.576581,1.55102,0.9285,0.8321,0.6715,0.08
u582,0.014,2.37957,14.0434,-8.41968,-1.15387,-0.584854,0.622742,0.6992,0.7748,0.9008,0.08
u583,0.014,-7.67263,5.4637,10.8448,-0.336732,2.12076,-0.849908,0.7388,0.7847,0.8612,0.08
u584,0.014,17.1053,2.23634,5.24664,2.16073,-0.749326,-0.15623,0.6722,0.768,0.9278,0.08
u585,0.014,9.38282,-6.93977,-2.53026,0.262181,0.287842,-0.196291,0.7829,0.7957,0.8171,0.08
u586,0.014,6.55484,17.553,3.53271,-1.85374,-0.333559,-0.429366,0.6533,0.7633,0.9467,0.08
u587,0.014,-11.1809,15.3862,-3.31483,-0.396248,-0.583106,0.066542,0.649,0.7622,0.951,0.08
u588,0.014,-11.2277,-2.63266,4.70801,0.711167,-0.0568942,0.542212,0.7735,0.7934,0.8265,0.08
u589,0.014,13.3897,8.03516,-9.62015,-1.91787,0.906445,0.356011,0.6665,0.7666,0.9335,0.08
u590,0.014,16.1208,5.63004,-4.70967,1.60675,2.09381,-0.0810333,0.6779,0.7695,0.9221,0.08
u591,0.014,1.35021,9.18793,-9.32202,-0.318352,-0.826901,-0.0916064,0.7608,0.7902,0.8392,0.08
u592,0.014,3.82416,1.11915,8.19948,-0.23083,1.50808,-0.47945,0.8342,0.8086,0.7658,0.08
u593,0.014,1.5745,-0.615141,11.8656,-0.533818,0.462895,0.926223,0.7821,0.7955,0.8179,0.08
u594,0.014,-6.89501,16.3162,-4.45072,-1.69063,-0.177443,-1.00158,0.6679,0.767,0.9321,0.08
u595,0.014,9.84797,-7.19209,-5.33122,0.193923,0.77544,0.0704559,0.758,0.7895,0.842,0.08
u596,0.014,0.585289,3.30825,7.52172,0.524527,-0.897069,0.364465,0.8502,0.8126,0.7498,0.08
u597,0.014,0.0795506,-4.94205,5.78184,-0.281535,-0.816412,1.31871,0.8617,0.8154,0.7383,0.08
u598,0.014,11.5371,0.549945,-7.20308,-0.142999,-1.13149,0.767023,0.7525,0.7881,0.8475,0.08
u599,0.014,0.458525,-16.0059,-8.07485,-0.298084,-0.552101,0.379646,0.6739,0.7685,0.9261,0.08
u600,0.014,-11.5576,-7.37281,-1.86055,1.04274,-1.49989,-0.936597,0.7485,0.7871,0.8515,0.08
u601,0.014,-5.79624,-7.36378,0.355728,1.49615,0.326967,-0.768458,0.8295,0.8074,0.7705,0.08
u602,0.014,9.31945,7.21808,-1.76099,-0.258247,-0.212925,0.10099,0.7833,0.7958,0.8167,0.08
u603,0.014,-0.147274,-0.300949,-4.22057,-0.89195,0.554197,-0.569761,0.923,0.8308,0.677,0.08
u604,0.014,-2.3154,15.4671,7.80981,-0.55836,-0.700983,-0.947566,0.6822,0.7705,0.9178,0.08
u605,0.014,2.08644,-8.33626,6.20364,-0.223749,-1.42406,0.89221,0.8073,0.8018,0.7927,0.08
u606,0.014,-3.23965,-13.311,2.10012,0.976314,-1.35347,-0.48027,0.748,0.787,0.852,0.08
u607,0.014,-9.54682,-5.81599,-12.7652,0.334624,-0.958164,-0.481113,0.6915,0.7729,0.9085,0.08
u608,0.014,2.45011,12.7735,-4.84466,-1.20035,-0.397999,0.91771,0.7476,0.7869,0.8524,0.08
u609,0.014,8.77164,15.8683,-2.81779,-2.4689,-0.613133,-0.0601603,0.6664,0.7666,0.9336,0.08
u610,0.014,-13.1594,-1.15943,-4.27163,-0.391203,0.145955,-0.211302,0.7476,0.7869,0.8524,0.08
u611,0.014,5.53288,3.47975,2.74134,0.261834,0.464147,1.04565,0.8711,0.8178,0.7289,0.08
u612,0.014,17.0353,12.2512,3.83006,1.0112,0.517381,-0.427199,0.6122,0.753,0.9878,0.08
u613,0.014,12.7624,2.28219,3.20817,-0.874761,1.32579,0.440318,0.7572,0.7893,0.8428,0.08
u614,0.014,7.8261,-11.556,-9.33459,0.0353436,0.137001,-0.454042,0.6947,0.7737,0.9053,0.08
u615,0.014,2.66272,-2.30797,-10.9045,-0.158895,-1.01721,-1.69627,0.7916,0.7979,0.8084,0.08
u616,0.014,2.6223,5.05728,0.93104,-0.670376,2.0619,-1.38086,0.895,0.8238,0.705,0.08
u617,0.014,-3.86258,-2.07655,-3.16204,-0.0649438,-0.208781,-0.664641,0.9017,0.8254,0.6983,0.08
u618,0.014,-11.7662,0.550159,-13.4407,-0.402429,0.712894,-0.571709,0.6751,0.7688,0.9249,0.08
u619,0.014,-9.76386,10.029,-2.87006,-0.127678,-0.535704,0.202926,0.7402,0.7851,0.8598,0.08
u620,0.014,-1.6236,2.58743,8.79436,-0.000982569,-1.48729,-0.721039,0.8307,0.8077,0.7693,0.08
u621,0.014,-11.4568,4.13086,4.98976,-0.731985,-1.84488,-0.14466,0.7607,0.7902,0.8393,0.08
u622,0.014,2.18531,-2.48042,11.7063,-0.0245101,1.17821,-0.381244,0.7788,0.7947,0.8212,0.08
u623,0.014,3.03761,8.93808,-8.27239,0.482602,0.43277,-0.692423,0.7718,0.7929,0.8282,0.08
u624,0.014,-2.76485,-8.31809,-11.7423,0.339652,-0.221667,0.466734,0.7336,0.7834,0.8664,0.08
u625,0.014,20.0266,-4.90156,-2.69612,0.917867,2.04073,-0.0253253,0.6219,0.7555,0.9781,0.08
u626,0.014,-15.5807,7.25952,4.94757,0.809445,-0.993209,-0.109017,0.6748,0.7687,0.9252,0.08
u627,0.014,-12.8573,-0.617303,1.91391,1.09326,-0.955342,2.32942,0.7634,0.7908,0.8366,0.08
u628,0.014,7.72156,-19.1698,0.484478,0.28582,0.434075,0.750067,0.6241,0.756,0.9759,0.08
u629,0.014,-7.62159,0.0634946,-14.8019,-0.679345,-0.465649,0.741085,0.6973,0.7743,0.9027,0.08
u630,0.014,3.70135,8.20539,13.641,-1.08115,1.47092,-0.631151,0.7028,0.7757,0.8972,0.08
u631,0.014,7.30772,12.7954,-4.22928,-1.69152,0.687716,-0.933228,0.7213,0.7803,0.8787,0.08
u632,0.014,-4.59364,10.9389,5.00473,-0.609148,0.400807,-0.464844,0.7659,0.7915,0.8341,0.08
u633,0.014,-3.77383,-12.1356,-1.09256,0.281018,-0.462026,0.293221,0.7681,0.792,0.8319,0.08
u634,0.014,-2.50462,-1.93982,-13.2082,-0.0820961,0.0680822,-0.539321,0.753,0.7883,0.847,0.08
u635,0.014,-13.8323,-13.8246,2.0676,1.75884,-0.0746389,-0.697661,0.6424,0.7606,0.9576,0.08
u636,0.014,-3.37417,9.24957,-9.74121,0.27928,-1.15952,-0.0929298,0.7482,0.787,0.8518,0.08
u637,0.014,-9.71743,-12.8829,1.58292,0.421869,-0.261873,0.00235375,0.7052,0.7763,0.8948,0.08
u638,0.014,-10.2401,-1.79837,11.1736,0.424743,-2.36179,-1.24284,0.7225,0.7806,0.8775,0.08
u639,0.014,-6.07862,4.33831,-5.48617,-0.910965,-0.204227,0.120568,0.8315,0.8079,0.7685,0.08
u640,0.014,-14.0716,5.12254,-2.33592,1.18022,-1.12148,0.386479,0.7244,0.7811,0.8756,0.08
u641,0.014,0.167209,-13.4754,-6.20033,2.45383,0.795173,-0.866076,0.7303,0.7826,0.8697,0.08
u642,0.014,-0.918066,17.4614,7.24497,-0.730902,0.119549,0.991888,0.6559,0.764,0.9441,0.08
u643,0.014,-4.33605,3.85766,-7.01248,0.320639,-0.0394438,-0.526626,0.8345,0.8086,0.7655,0.08
u644,0.014,-1.76433,-9.56929,-1.74863,0.966197,-0.192201,-0.0720888,0.8202,0.8051,0.7798,0.08
u645,0.014,-14.0969,-3.30066,-4.90413,0.508572,-0.408087,-0.406903,0.7221,0.7805,0.8779,0.08
u646,0.014,-6.34467,0.448472,-2.68884,0.535422,0.397836,-0.233044,0.8744,0.8186,0.7256,0.08
u647,0.014,-11.354,5.67849,-0.888712,0.120034,0.271854,0.323751,0.7686,0.7922,0.8314,0.08
u648,0.014,-6.32515,10.9264,11.2853,-0.917015,-1.14523,-0.874787,0.6921,0.773,0.9079,0.08
u649,0.014,-5.94108,13.0126,2.45354,-0.602195,-0.142572,1.27462,0.7361,0.784,0.8639,0.08
u650,0.014,-11.8208,5.70433,-4.27101,-1.6257,-0.86153,-0.664637,0.749,0.7873,0.851,0.08
u651,0.014,16.3184,-3.58145,-0.888348,-1.89912,1.68648,0.310425,0.6958,0.774,0.9042,0.08
u652,0.014,-4.57843,-10.3371,8.24591,0.782482,-1.38028,-0.54906,0.7456,0.7864,0.8544,0.08
u653,0.014,-7.78827,-8.58961,0.146,-0.806344,-0.333027,-0.372858,0.7892,0.7973,0.8108,0.08
u654,0.014,4.69884,-13.6241,-3.58543,0.287453,0.713645,0.556721,0.73,0.7825,0.87,0.08
u655,0.014,-11.5229,-8.10879,6.88605,0.349928,-1.07292,0.520387,0.7149,0.7787,0.8851,0.08
u656,0.014,11.927,-10.4039,-1.62237,-0.592165,0.990328,0.883793,0.7107,0.7777,0.8893,0.08
u657,0.014,8.80313,5.38556,1.70938,0.887311,-0.186992,-1.36182,0.8098,0.8025,0.7902,0.08
u658,0.014,2.87749,-1.28917,-1.68033,0.624803,-0.724341,-0.291925,0.935,0.8338,0.665,0.08
u659,0.014,-5.34199,-2.44421,-15.2853,0.397909,-1.04554,-0.59184,0.7023,0.7756,0.8977,0.08
u660,0.014,-19.483,-6.7249,-4.51824,0.505877,-1.31564,-1.02927,0.6164,0.7541,0.9836,0.08
u661,0.014,-6.58304,9.56452,4.27285,0.492392,1.17343,-0.73448,0.775,0.7938,0.825,0.08
u662,0.014,-13.0842,15.0012,-1.08621,-1.61238,-2.0715,1.66299,0.6375,0.7594,0.9625,0.08
u663,0.014,-3.28334,6.71233,7.30086,-0.446054,-1.21401,0.338199,0.8101,0.8025,0.7899,0.08
u664,0.014,14.0261,-3.93052,8.58287,1.75577,0.509614,-0.803426,0.6926,0.7731,0.9074,0.08
u665,0.014,0.55144,16.065,7.90363,-2.05452,1.14962,0.187623,0.6743,0.7686,0.9257,0.08
u666,0.014,3.85594,-19.0079,-7.31484,-0.394702,-0.467092,0.852202,0.6231,0.7558,0.9769,0.08
u667,0.014,8.37297,7.33796,0.903595,0.00449718,-0.46766,1.32879,0.7969,0.7992,0.8031,0.08
u668,0.014,7.40639,8.37385,-1.25954,0.289875,-1.07342,0.0761413,0.7955,0.7989,0.8045,0.08
u669,0.014,7.52508,-1.57758,6.5228,-0.260296,-1.32771,-0.0703425,0.8167,0.8042,0.7833,0.08
u670,0.014,-17.5755,2.7794,-2.41552,-0.898928,-2.03433,0.597674,0.6735,0.7684,0.9265,0.08
u671,0.014,-8.01087,4.16355,-3.61867,-0.600693,-0.0358656,-1.20926,0.8232,0.8058,0.7768,0.08
u672,0.014,-6.41955,13.902,11.3619,0.0674293,-0.476175,0.117844,0.6533,0.7633,0.9467,0.08
u673,0.014,13.0715,10.1467,9.32038,1.37969,0.076707,-0.49333,0.6547,0.7637,0.9453,0.08
u674,0.014,-19.8569,-6.29532,-2.49428,0.292649,-2.73614,-0.14857,0.6186,0.7546,0.9814,0.08
u675,0.014,-1.19312,-6.02333,-12.5186,-0.539818,0.216171,0.298443,0.7465,0.7866,0.8535,0.08
u676,0.014,9.98529,-10.4658,-1.67394,1.51152,0.394845,-0.629531,0.7352,0.7838,0.8648,0.08
u677,0.014,1.63007,-5.59488,3.44555,-0.213796,-1.08798,-0.746465,0.8769,0.8192,0.7231,0.08
u678,0.014,17.2506,-3.26543,2.57169,1.07002,2.10994,0.274216,0.6774,0.7693,0.9226,0.08
u679,0.014,-3.50994,3.7518,-10.2581,0.0389375,-1.03678,0.916245,0.7914,0.7979,0.8086,0.08
u680,0.014,-0.950832,-12.463,-5.90909,0.295121,0.226794,0.395347,0.7486,0.7872,0.8514,0.08
u681,0.014,-0.992583,-11.7857,-5.62901,-0.667194,-0.479265,0.76172,0.7618,0.7905,0.8382,0.08
u682,0.014,0.183956,-16.9956,1.93151,-0.464603,0.943182,-0.583954,0.689,0.7722,0.911,0.08
u683,0.014,-5.79085,-2.10946,2.32932,-0.25781,-0.0779217,0.374576,0.8802,0.8201,0.7198,0.08
u684,0.014,3.4764,-18.361,4.77804,0.196252,0.128882,1.34781,0.6493,0.7623,0.9507,0.08
u685,0.014,2.97695,-9.81627,7.3003,-0.0999933,0.601907,-0.668715,0.7711,0.7928,0.8289,0.08
u686,0.014,11.3536,6.52839,-6.06323,0.911963,0.31028,-0.955063,0.7376,0.7844,0.8624,0.08
u687,0.014,-8.72038,-7.95235,-4.95851,0.440657,-1.73382,-0.0234307,0.7673,0.7918,0.8327,0.08
u688,0.014,-18.9768,-7.46128,-4.89329,0.670642,-1.33781,0.478672,0.6187,0.7547,0.9813,0.08
u689,0.014,5.23164,0.685046,7.69141,-0.130749,0.692392,1.03076,0.8304,0.8076,0.7696,0.08
u690,0.014,15.6043,-2.16888,-4.87283,-1.38432,1.65605,-0.0229585,0.7002,0.775,0.8998,0.08
u691,0.014,1.63271,-7.72142,-3.30872,0.953241,0.118144,-0.597663,0.8444,0.8111,0.7556,0.08
u692,0.014,10.9416,-1.1465,4.03371,-0.870293,1.86422,1.09958,0.787,0.7967,0.813,0.08
u693,0.014,0.216918,16.6008,3.79344,0.661935,-1.49148,-1.26387,0.6904,0.7726,0.9096,0.08
u694,0.014,6.22605,-12.5784,-11.3644,1.32202,-0.636013,0.026124,0.6717,0.7679,0.9283,0.08
u695,0.014,0.123075,5.90308,-13.1754,0.602951,-0.438029,0.872812,0.7375,0.7844,0.8625,0.08
u696,0.014,15.624,-8.819,-4.30877,0.801541,0.926546,0.849534,0.6645,0.7661,0.9355,0.08
u697,0.014,-13.7554,14.6155,-5.46734,-0.874073,-1.09381,0.773636,0.6218,0.7554,0.9782,0.08
u698,0.014,14.5433,-6.96597,-8.22821,-0.645461,1.58829,0.594583,0.6708,0.7677,0.9292,0.08
u699,0.014,-18.3322,-2.42776,5.49146,1.20068,-0.838322,0.813649,0.6493,0.7623,0.9507,0.08
u700,0.014,3.43595,12.0468,-12.9243,-0.457277,0.591466,-0.0865011,0.6727,0.7682,0.9273,0.08
u701,0.014,-14.7199,5.85675,-0.409051,1.10679,-1.41941,0.483497,0.7119,0.778,0.8881,0.08
u702,0.014,-20.1694,4.7244,-2.10796,-0.424404,-1.34379,-0.205695,0.6214,0.7554,0.9786,0.08
u703,0.014,-10.1282,-13.5632,5.74568,-1.10427,-1.24348,0.313292,0.675,0.7687,0.925,0.08
u704,0.014,13.3592,-15.8189,-5.26204,2.20646,0.142669,1.6462,0.6116,0.7529,0.9884,0.08
u705,0.014,8.65227,16.6878,1.71353,-0.119819,-0.61751,0.427103,0.6568,0.7642,0.9432,0.08
u706,0.014,7.34724,9.98919,1.61054,-1.70471,-0.142823,0.658624,0.7726,0.7932,0.8274,0.08
u707,0.014,4.07654,-14.5119,10.3765,2.09706,0.988092,-0.907306,0.6673,0.7668,0.9327,0.08
u708,0.014,-17.4837,-9.54183,2.32415,1.05147,-1.25457,0.305171,0.6354,0.7588,0.9646,0.08
u709,0.014,3.39884,-13.6593,-12.5071,0.966789,0.700162,-0.679006,0.6576,0.7644,0.9424,0.08
u710,0.014,0.267906,-8.68005,-6.36162,-0.277198,-0.652396,0.803495,0.8043,0.8011,0.7957,0.08
u711,0.014,-5.98457,-8.91902,-14.0546,0.255828,-1.20473,-0.244874,0.6784,0.7696,0.9216,0.08
u712,0.014,-5.03426,17.0243,-5.71069,-1.18071,-0.499357,-1.8037,0.6609,0.7652,0.9391,0.08
u713,0.014,-11.6238,-13.9466,-8.22671,1.76591,-0.628217,-0.12823,0.6376,0.7594,0.9624,0.08
u714,0.014,-1.029,-18.4064,-8.49103,0.972161,-0.16914,0.401306,0.631,0.7577,0.969,0.08
u715,0.014,14.7414,11.3332,-8.14645,-0.103164,0.805992,0.873107,0.6309,0.7577,0.9691,0.08
u716,0.014,13.193,13.7959,-0.855133,0.696439,0.946076,-0.989762,0.6526,0.7631,0.9474,0.08
u717,0.014,6.67976,5.91714,5.31679,-1.22405,-0.525319,-0.552438,0.8111,0.8028,0.7889,0.08
u718,0.014,6.15084,18.0369,-2.42199,-1.67214,0.891469,0.981686,0.6507,0.7627,0.9493,0.08
u719,0.014,-14.147,-9.14705,6.20892,0.803331,0.830874,0.201807,0.6736,0.7684,0.9264,0.08
u720,0.014,8.75415,16.8287,-4.27776,0.270628,1.01451,0.548934,0.6464,0.7616,0.9536,0.08
u721,0.014,9.44613,-0.305954,13.7685,-1.26651,0.292864,0.906203,0.6964,0.7741,0.9036,0.08
u722,0.014,-6.76037,16.956,-2.08336,0.0554732,-2.66368,-0.474136,0.666,0.7665,0.934,0.08
u723,0.014,9.85239,11.1514,7.03921,-0.887322,-0.129094,-0.355319,0.7007,0.7752,0.8993,0.08
u724,0.014,2.25861,12.9816,0.372546,-0.372977,0.876411,0.444337,0.7603,0.7901,0.8397,0.08
u725,0.014,-14.6779,14.7048,1.62626,0.399594,-0.912158,0.0770667,0.6211,0.7553,0.9789,0.08
u726,0.014,0.926834,4.49174,2.60084,0.0764022,0.194679,-0.979404,0.9041,0.826,0.6959,0.08
u727,0.014,-11.0244,9.11279,7.25719,0.0181569,-1.43793,1.25863,0.7084,0.7771,0.8916,0.08
u728,0.014,-0.902613,-21.7303,1.93346,2.68851,-0.923278,-1.11599,0.603,0.7508,0.997,0.08
u729,0.014,4.81455,12.8642,-3.31654,-1.15793,0.433244,-0.899901,0.7431,0.7858,0.8569,0.08
u730,0.014,0.201026,8.99137,-2.81809,-0.392064,-0.598707,1.39409,0.8286,0.8072,0.7714,0.08
u731,0.014,18.1259,-6.23027,3.65929,-0.288425,1.40388,-0.945885,0.6452,0.7613,0.9548,0.08
u732,0.014,10.5533,-9.77222,-10.8466,1.39554,-0.101109,-0.28491,0.6725,0.7681,0.9275,0.08
u733,0.014,3.60074,-12.8406,6.22923,1.13314,1.25171,0.878807,0.7324,0.7831,0.8676,0.08
u734,0.014,-0.0930948,-6.9245,5.6933,1.85125,-0.219082,-0.761183,0.837,0.8093,0.763,0.08
u735,0.014,-6.3588,4.63787,14.6118,0.125392,-0.433669,0.178046,0.6982,0.7746,0.9018,0.08
u736,0.014,-3.5284,8.89075,11.3282,-0.244761,-1.08983,0.229229,0.7304,0.7826,0.8696,0.08
u737,0.014,-14.4105,5.86524,1.48475,-0.360668,-0.526504,0.262143,0.7158,0.779,0.8842,0.08
u738,0.014,5.37185,9.92111,8.25385,-1.51104,1.59397,-0.623812,0.7458,0.7865,0.8542,0.08
u739,0.014,11.3265,-0.0860739,10.4525,-1.21503,1.22739,0.30418,0.7198,0.7799,0.8802,0.08
u740,0.014,-2.99267,11.7413,9.2885,-1.16832,-0.470422,0.0939521,0.7224,0.7806,0.8776,0.08
u741,0.014,13.8177,1.43207,0.311234,-0.243467,2.00474,0.152581,0.7474,0.7868,0.8526,0.08
u742,0.014,0.0351925,-8.59973,6.81192,0.795491,0.0546672,0.964569,0.8005,0.8001,0.7995,0.08
u743,0.014,-1.29439,-2.39294,9.65384,0.407267,0.437725,1.31168,0.8176,0.8044,0.7824,0.08
u744,0.014,-9.61185,4.68962,-0.71784,-0.13675,-0.55841,-1.08956,0.8051,0.8013,0.7949,0.08
u745,0.014,-9.67541,6.346,5.42162,-2.16294,-0.548035,1.33532,0.7677,0.7919,0.8323,0.08
u746,0.014,-6.10618,16.3147,10.0581,-1.07081,0.487604,1.07403,0.6343,0.7586,0.9657,0.08
u747,0.014,-7.30585,10.7887,2.35042,-0.0868144,0.513844,0.987166,0.7593,0.7898,0.8407,0.08
u748,0.014,-3.37642,15.8675,6.35081,-0.579193,0.0824185,-1.04377,0.6832,0.7708,0.9168,0.08
u749,0.014,9.27401,13.2324,3.29703,0.325235,0.584296,-1.97742,0.7002,0.775,0.8998,0.08
u750,0.014,2.38989,9.47383,13.4054,-0.0594909,-0.743819,-0.883591,0.6984,0.7746,0.9016,0.08
u751,0.014,-5.67313,-19.203,0.00333509,1.12443,-0.616626,0.0729999,0.6359,0.759,0.9641,0.08
u752,0.014,5.97789,-14.9276,-7.33475,0.538485,0.342849,-0.712274,0.6787,0.7697,0.9213,0.08
u753,0.014,-7.96025,10.5276,-2.97366,0.304179,-1.97241,-0.0963404,0.754,0.7885,0.846,0.08
u754,0.014,6.38882,12.7761,10.8339,-0.591132,0.732511,-1.19009,0.674,0.7685,0.926,0.08
u755,0.014,-0.0602275,20.8771,5.19158,-1.5101,0.239115,-1.32114,0.6089,0.7522,0.9911,0.08
u756,0.014,-6.69522,-0.68376,-5.97306,-0.231472,0.129443,-1.29092,0.8364,0.8091,0.7636,0.08
u757,0.014,1.73065,-7.68727,5.33527,-0.198249,0.0492986,-0.211811,0.827,0.8067,0.773,0.08
u758,0.014,11.7571,3.67529,-1.71408,-0.522108,-0.0385329,0.839668,0.7739,0.7935,0.8261,0.08
u759,0.014,-1.82,6.89613,-10.3649,-0.189655,-0.390882,-0.707916,0.7712,0.7928,0.8288,0.08
u760,0.014,8.02743,-6.67733,-5.393,0.485741,1.13101,-0.284189,0.7863,0.7966,0.8137,0.08
u761,0.014,9.16108,7.81136,-1.45093,0.972915,0.159803,-0.933848,0.7795,0.7949,0.8205,0.08
u762,0.014,1.12787,20.7701,2.89798,-0.21617,-0.778984,0.359113,0.6182,0.7545,0.9818,0.08
u763,0.014,10.5718,-1.9566,-11.8853,-0.168714,-0.40928,-1.63983,0.7086,0.7772,0.8914,0.08
u764,0.014,-14.3533,-4.28857,6.20673,-0.428587,-0.022449,-0.617849,0.7052,0.7763,0.8948,0.08
u765,0.014,8.53848,-8.33249,-2.39173,-1.2161,-0.565182,0.104802,0.7788,0.7947,0.8212,0.08
u766,0.014,2.13902,-1.31917,-12.7056,0.482223,0.151285,-1.40708,0.7645,0.7911,0.8355,0.08
u767,0.014,-11.8391,-15.0907,-1.21295,1.11007,0.0418343,0.198588,0.6506,0.7626,0.9494,0.08
u768,0.014,-11.2519,-8.44986,-4.08514,-0.470131,-0.105505,1.69502,0.7336,0.7834,0.8664,0.08
u769,0.014,6.91982,-10.7199,10.2724,0.466555,-0.242635,-1.26033,0.7022,0.7755,0.8978,0.08
u770,0.014,-2.53834,4.17125,7.94265,0.777925,-0.571923,-0.111561,0.8305,0.8076,0.7695,0.08
u771,0.014,-14.9229,-1.44689,-7.17717,1.66852,-1.15687,-0.0672592,0.6978,0.7744,0.9022,0.08
u772,0.014,12.6342,-14.6938,-4.38228,2.09922,1.39657,0.585699,0.6388,0.7597,0.9612,0.08
u773,0.014,-11.3506,11.3929,-7.56321,-0.369193,-0.649633,-0.478134,0.6769,0.7692,0.9231,0.08
u774,0.014,17.0852,13.4669,-1.02313,0.804286,1.15133,1.24559,0.604,0.751,0.996,0.08
u775,0.014,14.1512,-10.6553,4.52059,0.291874,1.92705,1.03585,0.6676,0.7669,0.9324,0.08
u776,0.014,6.58307,-13.0283,9.37396,0.392816,0.675386,1.11053,0.6846,0.7711,0.9154,0.08
u777,0.014,-10.3498,6.45607,-2.51356,0.236125,0.554955,-0.533875,0.7736,0.7934,0.8264,0.08
u778,0.014,-17.2186,8.15845,5.54649,-1.37637,-1.799,-0.507689,0.6392,0.7598,0.9608,0.08
u779,0.014,-3.82417,8.87817,1.11997,0.799108,0.243987,-0.599309,0.8231,0.8058,0.7769,0.08
u780,0.014,-16.4009,6.21085,-4.33145,-0.965627,-0.985626,-1.16954,0.6716,0.7679,0.9284,0.08
u781,0.014,-13.5738,-13.4264,1.8203,-0.300271,-1.99692,-0.859397,0.6513,0.7628,0.9487,0.08
u782,0.014,0.491748,8.52124,14.8172,-0.536679,-1.14224,0.362984,0.6891,0.7723,0.9109,0.08
u783,0.014,0.786349,-7.21322,14.0599,0.0132719,-0.213594,0.00664922,0.7123,0.7781,0.8877,0.08
u784,0.014,-0.12873,7.28872,-13.595,-1.06181,-1.62251,0.655219,0.7195,0.7799,0.8805,0.08
u785,0.014,-6.12866,12.688,10.6407,-2.01854,0.351043,-0.411398,0.679,0.7697,0.921,0.08
u786,0.014,-9.65805,8.8542,-0.252759,-1.13499,-0.423153,0.906606,0.7617,0.7904,0.8383,0.08
u787,0.014,18.6529,-4.83232,1.52911,-0.328029,1.9255,0.974058,0.6486,0.7621,0.9514,0.08
u788,0.014,-1.87112,13.474,9.97679,-1.8123,-0.0743602,0.335389,0.6933,0.7733,0.9067,0.08
u789,0.014,6.74189,-5.28708,2.73272,-1.2207,0.460404,0.135526,0.8365,0.8091,0.7635,0.08
u790,0.014,-6.1397,13.6324,-4.81048,-0.418504,0.525983,0.742261,0.7144,0.7786,0.8856,0.08
u791,0.014,13.8274,-15.7812,4.3637,1.30241,0.709707,0.209163,0.6103,0.7526,0.9897,0.08
u792,0.014,2.80132,-4.52589,-12.0095,-0.629099,-1.38853,0.751925,0.7612,0.7903,0.8388,0.08
u793,0.014,-13.1432,8.16806,9.0371,0.155404,-0.515941,0.786053,0.6742,0.7685,0.9258,0.08
u794,0.014,6.55973,-11.8299,5.95312,0.220713,-0.693697,0.0257883,0.7313,0.7828,0.8687,0.08
u795,0.014,0.374683,1.37121,14.7753,1.11026,0.87377,-0.351839,0.7301,0.7825,0.8699,0.08
u796,0.014,-3.19529,12.5998,-0.0206096,0.264118,-0.742444,-0.113625,0.7637,0.7909,0.8363,0.08
u797,0.014,13.1313,4.59787,8.19907,-0.982146,-0.0314935,0.92193,0.7064,0.7766,0.8936,0.08
u798,0.014,-14.3748,9.90601,7.44638,-2.20419,-0.667336,-0.696976,0.6549,0.7637,0.9451,0.08
u799,0.014,13.2449,-2.66425,-12.9865,-1.3695,0.900988,1.6069,0.6593,0.7648,0.9407,0.08
u800,0.014,7.28906,-16.309,-3.71372,-0.967111,0.820317,-0.0267293,0.6683,0.7671,0.9317,0.08
u801,0.014,18.6127,-7.20032,-4.40276,0.576646,1.88294,0.51299,0.6284,0.7571,0.9716,0.08
u802,0.014,-14.8748,-1.01957,4.94503,-0.273193,-1.45063,-0.916783,0.7144,0.7786,0.8856,0.08
u803,0.014,-2.53645,18.9751,-2.64003,0.179977,-0.791024,0.0770014,0.6486,0.7622,0.9514,0.08
u804,0.014,-12.9238,-12.7514,6.57399,0.943949,0.693584,1.14787,0.6489,0.7622,0.9511,0.08
u805,0.014,-1.90051,10.182,-12.1046,-2.96794,-2.09106,0.782343,0.7103,0.7776,0.8897,0.08
u806,0.014,4.74809,11.8684,2.58944,1.22923,1.25461,0.0941464,0.7629,0.7907,0.8371,0.08
u807,0.014,-5.30836,-0.452447,8.46748,0.111415,0.223675,0.225466,0.8181,0.8045,0.7819,0.08
u808,0.014,0.964702,20.0822,2.28528,-0.521209,-2.10751,0.683313,0.6321,0.758,0.9679,0.08
u809,0.014,-14.0133,2.65386,1.96126,-0.477325,0.11524,0.365861,0.7382,0.7846,0.8618,0.08
u810,0.014,14.4961,8.65576,0.841018,-1.57085,1.44202,0.289792,0.6926,0.7732,0.9074,0.08
u811,0.014,-16.6655,3.7111,8.33529,-0.191019,-0.955852,0.515587,0.6546,0.7636,0.9454,0.08
u812,0.014,4.23319,6.29994,-5.82948,-0.522898,0.337909,0.0318893,0.826,0.8065,0.774,0.08
u813,0.014,-7.57449,5.30998,9.23225,0.0540593,-1.33901,-0.934421,0.7624,0.7906,0.8376,0.08
u814,0.014,4.62038,19.3142,-1.15972,1.06902,0.39167,-0.0419248,0.6383,0.7596,0.9617,0.08
u815,0.014,5.51203,-3.37934,4.93766,-0.247767,-1.16018,-0.142733,0.8521,0.813,0.7479,0.08
u816,0.014,-7.72016,8.04196,-5.34321,0.691381,-0.461737,-0.334962,0.7752,0.7938,0.8248,0.08
u817,0.014,-7.24865,-8.94626,10.8519,0.29084,-2.03003,0.683041,0.7123,0.7781,0.8877,0.08
u818,0.014,-4.80363,5.36908,5.8461,0.0846401,0.127414,-0.684022,0.8313,0.8078,0.7687,0.08
u819,0.014,1.76778,-16.507,8.81668,1.17758,0.56629,0.534338,0.6582,0.7646,0.9418,0.08
u820,0.014,-2.56873,17.3539,1.97156,-0.273844,-0.738618,-1.57392,0.679,0.7698,0.921,0.08
u821,0.014,1.44753,-2.35318,3.97961,0.0150203,0.415444,-0.0926762,0.9119,0.828,0.6881,0.08
u822,0.014,-4.60717,13.686,-2.08711,-2.16284,-2.02365,-0.0900991,0.7347,0.7837,0.8653,0.08
u823,0.014,-2.30563,-11.6094,2.6091,0.952743,-1.82828,-0.415769,0.7796,0.7949,0.8204,0.08
u824,0.014,-17.1814,10.5835,-4.73965,-1.03309,-1.7723,1.06111,0.6231,0.7558,0.9769,0.08
u825,0.014,-0.771194,3.92394,-3.66372,1.20563,0.863108,0.412961,0.9014,0.8253,0.6986,0.08
u826,0.014,-2.32952,-4.66786,2.63686,2.0199,-0.279912,0.373873,0.8937,0.8234,0.7063,0.08
u827,0.014,12.1578,-16.8164,-4.48121,0.605883,2.58914,-1.60176,0.614,0.7535,0.986,0.08
u828,0.014,0.261687,3.34872,9.49316,0.282949,0.416,-0.145015,0.8169,0.8042,0.7831,0.08
u829,0.014,14.1598,-4.15086,5.08979,-0.292553,1.43932,0.70877,0.7162,0.7791,0.8838,0.08
u830,0.014,-2.91795,19.1933,-7.69007,-0.119479,-0.870785,1.05623,0.6203,0.7551,0.9797,0.08
u831,0.014,4.01514,10.1012,5.29571,-1.81252,1.96024,-0.0900374,0.7802,0.795,0.8198,0.08
u832,0.014,-9.51668,-4.94915,-2.05646,-0.377588,-1.49285,0.469704,0.8014,0.8004,0.7986,0.08
u833,0.014,0.164294,8.91151,-2.09012,-1.12726,1.29001,-1.28175,0.8335,0.8084,0.7665,0.08
u834,0.014,14.6278,10.5183,-8.0861,-1.2359,1.45095,-0.914677,0.6409,0.7602,0.9591,0.08
u835,0.014,-9.21932,1.72541,-0.0174121,0.347843,-0.0114723,0.208098,0.8295,0.8074,0.7705,0.08
u836,0.014,0.259799,16.8247,4.21632,-0.873965,1.35254,-0.777514,0.6846,0.7712,0.9154,0.08
u837,0.014,14.7179,1.06273,11.2464,-0.652961,1.13045,-0.209141,0.6627,0.7657,0.9373,0.08
u838,0.014,2.78022,-20.9523,-1.28614,1.33271,-0.37255,1.20388,0.615,0.7537,0.985,0.08
u839,0.014,-10.623,12.3449,-2.64299,-0.8679,0.300151,-0.441253,0.7,0.775,0.9,0.08
u840,0.014,-6.01134,14.4156,-7.72469,-0.83672,-1.23615,-0.27707,0.6832,0.7708,0.9168,0.08
u841,0.014,-8.94516,-3.62165,2.94018,-0.593935,-0.419184,0.347269,0.8166,0.8041,0.7834,0.08
u842,0.014,-5.69434,6.72795,-0.278844,-0.0632701,-1.4959,-1.45384,0.8397,0.8099,0.7603,0.08
u843,0.014,-5.06586,15.8984,-0.638288,-0.34917,-1.10283,0.660774,0.6964,0.7741,0.9036,0.08
u844,0.014,-16.4682,0.00589321,7.83393,-0.651309,0.147817,-0.615723,0.6684,0.7671,0.9316,0.08
u845,0.014,-5.9947,-9.3492,4.06577,0.112424,-1.32358,-0.124296,0.785,0.7962,0.815,0.08
u846,0.014,-1.40713,-8.8402,-7.39616,0.89852,0.692991,-0.408281,0.7889,0.7972,0.8111,0.08
u847,0.014,8.46303,-3.77722,3.5417,-0.781032,-0.417132,-0.579562,0.8196,0.8049,0.7804,0.08
u848,0.014,12.48,-11.785,0.864155,0.754428,-0.00835012,1.38357,0.6875,0.7719,0.9125,0.08
u849,0.014,-6.43976,0.0777689,-5.82835,0.560986,-1.05543,-0.105564,0.8421,0.8105,0.7579,0.08
u850,0.014,-4.7214,-6.88148,-7.37616,-0.428565,0.239527,-0.0170043,0.7975,0.7994,0.8025,0.08
u851,0.014,-2.06506,3.16229,1.52483,0.753627,-0.645934,-0.74403,0.9259,0.8315,0.6741,0.08
u852,0.014,18.7188,6.89616,-5.67011,1.6796,0.562722,0.758922,0.6229,0.7557,0.9771,0.08
u853,0.014,15.0028,9.33012,2.48054,-0.937572,0.437048,-1.33337,0.6756,0.7689,0.9244,0.08
u854,0.014,-2.75602,-10.9852,-1.18882,0.11845,-0.239139,0.774202,0.7929,0.7982,0.8071,0.08
u855,0.014,19.1079,-8.51317,-0.972611,0.158071,0.841023,-0.483852,0.6193,0.7548,0.9807,0.08
u856,0.014,-13.3792,13.2751,6.07213,-1.12561,-0.793745,-0.779201,0.64,0.76,0.96,0.08
u857,0.014,-2.89929,2.84193,11.1691,-0.271112,0.0491053,-0.172001,0.7839,0.796,0.8161,0.08
u858,0.014,5.28663,15.6667,7.9598,0.231213,-0.923357,0.789192,0.6663,0.7666,0.9337,0.08
u859,0.014,12.1372,13.2727,4.51908,1.23311,-0.434742,-0.516739,0.6628,0.7657,0.9372,0.08
u860,0.014,17.5576,10.1644,-3.8712,0.181148,-0.452221,-0.145344,0.6245,0.7561,0.9755,0.08
u861,0.014,-3.29899,-12.4491,9.63569,-0.210216,-2.1139,-1.44272,0.7076,0.7769,0.8924,0.08
u862,0.014,-6.47649,0.964646,-6.99769,-0.143199,-1.14729,-0.551778,0.8258,0.8064,0.7742,0.08
u863,0.014,4.19321,1.19033,-7.13401,1.05542,-0.608252,-1.55891,0.848,0.812,0.752,0.08
u864,0.014,4.41095,10.4501,-8.35719,-0.427494,0.481801,-1.70568,0.7438,0.786,0.8562,0.08
u865,0.014,-1.40548,-17.7675,1.88965,-0.0812364,-0.00543252,0.73997,0.6741,0.7685,0.9259,0.08
u866,0.014,16.2733,-1.11253,4.72129,-0.719947,0.890954,-0.0382081,0.6913,0.7728,0.9087,0.08
u867,0.014,-2.74687,-2.47222,-0.798096,0.965154,-0.0283566,0.722962,0.9313,0.8328,0.6687,0.08
u868,0.014,2.52632,-17.3035,-1.05096,2.38568,1.17708,-0.327313,0.6815,0.7704,0.9185,0.08
u869,0.014,6.23341,-12.8615,-8.09545,0.882235,1.04175,-0.940409,0.7013,0.7753,0.8987,0.08
u870,0.014,3.05334,-2.78678,-0.905858,0.777626,-0.663002,-1.3136,0.9231,0.8308,0.6769,0.08
u871,0.014,-1.18121,-12.5304,12.6907,-0.483011,-1.50253,-0.623527,0.675,0.7688,0.925,0.08
u872,0.014,4.53293,4.56161,-15.0678,-0.621064,0.359422,-0.380335,0.7021,0.7755,0.8979,0.08
u873,0.014,-2.56941,4.37599,2.22286,-0.504009,0.0365408,-0.704195,0.8993,0.8248,0.7007,0.08
u874,0.014,7.39013,-18.1485,-7.00183,1.55608,1.71459,1.67217,0.6217,0.7554,0.9783,0.08
u875,0.014,9.07272,15.6805,7.31427,0.245796,0.304709,0.319753,0.6448,0.7612,0.9552,0.08
u876,0.014,-4.66954,16.5683,-3.55423,-0.997512,0.312988,0.771237,0.6804,0.7701,0.9196,0.08
u877,0.014,9.13192,5.78779,-1.20818,0.922866,1.5682,1.51481,0.8022,0.8006,0.7978,0.08
u878,0.014,20.1362,-4.48917,0.00745407,-0.15838,1.8796,1.11891,0.6249,0.7562,0.9751,0.08
u879,0.014,-7.93726,-0.774234,-14.6395,0.379998,0.05508,-0.270852,0.6969,0.7742,0.9031,0.08
u880,0.014,3.87207,17.5785,5.46485,-0.366844,2.40144,-0.737737,0.658,0.7645,0.942,0.08
u881,0.014,16.9272,-9.5178,-4.30069,1.62028,0.0602326,0.493505,0.6384,0.7596,0.9616,0.08
u882,0.014,2.32056,-8.40109,-1.2368,1.11099,0.239342,0.390777,0.8399,0.81,0.7601,0.08
u883,0.014,-12.3103,9.31647,10.5615,-1.60079,-1.52573,1.16753,0.6599,0.765,0.9401,0.08
u884,0.014,11.4715,-3.8232,12.0075,-0.140728,2.10202,0.640887,0.6902,0.7725,0.9098,0.08
u885,0.014,-3.92398,-13.1694,-12.5041,0.957142,-0.418034,0.519404,0.6622,0.7655,0.9378,0.08
u886,0.014,0.645635,-17.2381,7.55992,1.7243,-0.00661245,-0.358087,0.6576,0.7644,0.9424,0.08
u887,0.014,13.9486,-6.11905,2.63722,-0.382911,0.319783,0.758729,0.7189,0.7797,0.8811,0.08
u888,0.014,10.734,-15.2484,2.28917,0.262212,0.959929,-0.0180336,0.6584,0.7646,0.9416,0.08
u889,0.014,-6.46243,18.3836,4.41862,-0.492304,-0.0395857,-0.468388,0.6367,0.7592,0.9633,0.08
u890,0.014,6.21166,-11.8865,-3.41554,0.918043,0.409196,0.5454,0.7484,0.7871,0.8516,0.08
u891,0.014,-13.6315,-15.2755,3.54273,1.48158,-0.945266,0.259932,0.6222,0.7556,0.9778,0.08
u892,0.014,2.9817,17.5019,1.88073,0.583378,0.394814,-0.547955,0.6754,0.7688,0.9246,0.08
u893,0.014,2.01388,1.69387,-9.49022,-1.19482,0.798612,-0.00558125,0.8209,0.8052,0.7791,0.08
u894,0.014,-0.051598,-1.85208,4.08218,2.26876,0.707945,-0.717655,0.9185,0.8296,0.6815,0.08
u895,0.014,-8.42126,2.72836,-2.26282,-0.166855,-0.467551,-0.0753739,0.8339,0.8085,0.7661,0.08
u896,0.014,-4.02711,-15.0142,6.01512,-0.0560496,0.849699,-0.739718,0.6969,0.7742,0.9031,0.08
u897,0.014,-14.0462,12.6337,-2.40327,-0.790001,-2.05772,-0.6361,0.6537,0.7634,0.9463,0.08
u898,0.014,-5.41184,2.88488,11.5591,0.300749,1.5051,0.56622,0.7621,0.7905,0.8379,0.08
u899,0.014,13.8432,-0.534969,4.35624,0.736674,0.192949,1.47214,0.736,0.784,0.864,0.08
u900,0.014,-3.83374,1.77308,7.18126,-0.316794,-1.11355,1.18607,0.8485,0.8121,0.7515,0.08
u901,0.014,-1.42891,-13.5328,5.67514,1.12405,-0.00638228,1.18487,0.7319,0.783,0.8681,0.08
u902,0.014,-8.87646,10.0702,-3.75094,-2.7526,-1.13495,0.572445,0.7466,0.7866,0.8534,0.08
u903,0.014,0.094754,2.15149,8.5058,-0.719925,-0.025676,-1.28323,0.8405,0.8101,0.7595,0.08
u904,0.014,7.92796,13.0378,4.95035,-0.0108828,-0.0163526,-0.871841,0.7083,0.7771,0.8917,0.08
u905,0.014,9.12016,-3.64813,-13.6396,0.0773139,0.140171,-0.576938,0.6944,0.7736,0.9056,0.08
u906,0.014,6.85405,16.2284,1.46729,-1.24432,0.236941,-0.475569,0.6786,0.7696,0.9214,0.08
u907,0.014,-1.3677,3.76715,10.0485,-0.453119,-0.969042,-1.16435,0.8033,0.8008,0.7967,0.08
u908,0.014,12.5422,5.79206,3.6274,-0.171238,0.306519,-0.225683,0.7403,0.7851,0.8597,0.08
u909,0.014,-11.3359,14.3427,4.52627,-1.17253,-1.07794,-1.15386,0.6576,0.7644,0.9424,0.08
u910,0.014,-16.6235,4.17139,-2.42724,0.390086,0.598393,0.314755,0.6853,0.7713,0.9147,0.08
u911,0.014,7.17581,-1.91402,4.47493,0.800947,-0.506485,0.646702,0.8424,0.8106,0.7576,0.08
u912,0.014,1.30236,-10.6841,-9.28229,1.74873,-1.31065,-0.798227,0.7416,0.7854,0.8584,0.08
u913,0.014,-18.7999,-9.47416,-0.23717,0.584813,-1.34855,0.162762,0.6172,0.7543,0.9828,0.08
u914,0.014,-1.53137,5.55967,13.131,-0.623353,-0.928093,0.306589,0.7392,0.7848,0.8608,0.08
u915,0.014,-19.6579,5.42276,5.17403,0.0608686,-1.12322,-1.00224,0.6175,0.7544,0.9825,0.08
u916,0.014,15.8861,1.9939,7.49398,-0.374073,2.10753,-0.329145,0.6786,0.7696,0.9214,0.08
u917,0.014,9.24831,-14.1703,6.5305,0.325518,0.0412498,-0.13078,0.6702,0.7676,0.9298,0.08
u918,0.014,10.3852,-6.58666,6.97616,-0.249027,1.05914,-0.137923,0.7429,0.7857,0.8571,0.08
u919,0.014,-1.43781,-6.76181,-6.9256,0.144466,-1.85167,-0.329037,0.8221,0.8055,0.7779,0.08
u920,0.014,-12.5354,17.1836,-0.194455,0.478832,-0.416691,0.783144,0.6133,0.7533,0.9867,0.08
u921,0.014,-1.39562,14.4908,1.22158,-0.294857,-0.241897,-2.05219,0.7344,0.7836,0.8656,0.08
u922,0.014,0.316845,16.4856,8.38241,-1.40415,0.26706,0.507526,0.6637,0.7659,0.9363,0.08
u923,0.014,5.05084,-8.84988,-0.550194,0.507005,0.957772,-1.8655,0.8145,0.8036,0.7855,0.08
u924,0.014,7.6432,-6.11538,-9.98625,-0.20996,-0.0311718,1.09918,0.7458,0.7864,0.8542,0.08
u925,0.014,1.21518,0.079226,-11.0941,0.549547,-0.427703,1.85129,0.7971,0.7993,0.8029,0.08
u926,0.014,-2.35044,-11.7619,-0.11308,0.604014,0.791877,-1.35281,0.7819,0.7955,0.8181,0.08
u927,0.014,6.61811,-4.72105,5.27602,0.310488,0.710156,-0.662909,0.8238,0.8059,0.7762,0.08
u928,0.014,0.437224,-7.83505,7.19024,1.37981,0.0702761,0.260455,0.8065,0.8016,0.7935,0.08
u929,0.014,9.90371,2.13391,2.13536,0.320487,1.45121,0.858802,0.8118,0.8029,0.7882,0.08
u930,0.014,-10.7528,-3.20418,-10.0503,0.00997514,-0.414981,0.845035,0.7261,0.7815,0.8739,0.08
u931,0.014,-8.14888,-19.0897,-1.0209,0.247482,-0.572636,-0.647347,0.6222,0.7555,0.9778,0.08
u932,0.014,-1.72092,7.40491,-7.53995,-1.28935,1.1332,-0.827758,0.8053,0.8013,0.7947,0.08
u933,0.014,0.449465,-4.15629,-10.057,0.542595,-0.250292,-0.415564,0.802,0.8005,0.798,0.08
u934,0.014,5.92768,1.89309,-13.8518,-0.0448462,2.67595,-1.08314,0.7239,0.781,0.8761,0.08
u935,0.014,15.1587,14.1216,-5.43615,-0.87391,-0.454706,0.819458,0.6106,0.7526,0.9894,0.08
u936,0.014,-4.30685,-2.68496,13.2699,-0.513945,-0.60519,-0.0946876,0.7417,0.7854,0.8583,0.08
u937,0.014,-20.7246,-0.706673,2.25206,0.871314,-0.842224,-0.881266,0.6208,0.7552,0.9792,0.08
u938,0.014,16.2801,-1.46515,9.85162,0.40583,1.18702,0.0210064,0.653,0.7632,0.947,0.08
u939,0.014,8.97462,-6.5997,-8.9099,0.413937,-1.15515,0.502109,0.7406,0.7852,0.8594,0.08
u940,0.014,-2.62117,6.91322,-5.85435,-0.181669,0.303615,-0.575653,0.8285,0.8071,0.7715,0.08
u941,0.014,3.87447,8.3477,1.05981,-0.95301,-0.848186,-0.160165,0.8316,0.8079,0.7684,0.08
u942,0.014,12.489,-6.12652,0.0670329,0.736576,1.46516,0.539838,0.7471,0.7868,0.8529,0.08
u943,0.014,8.82584,17.237,4.19152,0.113302,1.38241,1.53231,0.6398,0.7599,0.9602,0.08
u944,0.014,0.133284,7.30304,-10.0502,-1.17779,-0.625995,0.0677093,0.7741,0.7935,0.8259,0.08
u945,0.014,-9.4161,-16.0461,-1.48789,0.147766,-1.00612,-0.310047,0.6606,0.7652,0.9394,0.08
u946,0.014,9.8048,-4.71246,5.84215,0.662626,0.957532,1.19592,0.7755,0.7939,0.8245,0.08
u947,0.014,-3.68245,-2.02515,-11.0213,0.737132,0.737297,-0.169567,0.7855,0.7964,0.8145,0.08
u948,0.014,-3.9155,-13.445,-7.5844,1.29817,0.0333264,0.262489,0.7104,0.7776,0.8896,0.08
u949,0.014,-4.47227,-13.3652,12.6139,0.435351,0.286605,-0.0490726,0.6561,0.764,0.9439,0.08
u950,0.014,16.2247,2.49061,-10.4957,0.0339234,1.61294,0.655355,0.6458,0.7614,0.9542,0.08
u951,0.014,17.9414,6.70583,-6.38607,-0.211781,0.835477,0.683738,0.6329,0.7582,0.9671,0.08
u952,0.014,-10.3339,3.338,-6.83008,-1.03711,-0.924572,-0.342292,0.7667,0.7917,0.8333,0.08
u953,0.014,-18.4337,2.3854,7.21356,1.25235,-0.451974,1.05449,0.6375,0.7594,0.9625,0.08
u954,0.014,6.23398,-14.36,-8.19471,0.3448,0.660473,-0.807668,0.6787,0.7697,0.9213,0.08
u955,0.014,-2.54498,-10.8598,7.53852,0.00227959,-0.66814,1.08355,0.7552,0.7888,0.8448,0.08
u956,0.014,5.35792,1.24574,-0.1372,0.0352841,-0.800369,0.45404,0.9,0.825,0.7,0.08
u957,0.014,13.0652,-12.3094,-7.32735,1.05225,1.06105,-0.347875,0.6475,0.7619,0.9525,0.08
u958,0.014,8.24402,-11.6772,-5.29306,-1.10098,0.800128,0.34892,0.7229,0.7807,0.8771,0.08
u959,0.014,17.7799,-11.5011,-0.712772,1.24271,-0.0751114,-1.19904,0.6148,0.7537,0.9852,0.08
u960,0.014,-5.10718,-14.6084,-9.71559,2.22261,0.187799,0.59404,0.6678,0.7669,0.9322,0.08
u961,0.014,-3.70644,-3.26596,7.80058,0.45268,-0.536979,-0.220438,0.8321,0.808,0.7679,0.08
u962,0.014,-3.8183,10.9979,13.6334,-1.9103,-1.26779,0.991948,0.674,0.7685,0.926,0.08
u963,0.014,-3.31141,15.3782,-7.71342,0.519644,0.779793,0.550388,0.6815,0.7704,0.9185,0.08
u964,0.014,18.8477,5.3233,-2.78441,1.37544,0.920981,1.1543,0.6403,0.7601,0.9597,0.08
u965,0.014,17.0968,-10.372,6.66654,0.25364,0.443907,-0.136327,0.6167,0.7542,0.9833,0.08
u966,0.014,-20.3858,-1.66789,-3.46403,-0.744041,-0.279474,-1.40804,0.6228,0.7557,0.9772,0.08
u967,0.014,6.2321,-12.1951,-0.384859,-1.00164,0.354929,1.60418,0.7509,0.7877,0.8491,0.08
u968,0.014,3.46787,-14.5351,6.75281,1.50403,-0.960259,-0.289099,0.7019,0.7755,0.8981,0.08
u969,0.014,-1.89388,-7.75858,-0.972246,-0.688284,-1.72903,0.683929,0.8537,0.8134,0.7463,0.08
u970,0.014,17.4975,8.90242,3.59054,-0.171121,1.43058,-0.524443,0.6371,0.7593,0.9629,0.08
u971,0.014,3.29039,7.04341,3.32701,0.462793,-1.36501,-0.339446,0.8463,0.8116,0.7537,0.08
u972,0.014,-4.84208,-2.87987,-1.02147,0.0768474,-0.624583,-0.39731,0.8959,0.824,0.7041,0.08
u973,0.014,-10.0059,7.59672,-13.0886,0.0366231,0.159265,0.0188592,0.6701,0.7675,0.9299,0.08
u974,0.014,-6.99599,13.5735,7.98846,0.0217729,-1.08703,0.129276,0.6867,0.7717,0.9133,0.08
u975,0.014,5.23478,20.4085,-2.45735,-2.22412,1.4189,0.109163,0.6143,0.7536,0.9857,0.08
u976,0.014,-12.6949,-8.48082,-1.0559,0.57175,-0.731844,-1.60213,0.7218,0.7804,0.8782,0.08
u977,0.014,-9.1976,-4.86552,5.38843,0.390631,-1.6312,1.09038,0.787,0.7967,0.813,0.08
u978,0.014,12.5424,15.6026,-5.10733,-1.06968,1.59345,1.1303,0.6244,0.7561,0.9756,0.08
u979,0.014,-11.6982,-4.16769,-8.56671,0.091468,-0.235882,0.559647,0.7257,0.7814,0.8743,0.08
u980,0.014,-11.2564,12.0068,8.7049,0.0828886,-0.832648,0.590047,0.6615,0.7654,0.9385,0.08
u981,0.014,-3.63632,7.99937,-4.53679,-1.6085,-0.0486722,-0.911873,0.8202,0.805,0.7798,0.08
u982,0.014,13.7464,13.1517,-4.86355,-0.254961,0.478072,0.452044,0.643,0.7607,0.957,0.08
u983,0.014,-7.43786,13.9818,1.67671,-0.487358,-0.615374,0.891734,0.7104,0.7776,0.8896,0.08
u984,0.014,4.07335,6.16979,-13.7844,-1.05492,0.248286,0.235313,0.7156,0.7789,0.8844,0.08
u985,0.014,-0.867033,11.0666,13.4567,-0.143647,-0.819762,-0.738551,0.6828,0.7707,0.9172,0.08
u986,0.014,-14.8672,12.6077,-3.38552,-0.701534,0.924653,1.0202,0.6403,0.7601,0.9597,0.08
u987,0.014,0.748307,-10.155,-2.05733,0.193985,0.64397,0.234633,0.8111,0.8028,0.7889,0.08
u988,0.014,8.56808,-7.00882,6.83648,0.954379,2.33558,0.555369,0.7634,0.7909,0.8366,0.08
u989,0.014,-11.1031,-14.9149,-7.11743,0.183723,-0.174388,0.188519,0.638,0.7595,0.962,0.08
u990,0.014,-2.88701,-14.6265,-7.55305,0.297328,-0.180982,-0.501227,0.6961,0.774,0.9039,0.08
u991,0.014,4.34801,1.12539,-10.2678,0.316432,0.548152,0.411656,0.7962,0.7991,0.8038,0.08
u992,0.014,-5.17451,-6.62955,3.40667,0.932854,-1.33573,-0.08657,0.835,0.8088,0.765,0.08
u993,0.014,13.3485,-11.8181,0.151912,0.384801,0.21417,0.482391,0.6758,0.769,0.9242,0.08
u994,0.014,1.2822,-8.74008,-2.65191,0.746475,-0.765405,-0.637266,0.8323,0.8081,0.7677,0.08
u995,0.014,-1.26607,2.34631,-14.9068,-1.19817,0.926122,1.52696,0.7247,0.7812,0.8753,0.08
u996,0.014,9.89414,9.8209,-2.86455,0.844966,-0.0291521,-1.56606,0.7412,0.7853,0.8588,0.08
u997,0.014,-6.949,19.9818,-4.04332,-0.575202,-0.795666,0.548551,0.6084,0.7521,0.9916,0.08
u998,0.014,15.8782,-10.9948,-4.67847,0.539628,0.41635,0.372394,0.6387,0.7597,0.9613,0.08
u999,0.014,5.46752,3.26473,-4.24169,-0.432836,0.30697,0.263586,0.8609,0.8152,0.7391,0.08
u1000,0.014,5.20383,11.0487,-10.1594,-0.566217,1.47937,0.408946,0.7112,0.7778,0.8888,0.08
u1001,0.014,6.81231,-8.14436,8.14149,0.0302652,0.527592,0.0318635,0.7567,0.7892,0.8433,0.08
u1002,0.014,10.8394,-8.93404,10.3939,-0.0210059,0.627865,1.64447,0.6823,0.7706,0.9177,0.08
u1003,0.014,10.3295,-10.7811,-12.0183,-0.185647,0.0186442,-1.49503,0.6515,0.7629,0.9485,0.08
u1004,0.014,3.47155,-11.0331,-10.7493,0.391848,1.05331,-0.442533,0.7129,0.7782,0.8871,0.08
u1005,0.014,0.31888,-12.9252,-1.2508,1.50666,0.632155,0.520241,0.7638,0.791,0.8362,0.08
u1006,0.014,2.61093,17.3365,3.02745,0.128302,-0.707797,0.673791,0.6765,0.7691,0.9235,0.08
u1007,0.014,4.54742,19.8747,-3.82493,-1.22718,0.053917,-1.15176,0.6228,0.7557,0.9772,0.08
u1008,0.014,-19.0423,9.10224,2.77123,-1.0658,0.429751,-0.38326,0.613,0.7532,0.987,0.08
u1009,0.014,-8.8648,-10.9375,-5.89282,-0.0136287,-0.376117,1.09982,0.7225,0.7806,0.8775,0.08
u1010,0.014,15.5678,1.15803,-0.148004,-0.484226,1.28185,1.13224,0.7162,0.779,0.8838,0.08
u1011,0.014,0.0926843,-1.32325,-0.393762,-0.861473,-0.537037,-1.30791,0.9748,0.8437,0.6252,0.08
u1012,0.014,-16.5029,8.13365,-4.10023,0.862942,-1.36978,-1.03873,0.6573,0.7643,0.9427,0.08
u1013,0.014,-3.36516,-15.6969,4.67543,-0.118254,-0.313075,0.208788,0.696,0.774,0.904,0.08
u1014,0.014,-0.723457,9.28776,10.8456,-1.13918,-0.0177815,0.145659,0.74,0.785,0.86,0.08
u1015,0.014,-11.0796,-3.80136,-9.18852,-0.00271382,-0.981991,1.31679,0.7293,0.7823,0.8707,0.08
u1016,0.014,3.84584,-16.3899,6.11263,2.32094,1.10633,-0.432885,0.6744,0.7686,0.9256,0.08
u1017,0.014,-14.1906,-6.80632,4.8707,0.94662,-0.99798,-1.28564,0.7005,0.7751,0.8995,0.08
u1018,0.014,2.70813,-4.41705,6.17978,-1.6449,0.114751,1.21625,0.8534,0.8133,0.7466,0.08
u1019,0.014,-3.39218,16.9185,0.695265,-1.18957,-0.943325,-0.0390882,0.686,0.7715,0.914,0.08
u1020,0.014,10.6795,-17.1683,-5.77166,1.529,-0.523274,0.760554,0.6177,0.7544,0.9823,0.08
u1021,0.014,2.62583,3.61975,-6.54997,0.237279,0.729012,0.164973,0.8558,0.814,0.7442,0.08
u1022,0.014,6.12597,-6.96805,12.6261,-0.139867,1.49894,1.34762,0.7151,0.7788,0.8849,0.08
u1023,0.014,-12.3603,3.82855,-2.79424,1.01433,-0.469455,0.409136,0.7593,0.7898,0.8407,0.08
u1024,0.014,-5.57952,4.70763,-14.2766,1.15883,1.17983,-0.557021,0.7085,0.7771,0.8915,0.08
u1025,0.014,2.55389,11.4317,12.4527,-1.27396,-0.795385,-0.507695,0.6892,0.7723,0.9108,0.08
u1026,0.014,1.12616,3.12701,10.8001,-1.92764,-1.76394,-0.0231145,0.7945,0.7986,0.8055,0.08
u1027,0.014,-3.30627,-12.1235,-5.03235,0.274844,-0.43967,0.00903019,0.7539,0.7885,0.8461,0.08
u1028,0.014,9.17934,-4.89803,12.3768,0.776681,0.438132,-0.616502,0.706,0.7765,0.894,0.08
u1029,0.014,-0.534269,-13.0328,-12.9387,1.54915,-0.879016,-0.668531,0.666,0.7665,0.934,0.08
u1030,0.014,0.106019,-3.28912,-1.0992,0.10603,-0.134813,-1.22092,0.9369,0.8342,0.6631,0.08
u1031,0.014,-12.0462,-4.91451,-2.63798,0.0667674,-0.301202,0.440408,0.7586,0.7897,0.8414,0.08
u1032,0.014,-3.81797,-6.67489,-0.975153,-0.146144,-0.798972,-0.796609,0.8591,0.8148,0.7409,0.08
u1033,0.014,10.1821,-14.6871,3.56353,0.990509,0.414226,0.283942,0.6687,0.7672,0.9313,0.08
u1034,0.014,9.23715,-12.4481,8.06826,0.484669,0.507962,0.0107704,0.6823,0.7706,0.9177,0.08
u1035,0.014,1.04548,9.21573,-6.448,-1.19054,-0.223351,-0.766655,0.7946,0.7987,0.8054,0.08
u1036,0.014,10.9186,-7.7054,6.05585,0.496443,1.31796,-0.353259,0.7332,0.7833,0.8668,0.08
u1037,0.014,9.67446,-7.50133,5.48449,0.601536,0.110393,0.236317,0.7561,0.789,0.8439,0.08
u1038,0.014,-18.5415,-0.685228,3.39558,0.243727,-1.48749,-0.636678,0.657,0.7643,0.943,0.08
u1039,0.014,-11.1644,-3.77758,11.5186,0.712879,-1.16411,-0.330591,0.7004,0.7751,0.8996,0.08
u1040,0.014,4.88886,9.55352,5.53882,-2.48273,-1.21679,0.583106,0.7804,0.7951,0.8196,0.08
u1041,0.014,-6.10601,-6.81841,6.22034,0.46635,-0.514533,-0.343631,0.7988,0.7997,0.8012,0.08
u1042,0.014,-13.1618,9.26173,7.9081,0.415613,0.227317,0.712605,0.674,0.7685,0.926,0.08
u1043,0.014,-2.12837,-17.6817,4.33486,0.694868,1.33186,0.442888,0.6667,0.7667,0.9333,0.08
u1044,0.014,12.4816,-11.0209,-4.31793,-0.491302,0.635214,-0.298437,0.6872,0.7718,0.9128,0.08
u1045,0.014,8.84439,12.0062,-5.61783,-0.535001,0.10956,1.59675,0.7103,0.7776,0.8897,0.08
u1046,0.014,-9.14716,1.83967,-14.1158,-1.01336,0.703797,-0.801277,0.6924,0.7731,0.9076,0.08
u1047,0.014,3.83246,-2.56444,-2.84935,-0.445185,-0.360934,-0.281771,0.9014,0.8254,0.6986,0.08
u1048,0.014,9.93883,-4.03878,-4.88239,-0.449755,0.908057,-2.71251,0.7857,0.7964,0.8143,0.08
u1049,0.014,-4.98392,14.946,5.1319,-0.910119,-0.981251,-1.08809,0.6987,0.7747,0.9013,0.08
u1050,0.014,20.1076,2.75982,2.04266,-0.265261,2.47812,0.602264,0.6291,0.7573,0.9709,0.08
u1051,0.014,13.8335,10.5756,-5.94528,0.967445,-0.78882,0.187351,0.6655,0.7664,0.9345,0.08
u1052,0.014,-3.99171,-4.61613,7.32038,0.318461,0.831754,0.426075,0.8267,0.8067,0.7733,0.08
u1053,0.014,18.2878,9.10949,2.72648,-1.10347,1.61531,0.428657,0.6252,0.7563,0.9748,0.08
u1054,0.014,-6.74613,-4.38772,-1.8612,0.996227,1.51069,-1.11085,0.8498,0.8125,0.7502,0.08
u1055,0.014,11.2989,11.2911,-3.84043,-1.0577,0.996429,0.039774,0.7013,0.7753,0.8987,0.08
u1056,0.014,-20.6496,-5.15409,2.04338,-0.0144346,-0.533363,1.00073,0.6113,0.7528,0.9887,0.08
u1057,0.014,2.22555,2.16183,14.6356,0.107773,0.881863,1.1748,0.728,0.782,0.872,0.08
u1058,0.014,3.42497,-3.21537,11.6301,-0.362647,0.431106,0.0804526,0.7719,0.793,0.8281,0.08
u1059,0.014,6.46219,-12.164,9.05338,0.761554,-2.11784,-0.0506347,0.7003,0.7751,0.8997,0.08
u1060,0.014,6.18636,3.48943,6.48514,-0.882589,1.31873,-0.69216,0.8251,0.8063,0.7749,0.08
u1061,0.014,14.9157,15.2466,2.93546,0.551366,0.551296,0.0149514,0.6085,0.7521,0.9915,0.08
u1062,0.014,-10.5318,14.0228,-9.85952,-0.692183,0.287068,-0.0134062,0.6342,0.7586,0.9658,0.08
u1063,0.014,-3.26889,2.18906,1.07844,-0.200453,-0.183186,-0.618177,0.9258,0.8315,0.6742,0.08
u1064,0.014,7.08758,11.2223,0.576977,-1.60738,0.348824,0.46045,0.7584,0.7896,0.8416,0.08
u1065,0.014,13.2354,-3.41345,12.6125,0.352218,1.14383,0.477284,0.6618,0.7655,0.9382,0.08
u1066,0.014,-0.205135,0.369209,-14.8928,0.707317,0.140626,0.13308,0.7291,0.7823,0.8709,0.08
u1067,0.014,-8.11871,12.6483,8.86269,-0.60778,-0.230054,0.0154565,0.6828,0.7707,0.9172,0.08
u1068,0.014,18.7095,-2.16723,0.628736,0.706544,0.722047,-1.30767,0.6574,0.7643,0.9426,0.08
u1069,0.014,-11.8011,-8.40267,-0.127154,0.941569,-0.577178,0.84342,0.7366,0.7841,0.8634,0.08
u1070,0.014,3.18802,14.0924,4.4955,0.383076,0.393928,0.313978,0.7249,0.7812,0.8751,0.08
u1071,0.014,1.36969,19.6379,-4.02722,-0.770904,0.603901,0.241502,0.6347,0.7587,0.9653,0.08
u1072,0.014,-16.4625,7.053,4.53424,-1.10162,-1.93121,-0.196453,0.6641,0.766,0.9359,0.08
u1073,0.014,-13.362,-6.4516,-6.59236,0.575097,-0.703279,-1.09316,0.7048,0.7762,0.8952,0.08
u1074,0.014,-14.0166,2.84755,4.00777,-0.228323,-1.83134,-0.0799717,0.7299,0.7825,0.8701,0.08
u1075,0.014,11.9504,-11.1363,1.39397,-0.0192999,-0.204063,0.280075,0.7019,0.7755,0.8981,0.08
u1076,0.014,5.84128,14.5812,11.2709,-2.69354,0.0115817,1.26175,0.6485,0.7621,0.9515,0.08
u1077,0.014,20.8461,2.20499,1.11385,-1.07643,0.792132,1.20522,0.6183,0.7546,0.9817,0.08
u1078,0.014,-13.3517,-11.492,6.28917,0.0811431,-0.92382,-0.902072,0.6599,0.765,0.9401,0.08
u1079,0.014,-5.19731,0.431174,12.4561,-0.907303,-1.02651,0.135181,0.7545,0.7886,0.8455,0.08
u1080,0.014,-8.40764,-18.4868,-5.75177,1.22145,1.09699,1.20138,0.6162,0.7541,0.9838,0.08
u1081,0.014,0.41161,-19.5149,-2.05545,1.94416,-1.49735,0.50318,0.6431,0.7608,0.9569,0.08
u1082,0.014,-0.29511,4.08829,16.0888,0.0955929,-1.50799,-1.06095,0.6981,0.7745,0.9019,0.08
u1083,0.014,0.153184,11.1057,-10.3719,-0.982978,-0.0496248,-0.121414,0.7237,0.7809,0.8763,0.08
u1084,0.014,-3.62359,-5.36486,-0.369491,-0.834877,-0.0619395,-0.406675,0.8821,0.8205,0.7179,0.08
u1085,0.014,4.27235,7.14517,-10.7261,-0.882275,-0.398767,1.2416,0.7531,0.7883,0.8469,0.08
u1086,0.014,-1.52527,-13.6689,-3.13912,-0.058861,-0.475274,1.22015,0.7435,0.7859,0.8565,0.08
u1087,0.014,-2.08527,11.6828,-4.77035,-1.01608,-0.537264,-2.19071,0.7674,0.7919,0.8326,0.08
u1088,0.014,-8.92447,13.6785,10.6788,-3.03645,-0.933135,-0.589395,0.6452,0.7613,0.9548,0.08
u1089,0.014,6.80659,19.7182,2.42368,0.173538,0.739167,0.122106,0.6182,0.7545,0.9818,0.08
u1090,0.014,-1.04178,-11.0151,-8.83663,0.784487,-0.300131,-0.662948,0.7425,0.7856,0.8575,0.08
u1091,0.014,15.8172,-12.1731,-2.18071,0.798571,0.663289,-0.497422,0.6349,0.7587,0.9651,0.08
u1092,0.014,-0.665814,0.4024,-2.36524,-0.0106757,1.13251,-0.0386712,0.9547,0.8387,0.6453,0.08
u1093,0.014,-5.41982,8.27863,11.6856,-2.213,-0.0921326,-1.07744,0.7216,0.7804,0.8784,0.08
u1094,0.014,-11.2548,5.44139,12.7293,0.638996,0.50868,-0.723411,0.6756,0.7689,0.9244,0.08
u1095,0.014,-8.06114,16.7478,-5.37097,-0.639481,-1.42206,0.188595,0.6482,0.7621,0.9518,0.08
u1096,0.014,1.9323,14.251,-9.81652,-0.403874,0.669857,-0.747787,0.6834,0.7709,0.9166,0.08
u1097,0.014,1.11473,7.55562,9.00565,-1.90983,-0.217656,-1.24045,0.7853,0.7963,0.8147,0.08
u1098,0.014,11.3267,11.0924,6.43712,-0.892089,0.778427,0.538288,0.6889,0.7722,0.9111,0.08
u1099,0.014,3.1641,-9.65722,8.97248,0.467415,0.0431675,-0.503371,0.7535,0.7884,0.8465,0.08
u1100,0.014,8.67709,16.1498,8.72161,-0.505756,0.0270564,0.0643399,0.6309,0.7577,0.9691,0.08
u1101,0.014,1.72288,-14.7758,1.27948,1.8567,-1.76064,-0.350857,0.7285,0.7821,0.8715,0.08
u1102,0.014,-3.03193,-13.6055,5.53535,0.779519,-0.237848,1.09024,0.7273,0.7818,0.8727,0.08
u1103,0.014,9.40685,6.78676,-13.4515,-0.461175,1.30302,1.09269,0.6771,0.7693,0.9229,0.08
u1104,0.014,-5.86581,1.0784,-10.8036,-1.81421,-0.752953,-0.269766,0.7756,0.7939,0.8244,0.08
u1105,0.014,5.5047,-8.88552,-3.74215,1.0958,-0.117418,-0.931279,0.7981,0.7995,0.8019,0.08
u1106,0.014,16.422,1.68369,-9.54028,-1.52675,0.0951546,-0.499686,0.6533,0.7633,0.9467,0.08
u1107,0.014,4.31134,6.64694,-6.94717,-0.486023,-1.43887,0.351337,0.8084,0.8021,0.7916,0.08
u1108,0.014,-12.6074,-12.7892,-3.41135,0.720346,0.975417,-0.0657497,0.6676,0.7669,0.9324,0.08
u1109,0.014,16.9962,-0.0171724,2.34179,0.235351,0.276726,-0.65296,0.6881,0.772,0.9119,0.08
u1110,0.014,-17.6915,-3.86986,8.86391,-1.98851,0.0911929,0.997882,0.6334,0.7584,0.9666,0.08
u1111,0.014,-6.03534,-8.00123,-14.1118,0.229602,-0.310576,-1.0279,0.6853,0.7713,0.9147,0.08
u1112,0.014,-7.42321,5.07414,14.0723,0.194456,-0.527109,0.61292,0.6964,0.7741,0.9036,0.08
u1113,0.014,10.169,12.062,8.16608,-1.09742,0.430217,-1.46855,0.677,0.7693,0.923,0.08
u1114,0.014,-10.4787,7.04539,-9.9247,0.193175,-1.56381,1.1156,0.708,0.777,0.892,0.08
u1115,0.014,-0.369315,1.95129,-5.95817,-0.818395,-1.90582,0.352082,0.8858,0.8215,0.7142,0.08
u1116,0.014,3.17836,-6.75201,8.00368,0.428476,0.0495077,0.276537,0.801,0.8003,0.799,0.08
u1117,0.014,5.12798,-5.50605,-10.9253,0.427789,0.164376,-0.160642,0.7588,0.7897,0.8412,0.08
u1118,0.014,-3.27149,-2.44171,-8.16481,-0.901104,1.45373,-0.794173,0.834,0.8085,0.766,0.08
u1119,0.014,-0.0168969,-18.4545,-1.48231,-0.249492,0.0499856,-0.780463,0.6634,0.7658,0.9366,0.08
u1120,0.014,10.3639,-19.0965,2.07592,1.30928,-0.46984,0.703136,0.6032,0.7508,0.9968,0.08
u1121,0.014,3.47555,-15.109,10.5828,1.9829,1.07368,1.89756,0.6587,0.7647,0.9413,0.08
u1122,0.014,-14.0361,0.396487,11.8644,-0.213977,-1.13594,0.948218,0.6658,0.7664,0.9342,0.08
u1123,0.014,2.0919,-16.7113,10.4064,-0.537829,-0.657678,0.43954,0.64,0.76,0.96,0.08
u1124,0.014,-16.0217,10.9928,3.30472,-0.437673,0.293973,0.0448446,0.6416,0.7604,0.9584,0.08
u1125,0.014,10.6422,-14.591,-8.23012,1.37842,0.16703,0.28714,0.6392,0.7598,0.9608,0.08
u1126,0.014,20.8197,2.69077,0.192335,-0.190126,1.32822,1.73117,0.6183,0.7546,0.9817,0.08
u1127,0.014,-4.70868,-10.6968,3.1721,-0.507533,-0.646913,-0.263066,0.7798,0.795,0.8202,0.08
u1128,0.014,10.1791,11.3307,7.83345,0.00506917,0.596561,0.844712,0.6886,0.7721,0.9114,0.08
u1129,0.014,-10.795,-17.7747,1.86863,1.05803,-1.43419,-1.29704,0.6204,0.7551,0.9796,0.08
u1130,0.014,3.99446,-19.9405,-5.96233,3.26673,0.493868,0.0164698,0.6147,0.7537,0.9853,0.08
u1131,0.014,7.52711,15.6174,5.3061,-1.46951,0.28834,0.170202,0.6704,0.7676,0.9296,0.08
u1132,0.014,-8.14206,2.51213,13.5731,-0.627311,-0.314199,0.253318,0.7086,0.7772,0.8914,0.08
u1133,0.014,-10.8621,-10.6852,2.3888,0.650453,-0.514502,0.393805,0.7196,0.7799,0.8804,0.08
u1134,0.014,-10.7272,-4.64268,5.92684,-0.430756,-0.570891,0.792006,0.7617,0.7904,0.8383,0.08
u1135,0.014,7.66517,-0.582412,-9.63246,-0.237933,0.212993,0.646846,0.7759,0.794,0.8241,0.08
u1136,0.014,-16.0556,-4.67465,7.57717,0.419393,-2.44363,0.181288,0.6662,0.7666,0.9338,0.08
u1137,0.014,-15.4889,2.56647,1.42663,-0.757481,-0.447056,0.940179,0.7134,0.7783,0.8866,0.08
u1138,0.014,-12.7289,6.13394,-4.76552,0.604419,-1.80501,-0.480641,0.7289,0.7822,0.8711,0.08
u1139,0.014,-9.59027,-8.53001,2.66852,-0.554869,-0.433209,-0.410619,0.7616,0.7904,0.8384,0.08
u1140,0.014,8.3574,-3.05541,2.00108,1.99938,-0.203879,0.281278,0.8342,0.8085,0.7658,0.08
u1141,0.014,-3.19644,-4.38315,0.766912,1.56443,-0.623697,0.117996,0.9004,0.8251,0.6996,0.08
u1142,0.014,14.706,2.35292,-8.29971,-0.0909864,1.57975,-0.126269,0.69,0.7725,0.91,0.08
u1143,0.014,16.6842,0.666285,8.44357,1.10073,0.967013,0.560388,0.6598,0.7649,0.9402,0.08
u1144,0.014,-5.86542,10.5819,12.6216,-1.35337,0.306456,-0.745838,0.6821,0.7705,0.9179,0.08
u1145,0.014,-0.49125,9.67155,-1.47519,-0.677108,-0.664969,1.18022,0.8219,0.8055,0.7781,0.08
u1146,0.014,-13.125,16.2548,-1.66558,-1.48924,-0.524142,-0.978323,0.6189,0.7547,0.9811,0.08
u1147,0.014,3.34064,-3.65152,1.12231,-0.41928,-0.459656,-0.478619,0.9077,0.8269,0.6923,0.08
u1148,0.014,-0.911909,-2.16833,3.61676,1.70357,1.02144,-0.743059,0.9216,0.8304,0.6784,0.08
u1149,0.014,-10.964,-6.90258,-9.7154,-0.870599,0.263656,-0.626668,0.7056,0.7764,0.8944,0.08
u1150,0.014,0.831107,10.816,-6.81985,0.405299,0.834844,0.706358,0.767,0.7918,0.833,0.08
u1151,0.014,5.49558,-9.77179,-9.41896,0.352727,-1.01473,0.215671,0.7338,0.7834,0.8662,0.08
u1152,0.014,7.05039,0.274991,5.33793,0.386797,-0.822536,-1.67694,0.8391,0.8098,0.7609,0.08
u1153,0.014,3.88052,-4.96296,0.207919,1.11926,0.55939,0.776355,0.8854,0.8213,0.7146,0.08
u1154,0.014,-1.00932,-14.9682,10.9532,0.334553,-0.204208,0.201744,0.6623,0.7656,0.9377,0.08
u1155,0.014,-14.6852,-0.416063,2.05301,-1.55962,-1.40682,-0.798175,0.7303,0.7826,0.8697,0.08
u1156,0.014,-5.85061,6.53503,-7.9776,0.719941,-0.606975,-0.600991,0.7844,0.7961,0.8156,0.08
u1157,0.014,6.07974,-9.14305,7.22841,-0.125607,-1.53062,2.6181,0.761,0.7902,0.839,0.08
u1158,0.014,1.30294,-5.78996,-3.18254,-0.670903,0.103687,0.992797,0.8776,0.8194,0.7224,0.08
u1159,0.014,14.7228,-10.7682,6.92955,1.52692,1.1399,-0.541751,0.6452,0.7613,0.9548,0.08
u1160,0.014,-10.0439,12.5111,-4.30348,-0.0556718,-0.346334,0.274898,0.698,0.7745,0.902,0.08
u1161,0.014,9.96974,-8.25666,9.09156,0.0998467,-1.9123,0.88173,0.7124,0.7781,0.8876,0.08
u1162,0.014,-0.604237,3.70974,0.793802,0.523894,1.11705,-1.7798,0.9302,0.8325,0.6698,0.08
u1163,0.014,10.963,-8.55782,-1.53608,0.404639,0.744393,0.631887,0.7456,0.7864,0.8544,0.08
u1164,0.014,-0.860615,-13.4241,-2.93543,-0.46568,-1.29466,0.902648,0.7497,0.7874,0.8503,0.08
u1165,0.014,-15.7135,6.49261,2.973,-0.38163,-0.445331,-1.22641,0.6862,0.7715,0.9138,0.08
u1166,0.014,-0.19513,-16.7036,-5.81419,0.850245,-0.0617437,-0.624589,0.6784,0.7696,0.9216,0.08
u1167,0.014,17.6167,-4.00361,-3.40409,-0.503482,0.133894,0.0282461,0.6657,0.7664,0.9343,0.08
u1168,0.014,9.09148,8.29539,-13.1147,-1.66657,1.05217,-0.392311,0.673,0.7682,0.927,0.08
u1169,0.014,-1.82516,3.05667,3.54715,0.602813,0.593047,0.10228,0.9086,0.8272,0.6914,0.08
u1170,0.014,0.515716,5.67928,-0.426335,-0.470757,-0.882907,1.09705,0.896,0.824,0.704,0.08
u1171,0.014,-7.98304,-8.40485,-2.60674,1.68585,-0.0862718,-0.284235,0.784,0.796,0.816,0.08
u1172,0.014,-3.58416,14.3511,-3.82965,-2.45772,0.171881,0.66483,0.7222,0.7805,0.8778,0.08
u1173,0.014,8.52301,-17.27,6.93096,1.90427,0.377112,-0.20571,0.6279,0.757,0.9721,0.08
u1174,0.014,-10.6759,8.86915,12.238,-0.820699,-0.484595,0.976572,0.6636,0.7659,0.9364,0.08
u1175,0.014,7.56866,13.8836,7.00303,0.392246,-0.273004,0.593355,0.6856,0.7714,0.9144,0.08
u1176,0.014,-11.6903,5.93669,-7.33537,-1.14957,-1.47019,-0.307689,0.7268,0.7817,0.8732,0.08
u1177,0.014,2.86866,-12.2648,-9.1191,-0.167794,1.23198,1.87741,0.7173,0.7793,0.8827,0.08
u1178,0.014,10.7982,18.1935,-1.11006,-1.34083,-0.127864,0.473616,0.6148,0.7537,0.9852,0.08
u1179,0.014,-12.1285,-16.9072,-4.02059,0.477912,-0.055301,-1.54034,0.6147,0.7537,0.9853,0.08
u1180,0.014,11.3172,18.1552,1.983,-1.15279,1.30024,-0.593123,0.6094,0.7523,0.9906,0.08
u1181,0.014,-0.320673,13.1051,-6.95331,-0.0625366,0.362524,0.387292,0.7302,0.7826,0.8698,0.08
u1182,0.014,20.5619,2.03116,-2.17738,0.793579,2.77947,-1.03964,0.6222,0.7556,0.9778,0.08
u1183,0.014,16.4673,-11.1536,-2.28078,0.153914,2.02397,0.262417,0.636,0.759,0.964,0.08
u1184,0.014,-7.27205,-6.78311,-4.41525,-1.05077,-0.221196,-1.19152,0.8022,0.8005,0.7978,0.08
u1185,0.014,8.57064,-6.01781,12.078,-0.418405,0.961671,1.62488,0.7093,0.7773,0.8907,0.08
u1186,0.014,-13.3162,-10.1708,8.68871,-0.480857,0.0757953,0.418228,0.6568,0.7642,0.9432,0.08
u1187,0.014,7.70651,-10.4848,12.4986,0.760581,-0.903662,0.425968,0.672,0.768,0.928,0.08
u1188,0.014,-10.1301,8.40348,-10.9618,-0.492968,-0.83971,-0.619835,0.6886,0.7721,0.9114,0.08
u1189,0.014,12.0733,2.44448,12.5308,-0.36423,0.281926,-0.524897,0.6805,0.7701,0.9195,0.08
u1190,0.014,-4.3186,-17.1615,8.38451,0.799229,-0.286759,1.61987,0.644,0.761,0.956,0.08
u1191,0.014,-7.76026,1.84095,3.06141,0.0499716,0.118174,-0.534322,0.8447,0.8112,0.7553,0.08
u1192,0.014,2.32611,10.6073,6.43098,0.045991,-0.351138,1.30082,0.7705,0.7926,0.8295,0.08
u1193,0.014,-6.98393,6.2292,7.28172,-0.47805,-1.19546,-1.26768,0.7844,0.7961,0.8156,0.08
u1194,0.014,-3.91899,-3.74699,-6.4858,0.641086,-0.139812,-0.322739,0.8463,0.8116,0.7537,0.08
u1195,0.014,-2.28725,-3.43088,-7.9768,-0.195466,-0.590657,-0.0169942,0.8367,0.8092,0.7633,0.08
u1196,0.014,8.15856,9.99814,2.17741,0.0332582,-0.210264,0.49934,0.7621,0.7905,0.8379,0.08
u1197,0.014,13.5839,5.36334,10.6783,0.495985,0.836626,-0.636719,0.6711,0.7678,0.9289,0.08
u1198,0.014,17.664,9.87274,3.261,-0.0355691,0.234825,0.305531,0.6273,0.7568,0.9727,0.08
u1199,0.014,-6.42613,9.47909,12.2662,-0.849222,-0.28468,-0.827396,0.6949,0.7737,0.9051,0.08
u1200,0.014,-0.397379,15.8673,0.405594,-0.672179,0.0812007,1.15456,0.7113,0.7778,0.8887,0.08
u1201,0.014,3.07162,11.1673,-6.90684,-0.722272,0.692539,0.390201,0.7548,0.7887,0.8452,0.08
u1202,0.014,9.08347,2.79572,-5.84226,-0.0234326,0.0459567,0.415927,0.7972,0.7993,0.8028,0.08
u1203,0.014,-1.2424,-15.4991,-7.54988,1.22667,-0.397252,-2.33742,0.6857,0.7714,0.9143,0.08
u1204,0.014,12.2883,-0.439673,-5.92037,-0.763256,1.22912,0.732597,0.7519,0.788,0.8481,0.08
u1205,0.014,0.175969,3.37078,-6.19436,-0.112468,0.989825,-0.223344,0.8717,0.8179,0.7283,0.08
u1206,0.014,-5.76431,5.87353,14.0418,0.368643,-1.35004,-1.00973,0.7041,0.776,0.8959,0.08
u1207,0.014,-14.4327,-2.93169,-3.85857,0.318843,-1.14782,0.374322,0.7232,0.7808,0.8768,0.08
u1208,0.014,-5.69994,18.2762,-2.81203,-0.364604,0.423918,-0.171974,0.6482,0.762,0.9518,0.08
u1209,0.014,-3.77,-11.6179,10.1046,0.178021,-0.786771,0.112934,0.7118,0.7779,0.8882,0.08
u1210,0.014,-10.8101,1.42663,3.72972,-1.16036,-1.42661,-0.42353,0.7905,0.7976,0.8095,0.08
u1211,0.014,3.14124,-10.2319,-9.13408,1.15635,-0.218834,0.433415,0.7442,0.786,0.8558,0.08
u1212,0.014,6.03453,17.0912,-2.57305,-2.25243,0.429191,-1.17927,0.6671,0.7668,0.9329,0.08
u1213,0.014,2.25739,0.409062,-8.35231,0.198523,-0.925945,0.210586,0.8425,0.8106,0.7575,0.08
u1214,0.014,-4.65165,12.8636,4.69956,-1.90426,0.189358,0.310899,0.737,0.7843,0.863,0.08
u1215,0.014,-10.3982,-6.15633,8.71781,-1.03922,-1.94867,0.206472,0.7291,0.7823,0.8709,0.08
u1216,0.014,-1.93653,-10.9008,-1.78526,0.297178,0.323523,1.17887,0.7961,0.799,0.8039,0.08
u1217,0.014,1.12377,-6.8519,-13.4233,1.28772,0.680988,-0.266421,0.7252,0.7813,0.8748,0.08
u1218,0.014,-5.34768,1.37477,2.72038,-1.19852,0.584767,-1.56922,0.8881,0.822,0.7119,0.08
u1219,0.014,11.3573,13.0161,-7.08305,-0.564838,-0.034683,1.10876,0.6605,0.7651,0.9395,0.08
u1220,0.014,8.44556,3.86525,1.99471,-0.866517,1.15964,-0.752522,0.8273,0.8068,0.7727,0.08
u1221,0.014,-1.10863,16.7402,2.51553,-1.36872,1.43822,-0.46335,0.6916,0.7729,0.9084,0.08
u1222,0.014,8.02866,-14.183,-5.26901,1.5409,1.28459,1.31507,0.6886,0.7721,0.9114,0.08
u1223,0.014,-8.04177,-4.0787,11.6217,2.0256,-0.716724,-1.26357,0.7326,0.7831,0.8674,0.08
u1224,0.014,-1.13516,19.8112,-2.92019,0.171687,-0.155117,-1.45905,0.6353,0.7588,0.9647,0.08
u1225,0.014,0.871969,11.5154,0.55376,-0.828466,-1.16832,0.529412,0.7898,0.7974,0.8102,0.08
u1226,0.014,3.26442,5.20961,-6.91098,-1.76695,-1.57928,-1.11525,0.8318,0.808,0.7682,0.08
u1227,0.014,-2.71799,-11.8951,4.37439,-0.0531312,0.122887,-0.0653921,0.7643,0.7911,0.8357,0.08
u1228,0.014,5.226,-1.73244,-0.187133,-0.319371,0.0743276,-0.450059,0.8998,0.825,0.7002,0.08
u1229,0.014,12.4053,-5.32079,10.9109,-0.604421,0.0885234,2.03837,0.6844,0.7711,0.9156,0.08
u1230,0.014,3.08846,9.152,1.78052,-1.49934,-0.95755,0.0463516,0.8214,0.8054,0.7786,0.08
u1231,0.014,13.9479,7.38341,3.17297,-0.543189,0.141979,0.447472,0.7073,0.7768,0.8927,0.08
u1232,0.014,-7.84029,-7.77203,-5.27357,0.37781,0.695777,0.00735134,0.7776,0.7944,0.8224,0.08
u1233,0.014,8.76853,-2.40659,4.3714,-0.121776,1.00134,-2.49216,0.8166,0.8041,0.7834,0.08
u1234,0.014,-10.3326,19.3631,0.489864,-1.52627,-0.479133,0.285403,0.6009,0.7502,0.9991,0.08
u1235,0.014,-3.36428,8.9659,-12.2592,-0.0333015,-0.468061,0.95909,0.7172,0.7793,0.8828,0.08
u1236,0.014,-1.90792,3.79824,-11.3755,-0.454109,0.358166,0.374546,0.7792,0.7948,0.8208,0.08
u1237,0.014,19.5601,-1.61499,5.79194,1.87175,0.592476,-0.883533,0.6279,0.757,0.9721,0.08
u1238,0.014,1.40943,-0.787315,-14.9131,-0.0162206,-0.0242494,-0.284277,0.7273,0.7818,0.8727,0.08
u1239,0.014,4.36768,-10.7025,-0.979692,-0.522895,-0.935982,0.166155,0.7891,0.7973,0.8109,0.08
u1240,0.014,8.17182,-13.9776,0.330153,1.54716,0.184914,2.386,0.7056,0.7764,0.8944,0.08
u1241,0.014,4.23852,-0.819752,-7.78139,-0.895962,-1.15146,1.07211,0.8382,0.8096,0.7618,0.08
u1242,0.014,21.0913,4.5869,-0.081308,-0.699408,0.264994,0.481719,0.6076,0.7519,0.9924,0.08
u1243,0.014,10.9991,-1.78361,8.27306,-1.61994,1.25095,1.24828,0.7477,0.7869,0.8523,0.08
u1244,0.014,-5.7969,-3.3794,5.16231,0.253685,2.21446,0.456906,0.8461,0.8115,0.7539,0.08
u1245,0.014,-6.05409,1.40883,7.51235,0.0770906,0.429441,-0.617994,0.8227,0.8057,0.7773,0.08
u1246,0.014,11.4079,10.8292,5.31915,0.012392,1.72471,-0.402438,0.6981,0.7745,0.9019,0.08
u1247,0.014,-1.70493,-5.01569,14.7605,-0.31349,-1.16812,0.636979,0.7149,0.7787,0.8851,0.08
u1248,0.014,-10.5464,8.69745,9.52628,-0.210162,0.269688,0.361044,0.6971,0.7743,0.9029,0.08
u1249,0.014,-2.57852,-4.64364,-6.66227,0.07532,0.149886,1.6496,0.8451,0.8113,0.7549,0.08
u1250,0.014,-4.891,-19.5146,0.343782,2.48411,-1.82289,0.591917,0.6342,0.7585,0.9658,0.08
u1251,0.014,17.0209,11.6786,3.158,-2.1027,-0.0337419,-0.506952,0.6203,0.7551,0.9797,0.08
u1252,0.014,-2.61066,-1.37222,-14.4808,-0.571844,0.636756,-1.23006,0.7313,0.7828,0.8687,0.08
u1253,0.014,-13.9444,14.1721,-0.717481,-1.45633,-0.30606,0.133268,0.6383,0.7596,0.9617,0.08
u1254,0.014,-11.1194,12.1409,10.7374,-0.523508,-0.149093,-0.547425,0.6426,0.7607,0.9574,0.08
u1255,0.014,13.8763,-3.48953,-11.3321,0.147982,0.718528,1.40199,0.6681,0.767,0.9319,0.08
u1256,0.014,15.1495,-9.36639,-4.6297,-0.788237,0.925884,-0.130527,0.6654,0.7664,0.9346,0.08
u1257,0.014,1.15723,-14.3976,4.13833,-1.8037,-0.879239,0.945938,0.7268,0.7817,0.8732,0.08
u1258,0.014,-6.45949,-3.79825,-13.6959,-2.07439,0.636781,-0.701385,0.7161,0.779,0.8839,0.08
u1259,0.014,-15.1135,-12.315,-4.33615,1.43518,0.16575,-0.855983,0.6369,0.7592,0.9631,0.08
u1260,0.014,7.34353,11.7823,1.54895,-0.252437,-0.00076994,1.33943,0.746,0.7865,0.854,0.08
u1261,0.014,1.19483,-0.0944685,-4.13938,-0.642082,0.669348,-0.478927,0.9216,0.8304,0.6784,0.08
u1262,0.014,17.8398,6.55241,-6.58942,0.46391,0.621609,-0.833259,0.6343,0.7586,0.9657,0.08
u1263,0.014,-0.05118,-3.85615,5.80431,-1.19374,-0.398072,0.827358,0.8733,0.8183,0.7267,0.08
u1264,0.014,2.03856,19.1237,-0.653959,-1.57568,0.515655,0.710992,0.6501,0.7625,0.9499,0.08
u1265,0.014,7.93905,-3.49944,3.11984,-0.12419,0.623562,-0.609559,0.8324,0.8081,0.7676,0.08
u1266,0.014,1.38119,11.9657,1.58576,-1.1071,0.313956,-0.880911,0.7791,0.7948,0.8209,0.08
u1267,0.014,-4.89887,-7.45825,14.3887,1.17039,-0.0984574,1.52702,0.6922,0.773,0.9078,0.08
u1268,0.014,-2.52182,10.7251,-3.02201,-0.281222,1.90805,-1.4622,0.7923,0.7981,0.8077,0.08
u1269,0.014,-0.663376,-12.9036,12.7403,-0.10435,-0.720776,0.00544975,0.6701,0.7675,0.9299,0.08
u1270,0.014,-8.21821,-7.78218,-11.0686,0.312776,-0.488798,0.0617465,0.7122,0.778,0.8878,0.08
u1271,0.014,-0.95916,18.0022,2.1012,-0.969025,0.121099,0.283735,0.67,0.7675,0.93,0.08
u1272,0.014,-6.36228,3.84992,-1.6204,0.646786,-0.454,1.02153,0.8616,0.8154,0.7384,0.08
u1273,0.014,10.6253,-8.04832,-12.7099,0.518814,-0.290823,-0.311949,0.6651,0.7663,0.9349,0.08
u1274,0.014,-2.82317,-12.9806,-1.93973,-0.0904659,-0.28437,-0.668482,0.7559,0.789,0.8441,0.08
u1275,0.014,10.8904,8.05289,-5.07028,-0.200178,0.116433,-0.651822,0.7371,0.7843,0.8629,0.08
u1276,0.014,12.8764,4.44078,-3.62,0.313162,0.361017,-0.483603,0.7438,0.7859,0.8562,0.08
u1277,0.014,-0.928752,-0.991248,-0.548705,-0.156278,0.0491708,1.18633,0.9734,0.8433,0.6266,0.08
u1278,0.014,-1.97551,-5.75561,13.2813,1.77099,0.622561,-1.38429,0.7344,0.7836,0.8656,0.08
u1279,0.014,11.262,14.6347,-1.02053,-2.06894,-0.199366,0.797199,0.6637,0.7659,0.9363,0.08
u1280,0.014,7.4278,15.3271,-9.20892,-0.977737,-1.13204,1.39986,0.648,0.762,0.952,0.08
u1281,0.014,-9.38729,10.5353,-2.04104,-0.179588,-1.25085,0.721724,0.7408,0.7852,0.8592,0.08
u1282,0.014,-9.48717,-7.80913,2.22008,-0.201048,-0.781445,0.615547,0.773,0.7932,0.827,0.08
u1283,0.014,-5.63819,12.8231,12.4338,-0.972583,-1.64846,1.47455,0.6595,0.7649,0.9405,0.08
u1284,0.014,-8.19419,17.9012,2.81552,-1.96878,-0.703095,0.48551,0.6384,0.7596,0.9616,0.08
u1285,0.014,-13.8202,8.97274,3.11557,-0.470514,0.165599,-0.510566,0.6951,0.7738,0.9049,0.08
u1286,0.014,2.64617,11.6119,-5.76785,-1.78767,0.357929,-1.36836,0.7594,0.7899,0.8406,0.08
u1287,0.014,-1.37004,-12.3423,4.66046,0.172863,-0.695163,-0.0608967,0.7588,0.7897,0.8412,0.08
u1288,0.014,-2.75683,-5.06789,-15.6016,-0.819123,-0.13898,-1.5181,0.6976,0.7744,0.9024,0.08
u1289,0.014,11.1795,8.18919,-6.8529,-0.409109,1.80219,-0.0311614,0.7189,0.7797,0.8811,0.08
u1290,0.014,-2.47762,-15.8182,-3.30891,2.47871,-0.724561,-0.286527,0.7027,0.7757,0.8973,0.08
u1291,0.014,-2.5765,-11.8218,-10.4951,-1.58419,0.672812,-0.264202,0.7088,0.7772,0.8912,0.08
u1292,0.014,-15.5005,0.738923,-5.09415,-0.149714,-0.702441,-0.898336,0.703,0.7758,0.897,0.08
u1293,0.014,10.4648,-3.28438,-12.5048,-0.686443,-0.166105,0.186915,0.6976,0.7744,0.9024,0.08
u1294,0.014,6.05041,2.35909,7.15037,-1.4804,-0.553765,-1.17228,0.8244,0.8061,0.7756,0.08
u1295,0.014,-0.226857,9.32096,8.73887,-0.886994,-0.561035,-1.40502,0.7677,0.7919,0.8323,0.08
u1296,0.014,-5.95908,10.6328,-5.32186,-0.870938,-0.636556,-1.66751,0.7582,0.7895,0.8418,0.08
u1297,0.014,-17.3027,-4.92243,-8.50304,0.0265646,-1.08177,0.0615281,0.6382,0.7596,0.9618,0.08
u1298,0.014,-18.2833,-1.18211,-0.678382,1.79693,-0.915887,-0.405625,0.6667,0.7667,0.9333,0.08
u1299,0.014,14.4706,1.28401,1.01293,-1.06301,1.78901,0.221595,0.7352,0.7838,0.8648,0.08
u1300,0.014,-3.29772,19.07,0.524387,-0.341644,0.461166,0.262975,0.648,0.762,0.952,0.08
u1301,0.014,-7.21723,-3.79441,14.3321,0.987357,-1.16452,0.126463,0.7002,0.775,0.8998,0.08
u1302,0.014,19.0975,2.82136,-1.68622,-0.0704458,2.82797,0.174719,0.6477,0.7619,0.9523,0.08
u1303,0.014,13.6789,-7.98814,8.08665,-0.25517,-0.415352,-1.33471,0.6766,0.7692,0.9234,0.08
u1304,0.014,-0.818803,6.99335,-4.82488,-0.126396,-0.0246299,-0.733502,0.8448,0.8112,0.7552,0.08
u1305,0.014,10.9455,6.6434,7.83382,1.02774,0.383107,-0.0566679,0.7271,0.7818,0.8729,0.08
u1306,0.014,1.7855,-7.9131,-5.764,-0.134308,0.277704,-0.688448,0.8191,0.8048,0.7809,0.08
u1307,0.014,-6.16929,-1.20424,-11.5837,0.1297,-0.791348,-0.0791744,0.7604,0.7901,0.8396,0.08
u1308,0.014,-5.72666,12.7252,7.7597,-0.0051882,-0.570997,0.0283183,0.7097,0.7774,0.8903,0.08
u1309,0.014,7.94339,-16.9585,-5.17188,1.72433,-0.137215,0.607161,0.6468,0.7617,0.9532,0.08
u1310,0.014,-2.78406,-11.8379,-7.11042,0.358535,-1.00452,-0.142837,0.7439,0.786,0.8561,0.08
u1311,0.014,-8.76176,19.7544,1.77312,-1.22781,0.304793,0.88936,0.6058,0.7514,0.9942,0.08
u1312,0.014,7.99793,18.7815,-3.81391,-1.52778,-0.0319158,0.0448619,0.6224,0.7556,0.9776,0.08
u1313,0.014,-6.6755,8.62452,13.0559,0.446298,0.560209,-1.79236,0.6907,0.7727,0.9093,0.08
u1314,0.014,-12.7087,-12.4285,-6.83492,0.95944,-0.270677,-0.930762,0.6537,0.7634,0.9463,0.08
u1315,0.014,11.5798,-8.94137,4.71314,1.54672,0.864933,0.607252,0.7205,0.7801,0.8795,0.08
u1316,0.014,5.98627,12.4708,4.31218,-0.852216,-0.508195,0.0158459,0.7366,0.7841,0.8634,0.08
u1317,0.014,11.8982,10.1038,-7.92495,0.617009,1.04633,1.76287,0.6817,0.7704,0.9183,0.08
u1318,0.014,1.92425,10.4123,-0.138098,-0.170629,0.725658,-0.404368,0.8075,0.8019,0.7925,0.08
u1319,0.014,-0.0960785,-21.3879,2.96954,2.30704,1.70159,-0.341064,0.6074,0.7518,0.9926,0.08
u1320,0.014,5.5751,-9.06147,3.39036,0.0161409,-0.661781,-0.253938,0.797,0.7992,0.803,0.08
u1321,0.014,-10.8952,-10.5112,-3.00782,0.83101,0.237289,-0.0234752,0.7194,0.7798,0.8806,0.08
u1322,0.014,-11.8081,-15.1893,-4.97703,0.400964,-0.40415,-0.802351,0.6387,0.7597,0.9613,0.08
u1323,0.014,-4.63487,11.8922,-11.1606,-0.0492331,-0.174634,-1.735,0.6917,0.7729,0.9083,0.08
u1324,0.014,-6.39516,-0.0804514,8.10501,-0.613472,-0.691906,-0.043046,0.8123,0.8031,0.7877,0.08
u1325,0.014,-19.3632,2.81903,0.185189,0.0794434,-0.910911,-0.411065,0.6442,0.7611,0.9558,0.08
u1326,0.014,-7.17853,-0.17442,14.2836,0.662651,-0.216417,-1.47845,0.7093,0.7773,0.8907,0.08
u1327,0.014,-2.29692,17.4528,-5.51204,0.442117,0.257231,-0.529924,0.6646,0.7662,0.9354,0.08
u1328,0.014,5.84638,4.38218,9.62122,-0.275254,-0.379592,0.639115,0.7803,0.7951,0.8197,0.08
u1329,0.014,7.03383,14.9283,9.83933,-0.826555,0.803417,0.385898,0.6507,0.7627,0.9493,0.08
u1330,0.014,4.17723,-0.655326,-2.35714,0.568559,0.286232,-0.519976,0.912,0.828,0.688,0.08
u1331,0.014,-11.1527,-4.74421,-5.76633,0.0845423,0.333959,1.53294,0.756,0.789,0.844,0.08
u1332,0.014,13.2725,-9.62201,5.80383,0.254103,1.28606,0.0535011,0.6838,0.771,0.9162,0.08
u1333,0.014,13.0573,-2.84546,-12.4089,-0.511828,0.267208,0.542852,0.6684,0.7671,0.9316,0.08
u1334,0.014,-7.6758,-6.97459,-13.6517,0.857436,1.05589,-0.433522,0.6883,0.7721,0.9117,0.08
u1335,0.014,-4.31362,1.81136,4.57422,0.109729,-0.887116,-0.0441307,0.881,0.8203,0.719,0.08
u1336,0.014,-2.70152,-1.28423,-11.5072,0.336335,0.520187,-0.188568,0.7838,0.796,0.8162,0.08
u1337,0.014,5.20534,-0.496634,14.3978,-0.471199,0.202739,-0.6254,0.7215,0.7804,0.8785,0.08
u1338,0.014,-4.10478,-15.0323,-8.33388,1.25743,0.493777,-1.75742,0.6787,0.7697,0.9213,0.08
u1339,0.014,-3.10004,-9.1775,12.6089,1.05895,-0.667636,0.849358,0.7109,0.7777,0.8891,0.08
u1340,0.014,0.382695,-16.5607,4.44044,0.636017,0.810693,1.16849,0.6882,0.772,0.9118,0.08
u1341,0.014,-1.8566,-9.0542,6.13785,0.240721,0.584459,-0.10498,0.7983,0.7996,0.8017,0.08
u1342,0.014,-3.64841,-6.75057,12.6992,1.26977,1.20463,-0.241717,0.7302,0.7826,0.8698,0.08
u1343,0.014,-4.00974,-10.5321,10.3945,-1.16915,-0.129199,-0.0179139,0.7212,0.7803,0.8788,0.08
u1344,0.014,8.21678,-11.884,4.92146,1.5731,-0.296126,0.135588,0.7225,0.7806,0.8775,0.08
u1345,0.014,-12.2492,-13.213,5.08811,1.19955,-0.285057,-1.18081,0.6596,0.7649,0.9404,0.08
u1346,0.014,-4.48742,-9.69991,10.4875,0.980013,0.498626,-1.63058,0.7277,0.7819,0.8723,0.08
u1347,0.014,16.3374,-12.2284,0.940695,0.236847,0.19725,-1.72936,0.6286,0.7571,0.9714,0.08
u1348,0.014,6.35583,-5.92396,-10.0997,0.820282,0.755581,1.3254,0.7578,0.7894,0.8422,0.08
u1349,0.014,2.78818,1.94381,-13.3898,-1.26442,-0.499287,0.0620715,0.7488,0.7872,0.8512,0.08
u1350,0.014,-21.0545,-5.38648,-2.43187,-1.33241,-1.08749,0.0731432,0.6024,0.7506,0.9976,0.08
u1351,0.014,-3.24449,6.21385,14.6112,0.490131,-0.0429515,-0.74489,0.7053,0.7763,0.8947,0.08
u1352,0.014,6.67087,-4.63391,6.90019,0.465842,0.142473,-1.05289,0.8062,0.8016,0.7938,0.08
u1353,0.014,1.36289,-3.59042,-4.15242,-0.265122,0.644396,-0.0702519,0.8972,0.8243,0.7028,0.08
u1354,0.014,2.30317,11.5632,1.88605,0.110212,-1.68221,0.184163,0.7829,0.7957,0.8171,0.08
u1355,0.014,5.24132,4.52196,14.9837,-0.0736004,0.538963,0.0445479,0.6999,0.775,0.9001,0.08
u1356,0.014,15.2028,10.513,-3.59198,-0.731885,0.926112,0.519504,0.6576,0.7644,0.9424,0.08
u1357,0.014,6.68676,-9.48001,-7.08126,0.512914,1.14694,-1.56593,0.7529,0.7882,0.8471,0.08
u1358,0.014,-2.2491,1.03117,1.13062,-0.555475,-0.21072,0.110157,0.9505,0.8376,0.6495,0.08
u1359,0.014,-16.0519,-2.04539,5.90705,1.02567,-0.104886,-0.166134,0.6868,0.7717,0.9132,0.08
u1360,0.014,7.74277,2.22937,14.8739,0.63972,-0.201903,0.513743,0.6924,0.7731,0.9076,0.08
u1361,0.014,6.19889,0.257838,-3.23999,-0.47587,-0.103537,1.04463,0.8727,0.8182,0.7273,0.08
u1362,0.014,-2.00104,-19.7071,-0.806785,-0.0621265,-1.24038,1.09095,0.6395,0.7599,0.9605,0.08
u1363,0.014,11.1549,-12.4659,-2.934,2.74177,-0.249161,-0.588614,0.6912,0.7728,0.9088,0.08
u1364,0.014,6.58097,6.52625,-7.25529,0.571635,-0.173928,-0.763347,0.786,0.7965,0.814,0.08
u1365,0.014,-13.7155,-2.47277,-11.7213,-0.066677,-0.936837,-0.244459,0.6689,0.7672,0.9311,0.08
u1366,0.014,-12.0111,-6.04693,2.88949,-0.366669,-0.621143,0.101219,0.7499,0.7875,0.8501,0.08
u1367,0.014,11.3239,7.6265,2.66265,-0.00460313,0.54641,0.410757,0.7471,0.7868,0.8529,0.08
u1368,0.014,-5.13846,8.20932,-9.66677,0.946273,-0.353984,0.561445,0.7512,0.7878,0.8488,0.08
u1369,0.014,-18.2285,-2.24937,3.36816,0.717363,-1.57227,-0.358118,0.6605,0.7651,0.9395,0.08
u1370,0.014,-17.1541,7.29862,2.39769,-0.0564135,-0.82647,0.101027,0.6583,0.7646,0.9417,0.08
u1371,0.014,15.0262,11.3117,-5.52042,-0.661043,0.974482,-1.47537,0.6436,0.7609,0.9564,0.08
u1372,0.014,-11.759,-6.24312,9.98478,1.11515,-0.617992,-0.639926,0.6974,0.7744,0.9026,0.08
u1373,0.014,-2.98327,-6.09351,-7.79681,1.00381,-0.0255335,2.00234,0.8121,0.803,0.7879,0.08
u1374,0.014,1.19927,11.3122,-0.695075,0.100228,0.544577,-0.404097,0.7928,0.7982,0.8072,0.08
u1375,0.014,-5.88137,-2.38695,-1.85478,0.89771,0.311434,0.343874,0.8798,0.8199,0.7202,0.08
u1376,0.014,-20.0708,-1.28398,-0.0536019,0.222784,-0.62804,-1.2602,0.6343,0.7586,0.9657,0.08
u1377,0.014,18.679,4.17014,7.06868,-0.183418,-0.129179,0.783206,0.629,0.7573,0.971,0.08
u1378,0.014,-9.11844,13.4625,-6.21212,-1.16212,0.0647228,-0.503686,0.6835,0.7709,0.9165,0.08
u1379,0.014,1.88094,-1.07422,10.3749,0.347067,0.133281,0.095067,0.8073,0.8018,0.7927,0.08
u1380,0.014,19.9041,5.78448,4.94924,-0.494515,1.08389,0.0256593,0.6125,0.7531,0.9875,0.08
u1381,0.014,3.83378,-6.26313,11.1732,1.05091,0.185391,0.207352,0.7569,0.7892,0.8431,0.08
u1382,0.014,3.0684,7.29097,11.6188,1.27982,-0.622389,-0.11126,0.7444,0.7861,0.8556,0.08
u1383,0.014,-2.74176,14.0758,-11.5978,-0.301509,-0.249883,0.412448,0.6647,0.7662,0.9353,0.08
u1384,0.014,-4.58675,-2.79408,-7.43323,0.152672,-0.704045,0.212493,0.8333,0.8083,0.7667,0.08
u1385,0.014,0.814855,19.7681,3.22071,0.567648,-0.632282,0.956829,0.6355,0.7589,0.9645,0.08
u1386,0.014,-7.13064,-15.4524,-7.29044,0.489487,-1.13761,0.971143,0.6634,0.7658,0.9366,0.08
u1387,0.014,-0.209152,-3.31372,-5.78319,1.45369,0.0320974,-0.605759,0.8788,0.8197,0.7212,0.08
u1388,0.014,7.66909,6.19376,8.01339,-0.0283234,-0.745984,0.00558996,0.769,0.7923,0.831,0.08
u1389,0.014,-0.159881,4.33935,6.07006,-0.352497,-0.670508,-0.790111,0.8643,0.8161,0.7357,0.08
u1390,0.014,3.37052,8.11802,-5.89942,-0.422887,-0.102148,-1.32739,0.8075,0.8019,0.7925,0.08
u1391,0.014,6.10393,-0.508036,11.1479,-0.474678,0.354366,0.655615,0.7687,0.7922,0.8313,0.08
u1392,0.014,15.6883,-1.37291,-2.24337,-0.104976,0.676661,-0.501131,0.7108,0.7777,0.8892,0.08
u1393,0.014,-6.14896,14.7885,-4.5272,-1.60866,-0.25087,1.23065,0.6974,0.7743,0.9026,0.08
u1394,0.014,15.0362,-0.71776,11.9657,2.31079,1.49545,0.161857,0.6504,0.7626,0.9496,0.08
u1395,0.014,-7.59115,-4.49556,2.38584,-0.323028,-1.52451,0.386348,0.8338,0.8085,0.7662,0.08
u1396,0.014,10.4611,-6.22737,2.13376,-0.365025,1.83509,0.198032,0.7753,0.7938,0.8247,0.08
u1397,0.014,-4.81486,0.234365,-3.40797,-0.0932706,0.223607,1.64367,0.8927,0.8232,0.7073,0.08
u1398,0.014,4.64655,17.2365,-6.99534,-1.94653,0.769888,0.647136,0.6514,0.7628,0.9486,0.08
u1399,0.014,-10.146,13.7499,7.29497,-0.296597,0.521915,-0.555632,0.6622,0.7655,0.9378,0.08
u1400,0.014,0.563181,17.2453,3.67667,-1.91452,-0.0387856,-0.109088,0.6792,0.7698,0.9208,0.08
u1401,0.014,-1.7446,3.63299,3.3883,-1.39892,0.250414,-0.327025,0.9043,0.8261,0.6957,0.08
u1402,0.014,-18.4223,-7.50976,-0.460491,0.424394,-0.907648,-0.57881,0.6382,0.7595,0.9618,0.08
u1403,0.014,0.840544,-6.8625,8.47006,-1.11134,-0.746034,0.378037,0.8012,0.8003,0.7988,0.08
u1404,0.014,-10.507,-13.6629,9.60819,-0.601659,-0.515916,0.210078,0.6412,0.7603,0.9588,0.08
u1405,0.014,6.62456,-11.769,-0.327534,1.12479,0.291756,1.81865,0.7544,0.7886,0.8456,0.08
u1406,0.014,4.13242,17.4409,-7.89017,-1.57709,0.937824,1.19864,0.6439,0.761,0.9561,0.08
u1407,0.014,15.9947,3.28583,-4.6565,0.353677,1.55751,-1.02958,0.6913,0.7728,0.9087,0.08
u1408,0.014,-0.365358,4.74299,15.4361,-0.898501,-0.538433,-0.250216,0.7063,0.7766,0.8937,0.08
u1409,0.014,-12.7224,3.73873,-1.52356,-0.657736,-0.427782,1.31159,0.7573,0.7893,0.8427,0.08
u1410,0.014,-4.17975,3.37798,15.0044,0.578604,-1.5398,-0.408493,0.7102,0.7776,0.8898,0.08
u1411,0.014,2.5395,12.5555,0.782845,-2.30193,-0.434856,1.16896,0.7667,0.7917,0.8333,0.08
u1412,0.014,11.6217,3.32293,-9.66241,0.0193569,0.257512,-2.37487,0.7186,0.7797,0.8814,0.08
u1413,0.014,20.8976,2.72171,-1.99299,0.158999,0.133564,-0.114402,0.6151,0.7538,0.9849,0.08
u1414,0.014,-3.33296,19.6383,1.77847,-0.24821,0.759521,-1.14803,0.6364,0.7591,0.9636,0.08
u1415,0.014,15.0678,-8.72977,7.07418,0.335634,-0.629226,-0.403561,0.6583,0.7646,0.9417,0.08
u1416,0.014,13.3796,1.77374,-9.9877,-1.6484,-1.14294,-1.26372,0.6947,0.7737,0.9053,0.08
u1417,0.014,-11.7639,-6.33262,4.95039,0.848619,-1.04614,-0.0212769,0.7409,0.7852,0.8591,0.08
u1418,0.014,-13.0036,-10.3928,7.37692,-0.183342,-1.92589,1.04424,0.669,0.7672,0.931,0.08
u1419,0.014,-14.1152,6.68403,-8.83272,-0.163091,-0.440991,-0.0136731,0.6738,0.7684,0.9262,0.08
u1420,0.014,18.9411,10.083,1.1531,-1.63294,1.03224,-0.47364,0.6093,0.7523,0.9907,0.08
u1421,0.014,-7.01311,-0.601582,-4.81448,-0.133898,-2.88808,0.573071,0.8449,0.8112,0.7551,0.08
u1422,0.014,-3.24858,-9.02937,-5.9028,1.65101,-1.80239,0.0454615,0.7952,0.7988,0.8048,0.08
u1423,0.014,11.9595,-5.22167,-2.76894,0.481337,0.846389,-0.185593,0.7575,0.7894,0.8425,0.08
u1424,0.014,-7.17379,-12.3104,3.13401,-0.702474,-0.28663,0.346218,0.7348,0.7837,0.8652,0.08
u1425,0.014,-19.4888,-0.542694,4.05138,-0.509873,-0.89895,-0.0185939,0.6379,0.7595,0.9621,0.08
u1426,0.014,19.7083,-0.631602,4.32381,0.240352,1.85237,0.408856,0.633,0.7582,0.967,0.08
u1427,0.014,-8.86361,2.59074,14.2454,-1.15228,-0.426885,0.786147,0.6913,0.7728,0.9087,0.08
u1428,0.014,12.731,-7.8642,8.83645,1.89143,0.122306,-1.01049,0.684,0.771,0.916,0.08
u1429,0.014,-7.2473,17.2087,-3.80853,-1.4071,0.399592,-0.456203,0.6535,0.7634,0.9465,0.08
u1430,0.014,-20.4949,-6.79432,1.60819,-0.249018,-2.02141,0.413935,0.6063,0.7516,0.9937,0.08
u1431,0.014,1.63282,3.00829,8.36647,-0.747305,0.483708,-1.57108,0.8356,0.8089,0.7644,0.08
u1432,0.014,-10.4256,-7.83933,-5.72082,-0.47036,-3.48309,-0.0490352,0.741,0.7853,0.859,0.08
u1433,0.014,12.3108,14.2724,-1.74033,-2.06247,0.488325,0.512558,0.6558,0.764,0.9442,0.08
u1434,0.014,-3.5276,13.0928,-7.23993,-1.14972,-0.383588,0.617414,0.7205,0.7801,0.8795,0.08
u1435,0.014,-0.0697617,-8.0978,7.79863,0.976413,-0.0993781,-0.202066,0.7956,0.7989,0.8044,0.08
u1436,0.014,-6.63896,5.68245,-14.7786,-0.405081,-0.461813,0.574005,0.6878,0.772,0.9122,0.08
u1437,0.014,9.38126,-10.7857,-4.66009,0.836221,-0.102675,-0.574122,0.7266,0.7817,0.8734,0.08
u1438,0.014,13.6281,-6.5557,-4.57771,2.96248,1.01675,-1.07555,0.7127,0.7782,0.8873,0.08
u1439,0.014,1.33515,8.65394,3.38046,-0.807973,0.0428695,-0.358865,0.8293,0.8073,0.7707,0.08
u1440,0.014,12.8753,-5.10149,-10.6629,0.103198,0.419468,-0.361971,0.6822,0.7706,0.9178,0.08
u1441,0.014,-18.8691,-2.95514,-7.44075,-0.558335,-0.0637306,-0.299407,0.6273,0.7568,0.9727,0.08
u1442,0.014,11.7146,9.75611,-3.71979,0.033142,1.92773,0.461596,0.7147,0.7787,0.8853,0.08
u1443,0.014,-15.1224,-11.1098,2.76997,-0.498882,-1.01504,0.166077,0.6551,0.7638,0.9449,0.08
u1444,0.014,0.435413,18.5077,-7.3239,-1.5195,-0.354547,0.0831854,0.638,0.7595,0.962,0.08
u1445,0.014,4.70532,11.4007,-8.20726,-1.78122,-0.467733,1.85176,0.7306,0.7827,0.8694,0.08
u1446,0.014,-11.3485,-2.46696,-12.3092,1.30527,-1.03725,-0.176122,0.6923,0.7731,0.9077,0.08
u1447,0.014,3.44416,10.9193,-5.78771,0.390892,-1.00294,-0.598727,0.7667,0.7917,0.8333,0.08
u1448,0.014,18.0175,3.31119,-6.41027,0.663526,0.23118,-0.277183,0.6471,0.7618,0.9529,0.08
u1449,0.014,11.4726,1.95424,13.1023,0.605253,0.805074,2.1994,0.6814,0.7703,0.9186,0.08
u1450,0.014,3.52174,6.35187,-6.95653,-0.408009,-1.31095,-0.159825,0.8171,0.8043,0.7829,0.08
u1451,0.014,7.30749,7.63723,-0.747749,-0.38838,0.908723,-1.54317,0.8073,0.8018,0.7927,0.08
u1452,0.014,-1.31906,-12.9458,1.02732,0.378072,0.532026,0.24201,0.7627,0.7907,0.8373,0.08
u1453,0.014,-16.4209,1.68207,-1.76989,0.237719,-2.25597,0.542024,0.6982,0.7745,0.9018,0.08
u1454,0.014,-2.96865,8.5448,-3.29083,0.628964,0.250105,-0.95961,0.825,0.8062,0.775,0.08
u1455,0.014,-16.4481,3.3821,4.90523,-0.769448,-0.626196,0.88027,0.6819,0.7705,0.9181,0.08
u1456,0.014,5.64743,15.2115,-2.10965,-0.449616,-1.15575,-0.123791,0.7025,0.7756,0.8975,0.08
u1457,0.014,-8.66752,-9.7912,-1.80402,-0.698171,1.36649,-0.393795,0.76,0.79,0.84,0.08
u1458,0.014,10.9942,8.67733,-4.62082,0.175036,0.418649,-0.238891,0.7318,0.783,0.8682,0.08
u1459,0.014,-4.86452,5.71694,-0.309821,0.870581,0.372886,-0.203679,0.8634,0.8159,0.7366,0.08
u1460,0.014,10.8379,-10.1602,-5.39114,-0.118182,1.61758,-1.96025,0.7127,0.7782,0.8873,0.08
u1461,0.014,12.3353,8.17634,-11.2019,-0.091177,1.48174,-0.407284,0.6625,0.7656,0.9375,0.08
u1462,0.014,1.23078,9.09809,9.06315,-1.5401,0.234442,-0.80568,0.7654,0.7914,0.8346,0.08
u1463,0.014,-0.0888987,19.6573,1.82564,-2.53023,1.59065,-0.0905296,0.6411,0.7603,0.9589,0.08
u1464,0.014,15.9875,10.3568,4.78876,-1.29119,1.20232,0.181271,0.6429,0.7607,0.9571,0.08
u1465,0.014,13.6821,1.77347,9.50265,1.79517,1.06267,0.859585,0.6954,0.7739,0.9046,0.08
u1466,0.014,7.97913,-8.52579,1.35159,-0.460307,-0.696529,1.46113,0.7863,0.7966,0.8137,0.08
u1467,0.014,20.2622,4.53892,-3.36259,-0.585809,1.6685,0.468424,0.6175,0.7544,0.9825,0.08
u1468,0.014,-0.959245,16.3095,-1.08786,-1.29215,-0.122324,-0.867608,0.7023,0.7756,0.8977,0.08
u1469,0.014,-4.85799,19.5731,-2.36521,-0.960693,-1.07099,1.41386,0.6308,0.7577,0.9692,0.08
u1470,0.014,8.21013,13.324,-5.17746,-0.586235,0.6253,-0.249072,0.7003,0.7751,0.8997,0.08
u1471,0.014,-3.20796,-1.03699,-14.4547,0.264356,-0.491456,-0.325447,0.7301,0.7825,0.8699,0.08
u1472,0.014,-12.826,11.9146,-6.61149,0.461877,1.54822,-1.18001,0.6598,0.7649,0.9402,0.08
u1473,0.014,11.3473,-9.73684,-7.21358,-0.0915479,0.242669,-0.116662,0.6982,0.7745,0.9018,0.08
u1474,0.014,-5.30927,3.39761,-4.86888,-0.495154,-0.541263,-0.316381,0.8552,0.8138,0.7448,0.08
u1475,0.014,15.2702,-3.49668,-7.8262,-0.226717,0.831598,2.55234,0.6816,0.7704,0.9184,0.08
u1476,0.014,1.86558,2.34511,16.2854,0.418649,-0.267125,0.956442,0.6989,0.7747,0.9011,0.08
u1477,0.014,13.6277,14.3616,2.07512,-1.30796,2.6542,-1.3093,0.6381,0.7595,0.9619,0.08
u1478,0.014,-2.98225,-2.96061,2.62892,0.768615,0.742382,1.39921,0.9099,0.8275,0.6901,0.08
u1479,0.014,2.53547,-12.8564,-0.604851,-0.0255545,1.04469,-0.852418,0.7615,0.7904,0.8385,0.08
u1480,0.014,0.0399974,-5.06408,-0.856522,-0.444931,0.0942548,-1.37389,0.9066,0.8267,0.6934,0.08
u1481,0.014,10.1653,16.4648,-0.828362,-1.29495,1.48996,1.11812,0.6479,0.762,0.9521,0.08
u1482,0.014,-4.35463,-6.259,14.8101,0.0566257,0.259716,-1.02658,0.6971,0.7743,0.9029,0.08
u1483,0.014,-8.56977,12.0571,0.363879,-0.0951507,-0.610176,-0.431982,0.731,0.7827,0.869,0.08
u1484,0.014,-0.553688,16.9423,7.71546,-0.133545,-0.726848,0.81532,0.6614,0.7653,0.9386,0.08
u1485,0.014,-2.8072,-14.7074,-0.409433,-0.678604,-0.210384,1.46581,0.7277,0.7819,0.8723,0.08
u1486,0.014,-5.12381,5.12937,-14.7837,0.543279,-0.172554,1.01133,0.7006,0.7752,0.8994,0.08
u1487,0.014,-5.24047,-13.9638,8.22848,-0.329852,0.316513,0.428293,0.6903,0.7726,0.9097,0.08
u1488,0.014,-11.0285,8.29296,-1.4391,0.0951998,-0.607327,-0.67282,0.7478,0.7869,0.8522,0.08
u1489,0.014,-6.2654,-20.6816,2.72051,1.83601,-1.55354,1.30956,0.604,0.751,0.996,0.08
u1490,0.014,-7.77482,-8.70571,-3.44299,1.59413,-2.12416,0.490833,0.7787,0.7947,0.8213,0.08
u1491,0.014,-19.1134,7.21958,-1.28128,-0.0539403,-1.32035,-0.15017,0.6278,0.7569,0.9722,0.08
u1492,0.014,-12.6247,14.688,-0.624553,-0.925218,-0.837935,0.922327,0.6477,0.7619,0.9523,0.08
u1493,0.014,-12.8165,-5.22421,-7.59252,-1.15475,-0.971745,-0.820915,0.713,0.7782,0.887,0.08
u1494,0.014,-4.27416,-14.4729,4.96083,2.14109,-2.01404,-0.0993629,0.7112,0.7778,0.8888,0.08
u1495,0.014,-7.08568,-18.3522,-6.07758,1.70125,-0.350517,0.316913,0.6256,0.7564,0.9744,0.08
u1496,0.014,-4.11644,14.5433,-11.5136,-1.95568,0.593093,0.391707,0.6545,0.7636,0.9455,0.08
u1497,0.014,15.2832,-10.7066,0.0800264,-0.683749,1.41464,-0.511635,0.6607,0.7652,0.9393,0.08
u1498,0.014,-8.05973,-6.60275,11.134,0.689307,0.210217,0.925615,0.7228,0.7807,0.8772,0.08
u1499,0.014,-4.98124,16.576,5.37652,-1.90635,-0.563022,-0.805938,0.6705,0.7676,0.9295,0.08
u1500,0.014,-17.1763,10.072,-0.263125,0.511197,-2.25513,-0.0347043,0.6379,0.7595,0.9621,0.08
u1501,0.014,-14.5022,-0.3562,1.59726,-0.4709,-0.31253,-0.597593,0.7346,0.7837,0.8654,0.08
u1502,0.014,-15.6222,-4.2062,9.60214,1.24555,-0.684146,-0.499591,0.6579,0.7645,0.9421,0.08
u1503,0.014,16.8074,-3.92889,-8.18181,-1.33412,-1.1016,-1.78979,0.6527,0.7632,0.9473,0.08
u1504,0.014,9.92724,7.27249,-12.6589,0.691235,1.97757,2.27034,0.679,0.7698,0.921,0.08
u1505,0.014,7.01648,-18.5418,5.06158,1.03634,1.35278,0.28171,0.628,0.757,0.972,0.08
u1506,0.014,-1.21406,7.55451,-9.05417,-0.406009,-1.52617,-1.0564,0.7845,0.7961,0.8155,0.08
u1507,0.014,8.0595,-8.23289,-12.4905,1.28283,0.0796207,0.0886108,0.691,0.7728,0.909,0.08
u1508,0.014,-1.17691,-10.9815,0.227824,1.3461,-0.189617,-0.942671,0.7992,0.7998,0.8008,0.08
u1509,0.014,-3.17265,-0.739515,9.87185,0.433486,-1.04414,0.391096,0.811,0.8027,0.789,0.08
u1510,0.014,8.27459,4.58094,-11.2424,0.258617,-0.506694,0.120962,0.7329,0.7832,0.8671,0.08
u1511,0.014,4.04228,-15.354,-4.54145,1.89149,-0.287579,0.152723,0.6997,0.7749,0.9003,0.08
u1512,0.014,-6.00408,-0.647823,-9.17242,-1.35019,0.419172,0.57378,0.8003,0.8001,0.7997,0.08
u1513,0.014,8.27712,17.3935,5.86972,-1.25362,1.44287,0.760257,0.6339,0.7585,0.9661,0.08
u1514,0.014,13.5579,8.27525,4.22565,-0.264961,-0.401578,1.43534,0.7012,0.7753,0.8988,0.08
u1515,0.014,1.73798,-18.0134,5.64871,-1.11645,0.79946,1.20314,0.6553,0.7638,0.9447,0.08
u1516,0.014,6.55301,9.57807,7.7624,-0.990218,0.707052,1.65697,0.7461,0.7865,0.8539,0.08
u1517,0.014,5.40092,-8.00625,-3.58297,1.09663,1.40031,-0.825613,0.8127,0.8032,0.7873,0.08
u1518,0.014,-2.83391,-3.81259,15.9246,-1.05323,0.693295,-0.946224,0.6979,0.7745,0.9021,0.08
u1519,0.014,21.156,-5.46847,-0.39017,1.63356,2.44696,-0.678509,0.6026,0.7507,0.9974,0.08
u1520,0.014,18.2031,-4.96275,-7.64835,-0.553969,0.247144,1.39945,0.6298,0.7575,0.9702,0.08
u1521,0.014,18.2498,5.98397,-7.01224,-0.951807,1.15085,0.189768,0.6283,0.7571,0.9717,0.08
u1522,0.014,1.75616,0.672063,16.246,0.5706,-0.0341002,-0.362805,0.7026,0.7757,0.8974,0.08
u1523,0.014,-8.22007,6.6047,-2.83507,-1.81137,-0.715442,-1.10338,0.8015,0.8004,0.7985,0.08
u1524,0.014,-5.11223,2.87023,11.521,-0.122717,0.540123,0.197489,0.765,0.7912,0.835,0.08
u1525,0.014,-1.43095,4.86645,-14.819,-0.903211,0.276302,-0.63367,0.7152,0.7788,0.8848,0.08
u1526,0.014,2.39583,-11.3264,-7.82745,1.54434,0.212877,-0.178769,0.7459,0.7865,0.8541,0.08
u1527,0.014,15.3455,-3.28008,-4.34516,0.135417,0.869837,-0.0010847,0.704,0.776,0.896,0.08
u1528,0.014,5.42009,18.8148,-5.68352,-1.67108,0.319568,0.260341,0.6293,0.7573,0.9707,0.08
u1529,0.014,12.0911,1.84533,-10.5617,0.912196,0.335016,0.765116,0.7062,0.7765,0.8938,0.08
u1530,0.014,0.462933,0.0604357,9.37388,-0.721996,0.285702,0.0222827,0.8294,0.8073,0.7706,0.08
u1531,0.014,-7.93747,-5.72906,-14.6492,0.429207,-0.226293,0.450694,0.6797,0.7699,0.9203,0.08
u1532,0.014,-1.40294,-17.9577,-2.05544,-0.314694,-0.15162,0.760657,0.6704,0.7676,0.9296,0.08
u1533,0.014,5.38393,8.4316,12.4489,-0.529721,0.0419757,-0.267846,0.7096,0.7774,0.8904,0.08
u1534,0.014,14.2919,-0.32501,4.35436,0.661379,0.910378,0.308678,0.7283,0.7821,0.8717,0.08
u1535,0.014,-3.17589,4.56312,11.1493,-0.279552,0.137098,1.39878,0.7735,0.7934,0.8265,0.08
u1536,0.014,-1.19584,8.80693,-11.7018,-0.291784,-1.11857,0.863774,0.7328,0.7832,0.8672,0.08
u1537,0.014,-2.28477,0.480846,11.133,-0.709817,0.19531,1.03108,0.7932,0.7983,0.8068,0.08
u1538,0.014,4.52014,-5.47915,-14.8093,-0.448919,0.67984,0.328256,0.7014,0.7753,0.8986,0.08
u1539,0.014,-1.00401,4.82873,-6.69645,-0.15297,0.9737,0.620029,0.8488,0.8122,0.7512,0.08
u1540,0.014,1.5489,13.8205,2.22724,-0.0643178,-0.432637,-0.12494,0.7439,0.786,0.8561,0.08
u1541,0.014,8.50704,-18.3023,-6.3943,1.46967,0.390013,-0.722645,0.6151,0.7538,0.9849,0.08
u1542,0.014,-17.21,-9.08397,6.64093,0.942363,-2.74367,0.706942,0.6261,0.7565,0.9739,0.08
u1543,0.014,2.22602,-0.927383,-2.9419,0.61633,0.423931,2.24909,0.9308,0.8327,0.6692,0.08
u1544,0.014,-12.2312,0.798442,4.33471,0.0409772,0.591279,-1.07756,0.7636,0.7909,0.8364,0.08
u1545,0.014,-7.72658,4.86562,7.05233,0.680025,-0.313114,0.123494,0.7902,0.7976,0.8098,0.08
u1546,0.014,-14.9515,-8.16296,7.71182,-1.19409,-2.04036,0.289427,0.66,0.765,0.94,0.08
u1547,0.014,-6.29537,20.7228,-0.477466,-0.127699,-1.89892,-0.299409,0.6061,0.7515,0.9939,0.08
u1548,0.014,-13.6441,15.5956,2.11993,0.316077,-0.493556,1.03939,0.6213,0.7553,0.9787,0.08
u1549,0.014,-9.03739,-0.000652028,4.31985,-0.0445954,-0.838702,0.0790397,0.8179,0.8045,0.7821,0.08
u1550,0.014,8.46544,-4.56836,-13.0577,-0.89155,-0.0379708,0.86691,0.7051,0.7763,0.8949,0.08
u1551,0.014,6.55232,-19.0071,-2.5206,0.127491,1.11744,-0.26719,0.6316,0.7579,0.9684,0.08
u1552,0.014,-14.4382,7.56732,-4.04472,-0.570941,-0.749061,-0.315294,0.6946,0.7737,0.9054,0.08
u1553,0.014,-2.21818,-16.0968,4.33277,0.736973,0.807545,0.677542,0.6942,0.7736,0.9058,0.08
u1554,0.014,-13.5345,-3.675,9.76522,-1.61579,-1.15209,-1.31174,0.6893,0.7723,0.9107,0.08
u1555,0.014,-3.41629,-3.41011,7.49529,0.531538,-0.391962,0.698833,0.8379,0.8095,0.7621,0.08
u1556,0.014,6.15863,16.9023,-0.774347,-1.11099,-0.222493,0.966939,0.6726,0.7682,0.9274,0.08
u1557,0.014,2.45442,15.042,-9.51564,-0.627385,-1.73393,-0.283168,0.6733,0.7683,0.9267,0.08
u1558,0.014,6.26627,-7.28516,13.9249,0.39776,0.71861,-1.48401,0.6924,0.7731,0.9076,0.08
u1559,0.014,1.13892,-0.15437,-7.01807,0.844961,0.6524,-0.458476,0.8707,0.8177,0.7293,0.08
u1560,0.014,-17.669,5.79656,-1.99291,-0.449923,-1.57481,1.09964,0.66,0.765,0.94,0.08
u1561,0.014,14.9922,7.42083,-3.70598,1.53344,1.39219,0.724525,0.6885,0.7721,0.9115,0.08
u1562,0.014,-6.51829,16.0169,-0.739441,-1.02123,-0.251617,-0.0506287,0.6853,0.7713,0.9147,0.08
u1563,0.014,18.0589,0.91756,7.09443,0.0831372,-0.510117,1.03421,0.6468,0.7617,0.9532,0.08
u1564,0.014,11.6148,-7.38967,-1.68231,-0.302661,1.05612,0.853276,0.7478,0.787,0.8522,0.08
u1565,0.014,-0.625726,7.13698,11.3025,0.401756,-0.2697,0.359236,0.7567,0.7892,0.8433,0.08
u1566,0.014,17.7302,7.2155,-6.57695,-0.460029,1.98125,-0.808285,0.632,0.758,0.968,0.08
u1567,0.014,4.84583,3.19237,-14.6905,0.26708,-0.186851,0.102789,0.7128,0.7782,0.8872,0.08
u1568,0.014,9.61914,-1.22412,-7.54683,-0.102641,0.570009,-0.565094,0.7766,0.7941,0.8234,0.08
u1569,0.014,-17.4146,0.737618,-2.03633,1.28065,-0.359276,-0.278402,0.6809,0.7702,0.9191,0.08
u1570,0.014,-4.0852,1.65205,-9.28517,-0.0475369,0.235881,0.301098,0.8131,0.8033,0.7869,0.08
u1571,0.014,11.0275,1.08843,-11.9517,0.931146,-0.51078,1.33655,0.7037,0.7759,0.8963,0.08
u1572,0.014,-3.37895,0.0436948,-2.59816,-1.62767,-0.853569,0.292158,0.9225,0.8306,0.6775,0.08
u1573,0.014,-6.1423,-5.59128,-7.63339,0.257099,-1.32079,-0.358857,0.7949,0.7987,0.8051,0.08
u1574,0.014,-8.26512,-0.413049,14.0598,-0.40786,-1.94032,-0.750862,0.7034,0.7758,0.8966,0.08
u1575,0.014,14.1646,-3.84601,-7.08284,-0.212022,-0.474799,0.992827,0.7037,0.7759,0.8963,0.08
u1576,0.014,3.76074,-2.90666,-7.10348,0.372825,-0.859068,0.0586092,0.8446,0.8111,0.7554,0.08
u1577,0.014,4.28084,-3.09366,-4.76461,0.0861394,-0.630779,-1.46111,0.8707,0.8177,0.7293,0.08
u1578,0.014,0.832804,-10.1743,-3.29544,-0.422901,-1.34288,-0.236839,0.805,0.8012,0.795,0.08
u1579,0.014,6.63591,-15.1241,10.6345,-0.859991,0.956799,-0.382721,0.6428,0.7607,0.9572,0.08
u1580,0.014,2.19662,0.28366,12.9663,-0.61781,-1.31782,1.34566,0.7608,0.7902,0.8392,0.08
u1581,0.014,-5.56528,12.0616,-3.3045,-0.123539,-0.0941323,-0.166699,0.7511,0.7878,0.8489,0.08
u1582,0.014,-2.31288,5.59672,5.89893,-1.78539,0.911324,1.00596,0.8463,0.8116,0.7537,0.08
u1583,0.014,6.13053,-6.26562,14.8656,-0.824546,-0.116166,0.285477,0.6862,0.7716,0.9138,0.08
u1584,0.014,-10.6817,-8.35509,2.48518,-0.00139736,0.613196,-0.981159,0.7493,0.7873,0.8507,0.08
u1585,0.014,-7.92525,-13.5316,-0.0301148,2.27849,-2.02685,0.0982728,0.7149,0.7787,0.8851,0.08
u1586,0.014,0.367209,8.84924,12.4481,0.107652,1.50505,0.862747,0.7222,0.7806,0.8778,0.08
u1587,0.014,9.73182,-6.89208,3.28369,-0.244922,1.28868,-0.56947,0.7751,0.7938,0.8249,0.08
u1588,0.014,-9.71297,6.30818,-7.02021,-0.142284,0.809827,0.791096,0.7538,0.7884,0.8462,0.08
u1589,0.014,-6.81776,-1.91184,-2.35662,1.1249,0.502566,-0.477173,0.8643,0.8161,0.7357,0.08
u1590,0.014,6.31634,-9.57575,6.84314,0.036875,1.9021,-0.902699,0.7571,0.7893,0.8429,0.08
u1591,0.014,-10.4796,6.00414,-3.51963,-0.151958,-0.714413,1.14552,0.7713,0.7928,0.8287,0.08
u1592,0.014,0.437118,7.10584,-6.73797,-0.476516,-0.0232913,-1.69363,0.8218,0.8054,0.7782,0.08
u1593,0.014,3.18145,2.5976,-6.87828,0.408244,0.62117,0.879665,0.8543,0.8136,0.7457,0.08
u1594,0.014,3.47337,-11.1043,-3.98408,0.547277,0.601423,-0.87382,0.7764,0.7941,0.8236,0.08
u1595,0.014,0.260502,20.2579,-0.995484,-1.06046,0.351892,-2.15292,0.6312,0.7578,0.9688,0.08
u1596,0.014,16.1318,-14.0829,0.518697,1.41335,1.16313,-0.702649,0.6105,0.7526,0.9895,0.08
u1597,0.014,2.98654,-6.08693,11.5044,1.12404,-0.482853,-0.116501,0.7572,0.7893,0.8428,0.08
u1598,0.014,-9.88975,9.53576,-1.07586,0.919497,-0.270103,-1.03923,0.7494,0.7874,0.8506,0.08
u1599,0.014,-18.8709,10.2849,3.0004,0.0891729,-1.5063,-0.442567,0.6055,0.7514,0.9945,0.08
u1600,0.014,-7.80216,-2.2088,8.2341,-0.254012,-0.95012,-0.0781032,0.7899,0.7975,0.8101,0.08
u1601,0.014,6.04504,-17.8349,5.28023,1.07086,0.875414,0.303947,0.6444,0.7611,0.9556,0.08
u1602,0.014,-2.46627,5.35551,14.7511,-0.487604,-1.29579,0.748207,0.7112,0.7778,0.8888,0.08
u1603,0.014,-12.4382,-2.47347,-10.5829,-0.209392,-0.682876,1.21674,0.6997,0.7749,0.9003,0.08
u1604,0.014,-0.174577,1.11214,-8.07397,-1.00968,0.0443684,-1.06437,0.8518,0.8129,0.7482,0.08
u1605,0.014,15.2994,-11.3688,3.44077,-0.432083,-0.177523,-0.104374,0.6478,0.762,0.9522,0.08
u1606,0.014,-7.53229,8.81623,5.00833,-1.29948,-1.18493,0.281621,0.7703,0.7926,0.8297,0.08
u1607,0.014,2.89134,-17.2112,0.632899,0.417324,-0.275857,0.501173,0.6825,0.7706,0.9175,0.08
u1608,0.014,16.1201,13.4859,1.49646,-0.538114,1.80912,-1.4519,0.6169,0.7542,0.9831,0.08
u1609,0.014,4.5442,3.40074,-11.0238,1.52833,1.04991,-0.393024,0.7746,0.7936,0.8254,0.08
u1610,0.014,6.49437,3.26181,9.04408,0.941805,0.868025,-0.969844,0.7891,0.7973,0.8109,0.08
u1611,0.014,-7.50341,-5.1514,-14.4021,-0.923875,0.294107,-1.20589,0.6902,0.7726,0.9098,0.08
u1612,0.014,15.8123,-5.30377,4.30478,1.21134,1.98628,0.467096,0.6868,0.7717,0.9132,0.08
u1613,0.014,-14.4527,1.24713,-6.34616,-1.44929,-1.56767,-0.686996,0.7121,0.778,0.8879,0.08
u1614,0.014,-7.67416,0.56038,5.01092,1.0014,-1.43165,0.400771,0.833,0.8083,0.767,0.08
u1615,0.014,14.7261,-5.14464,3.23672,1.34202,1.26758,0.93191,0.7103,0.7776,0.8897,0.08
u1616,0.014,5.88267,17.902,6.06092,-1.40806,-1.53092,-1.24889,0.6401,0.76,0.9599,0.08
u1617,0.014,18.0764,7.75827,-0.800938,-0.384149,1.0465,0.312532,0.642,0.7605,0.958,0.08
u1618,0.014,12.9012,1.71861,-12.0781,-0.589778,-0.0850723,-0.513884,0.6772,0.7693,0.9228,0.08
u1619,0.014,6.78214,-10.2232,9.33895,0.708637,1.32746,0.862242,0.7197,0.7799,0.8803,0.08
u1620,0.014,-5.08798,5.85178,5.58135,-0.390721,-0.293157,-1.72243,0.8263,0.8066,0.7737,0.08
u1621,0.014,14.4619,11.7443,-1.75706,-1.47952,-0.0717959,-1.37989,0.6598,0.7649,0.9402,0.08
u1622,0.014,-2.17946,18.632,5.4702,-1.60203,0.271705,-0.174642,0.6447,0.7612,0.9553,0.08
u1623,0.014,-2.07103,21.8776,-0.763554,-1.36012,-0.692408,-0.317379,0.6002,0.7501,0.9998,0.08
u1624,0.014,14.4615,-5.57545,-2.32207,1.27149,0.13757,0.463254,0.7151,0.7788,0.8849,0.08
u1625,0.014,-2.04152,8.55297,-1.27255,-1.70264,-1.14881,0.580043,0.8385,0.8096,0.7615,0.08
u1626,0.014,-1.84881,-13.5265,-11.9042,0.104772,-0.839482,-0.444759,0.6707,0.7677,0.9293,0.08
u1627,0.014,-7.14726,-2.93829,-5.79395,1.49567,1.00989,0.183081,0.8244,0.8061,0.7756,0.08
u1628,0.014,12.4705,17.2128,-2.43457,-1.01004,0.245921,-0.34485,0.611,0.7528,0.989,0.08
u1629,0.014,-0.407401,1.24015,4.45319,-1.19693,0.212283,-0.411195,0.9156,0.8289,0.6844,0.08
u1630,0.014,-5.37542,-6.52886,-14.6465,1.55955,0.754372,-0.385882,0.6925,0.7731,0.9075,0.08
u1631,0.014,4.57163,-12.3088,11.463,0.811315,-0.487536,0.18749,0.6831,0.7708,0.9169,0.08
u1632,0.014,14.9535,6.15056,5.97468,-1.14511,1.08101,0.327293,0.6866,0.7716,0.9134,0.08
u1633,0.014,-1.70782,5.09906,10.8041,0.806316,0.22076,-0.359374,0.7806,0.7951,0.8194,0.08
u1634,0.014,7.45939,-0.436129,0.563516,-0.1927,-0.502877,-0.914955,0.8638,0.8159,0.7362,0.08
u1635,0.014,0.208772,-10.7375,-9.34572,0.170437,-0.47874,0.689892,0.7412,0.7853,0.8588,0.08
u1636,0.014,1.36528,-4.76482,6.15646,1.15172,0.0490007,-0.0224598,0.8563,0.8141,0.7437,0.08
u1637,0.014,19.5816,3.07474,-1.97094,0.824387,1.52844,-0.379465,0.6378,0.7595,0.9622,0.08
u1638,0.014,13.8324,3.97802,-4.78722,1.79341,2.49061,0.895785,0.7242,0.7811,0.8758,0.08
u1639,0.014,-12.4924,-2.09758,-11.5042,-1.09227,-0.812419,-0.256772,0.6889,0.7722,0.9111,0.08
u1640,0.014,-7.58869,-2.37258,7.65185,0.778629,-0.529347,-1.7661,0.7994,0.7998,0.8006,0.08
u1641,0.014,-8.42224,4.80155,10.8853,-0.650708,-0.00171772,-1.46191,0.735,0.7837,0.865,0.08
u1642,0.014,6.19135,-2.22727,-2.63537,-0.38101,1.27709,-0.242673,0.8711,0.8178,0.7289,0.08
u1643,0.014,17.878,-4.03422,-8.71828,-0.233967,1.27316,-0.0367253,0.631,0.7577,0.969,0.08
u1644,0.014,9.20316,-5.22688,2.64709,0.931186,0.572979,-0.243244,0.8016,0.8004,0.7984,0.08
u1645,0.014,-2.98281,-8.56786,3.24803,0.538228,0.560857,0.282909,0.8248,0.8062,0.7752,0.08
u1646,0.014,11.4657,5.114,13.4569,-1.33681,0.628621,1.38979,0.6654,0.7663,0.9346,0.08
u1647,0.014,-14.9365,12.7427,1.15187,0.263224,0.325873,0.389721,0.6424,0.7606,0.9576,0.08
u1648,0.014,15.1312,-3.25811,5.87916,-0.821935,-0.423572,-1.74055,0.699,0.7747,0.901,0.08
u1649,0.014,17.4451,-3.2278,7.34299,-0.0826861,1.68055,0.537681,0.6509,0.7627,0.9491,0.08
u1650,0.014,-1.46977,-15.3071,3.60761,0.816874,-0.0312743,0.716113,0.7128,0.7782,0.8872,0.08
u1651,0.014,10.7376,-6.83586,-11.432,-0.250568,0.681488,-0.000857254,0.6889,0.7722,0.9111,0.08
u1652,0.014,5.41535,-0.896736,6.98573,-1.05037,-0.410817,-0.155215,0.8385,0.8096,0.7615,0.08
u1653,0.014,2.56898,-2.85103,9.0148,-0.34816,-0.3133,-1.0531,0.8219,0.8055,0.7781,0.08
u1654,0.014,5.88138,-1.39716,-7.78904,1.17809,0.0172748,-1.35321,0.8207,0.8052,0.7793,0.08
u1655,0.014,-6.03254,4.35968,-15.2493,-1.0813,1.33886,0.10405,0.6915,0.7729,0.9085,0.08
u1656,0.014,13.6316,-11.7742,-7.8422,0.287512,0.392225,1.14561,0.6428,0.7607,0.9572,0.08
u1657,0.014,-7.59555,-8.53847,5.90678,1.91602,-0.844595,0.239152,0.7661,0.7915,0.8339,0.08
u1658,0.014,5.14806,10.7156,7.96603,-0.664837,1.54208,-0.0558759,0.7398,0.785,0.8602,0.08
u1659,0.014,-16.6885,6.50997,-5.31726,1.12893,-1.41597,0.375042,0.6603,0.7651,0.9397,0.08
u1660,0.014,-17.483,5.39283,8.6727,-0.796571,-0.295272,0.481298,0.6319,0.758,0.9681,0.08
u1661,0.014,11.3562,4.83092,-8.50696,-0.321515,-1.14167,0.410804,0.7275,0.7819,0.8725,0.08
u1662,0.014,-12.3039,-9.73456,-8.21319,1.34002,0.44155,-1.35075,0.678,0.7695,0.922,0.08
u1663,0.014,-0.767652,3.34862,-2.22912,-0.797428,0.429965,-0.175282,0.9255,0.8314,0.6745,0.08
u1664,0.014,8.39449,11.9371,7.27423,1.07722,0.916982,0.101483,0.7035,0.7759,0.8965,0.08
u1665,0.014,1.80637,0.853239,-10.323,-0.543134,-0.00400135,-1.00616,0.8088,0.8022,0.7912,0.08
u1666,0.014,10.9339,3.36777,12.1206,-0.174734,0.383425,-1.25067,0.697,0.7742,0.903,0.08
u1667,0.014,5.72161,-6.10714,0.219115,0.925159,-0.272277,0.134237,0.8478,0.8119,0.7522,0.08
u1668,0.014,-16.1489,7.76328,-2.70385,-0.330072,-2.78994,-1.14027,0.6705,0.7676,0.9295,0.08
u1669,0.014,-1.02083,-7.15141,-3.96893,-1.54241,-0.371708,-0.940749,0.8501,0.8125,0.7499,0.08
u1670,0.014,7.72838,-12.6921,-0.41073,0.73153,1.29137,-0.872026,0.7297,0.7824,0.8703,0.08
u1671,0.014,20.728,-7.35807,0.193957,-0.174597,0.00198195,-0.271421,0.6001,0.75,0.9999,0.08
u1672,0.014,6.99443,4.91669,9.93472,-0.866406,1.47385,-0.359666,0.7617,0.7904,0.8383,0.08
u1673,0.014,6.38696,12.8524,-3.6656,-0.248785,0.589292,-0.701505,0.7307,0.7827,0.8693,0.08
u1674,0.014,-15.0246,-7.58156,-3.84618,0.836811,-0.953856,-1.64549,0.6861,0.7715,0.9139,0.08
u1675,0.014,-12.9574,-9.65239,-3.04104,0.0573073,-0.695036,0.658229,0.7011,0.7753,0.8989,0.08
u1676,0.014,13.0876,-13.0936,3.26121,0.553395,0.868254,-1.20953,0.6582,0.7646,0.9418,0.08
u1677,0.014,-13.214,9.69944,3.83964,0.574881,-0.259868,0.200519,0.6939,0.7735,0.9061,0.08
u1678,0.014,-8.53033,-13.8362,0.225979,0.265704,-1.85278,0.224937,0.7044,0.7761,0.8956,0.08
u1679,0.014,-5.42943,-7.34558,14.9643,0.555346,-0.215434,-1.83817,0.6812,0.7703,0.9188,0.08
u1680,0.014,-14.6031,1.26271,3.77692,-0.767439,-2.13422,-0.878846,0.7248,0.7812,0.8752,0.08
u1681,0.014,17.1417,11.4266,0.626729,-2.37959,0.728874,0.139652,0.6253,0.7563,0.9747,0.08
u1682,0.014,-9.40702,12.4103,-7.52416,-0.329977,-1.39722,0.294626,0.6855,0.7714,0.9145,0.08
u1683,0.014,-0.248558,-0.185568,-2.74963,-1.55782,0.940188,-1.0949,0.9497,0.8374,0.6503,0.08
u1684,0.014,-8.60509,0.548982,-6.69772,0.0552466,0.983173,1.07564,0.8015,0.8004,0.7985,0.08
u1685,0.014,-0.518669,20.1764,-4.09859,-1.15386,-0.164278,-0.633314,0.6255,0.7564,0.9745,0.08
u1686,0.014,-1.20894,-1.64327,3.24675,-0.206622,-1.3072,0.0577236,0.9303,0.8326,0.6697,0.08
u1687,0.014,1.22427,-2.29812,8.28946,0.541245,-0.402512,1.21118,0.842,0.8105,0.758,0.08
u1688,0.014,16.2212,-0.26708,-6.11442,-0.337573,0.73625,0.638997,0.6848,0.7712,0.9152,0.08
u1689,0.014,2.34233,2.92286,-16.1804,0.197111,-0.088643,0.311955,0.698,0.7745,0.902,0.08
u1690,0.014,-1.77392,6.9877,-10.5312,-0.626918,0.440663,0.341763,0.768,0.792,0.832,0.08
u1691,0.014,15.4252,6.71765,1.98083,-0.722496,1.69884,-1.28894,0.692,0.773,0.908,0.08
u1692,0.014,-9.80106,5.10975,-13.7819,-0.695438,-1.97526,0.908137,0.6788,0.7697,0.9212,0.08
u1693,0.014,10.6916,-5.9637,6.47157,0.515841,-0.398066,-0.457228,0.7482,0.7871,0.8518,0.08
u1694,0.014,-2.90818,15.0694,-9.74499,-1.46323,-1.73993,0.282614,0.6695,0.7674,0.9305,0.08
u1695,0.014,-6.05353,-17.0705,-3.22575,2.97895,-0.142797,0.409306,0.6655,0.7664,0.9345,0.08
u1696,0.014,3.35244,-5.37389,-12.5559,0.338987,1.88105,-0.213991,0.7443,0.7861,0.8557,0.08
u1697,0.014,10.0858,-7.13124,-9.67097,0.616341,0.40895,-0.169757,0.7148,0.7787,0.8852,0.08
u1698,0.014,-4.58454,-13.0674,12.0433,2.12129,-0.871096,0.220703,0.6663,0.7666,0.9337,0.08
u1699,0.014,15.069,-7.12942,4.34828,-0.0519659,0.116545,0.365516,0.6868,0.7717,0.9132,0.08
u1700,0.014,-6.07624,-9.77018,-9.19759,1.09251,0.12065,-1.2959,0.7322,0.783,0.8678,0.08
u1701,0.014,-15.769,-5.40347,-4.60087,0.24322,-0.214238,0.393875,0.6856,0.7714,0.9144,0.08
u1702,0.014,0.858664,6.52896,-7.65633,-1.73964,1.68206,0.11719,0.8164,0.8041,0.7836,0.08
u1703,0.014,16.1589,-6.12681,7.14813,-0.266797,0.530858,-2.01915,0.66,0.765,0.94,0.08
u1704,0.014,-4.90556,10.6871,4.71348,0.36554,0.101,0.148182,0.7697,0.7924,0.8303,0.08
u1705,0.014,-5.4867,-6.68549,3.30155,-1.49687,-1.36601,-0.333498,0.8317,0.8079,0.7683,0.08
u1706,0.014,3.44825,-14.8933,10.3869,-0.377406,0.460833,0.218481,0.664,0.766,0.936,0.08
u1707,0.014,-15.6038,6.04443,0.501682,-0.951151,1.62158,-0.857967,0.6956,0.7739,0.9044,0.08
u1708,0.014,10.2682,7.6502,-5.08937,-1.72913,0.205647,-1.02833,0.7495,0.7874,0.8505,0.08
u1709,0.014,6.11532,12.5217,-11.066,-1.83429,0.359211,0.0542815,0.6765,0.7691,0.9235,0.08
u1710,0.014,12.4518,-7.06818,-7.11792,-0.132734,1.13008,-0.0231296,0.7093,0.7773,0.8907,0.08
u1711,0.014,9.79362,9.27057,8.12496,0.981498,1.86597,1.19952,0.7137,0.7784,0.8863,0.08
u1712,0.014,-19.1652,-8.9499,2.65545,-0.820405,0.661317,0.257954,0.6124,0.7531,0.9876,0.08
u1713,0.014,9.63156,-6.59596,-0.974459,0.27574,1.36062,-0.143013,0.787,0.7968,0.813,0.08
u1714,0.014,-15.8841,-10.8149,-2.87657,2.28188,0.317964,-0.827319,0.6467,0.7617,0.9533,0.08
u1715,0.014,0.946735,-10.3789,-2.28999,-0.150632,-0.0216182,0.230985,0.806,0.8015,0.794,0.08
u1716,0.014,14.7857,-3.59293,-1.99022,0.406815,0.951673,-0.453076,0.721,0.7802,0.879,0.08
u1717,0.014,-6.02776,-7.23245,13.4662,0.593766,0.0502857,1.16544,0.7013,0.7753,0.8987,0.08
u1718,0.014,-13.7189,10.6921,-1.64648,-0.343712,-0.214749,1.07348,0.6823,0.7706,0.9177,0.08
u1719,0.014,-8.83658,-18.9524,-4.29078,1.1699,-0.617588,-0.33777,0.6119,0.753,0.9881,0.08
u1720,0.014,-6.55621,2.17205,1.79743,-0.965281,-0.637675,-0.433636,0.8702,0.8176,0.7298,0.08
u1721,0.014,15.3043,10.6874,3.90842,-0.926866,0.947834,-0.109221,0.6532,0.7633,0.9468,0.08
u1722,0.014,-14.8001,3.74188,5.00688,0.684773,-0.899314,1.1786,0.7079,0.777,0.8921,0.08
u1723,0.014,-0.901584,-10.5726,1.81512,1.50924,-0.359078,0.39981,0.8043,0.8011,0.7957,0.08
u1724,0.014,3.52541,16.9023,0.483168,-0.533032,0.499581,-0.420085,0.6859,0.7715,0.9141,0.08
u1725,0.014,14.6381,-10.9611,0.947518,1.18917,1.21742,-0.570744,0.6671,0.7668,0.9329,0.08
u1726,0.014,12.8328,1.28025,9.20542,0.578716,2.1697,0.52079,0.7119,0.778,0.8881,0.08
u1727,0.014,-19.6644,2.72855,0.900706,-1.47272,0.337857,0.158449,0.6387,0.7597,0.9613,0.08
u1728,0.014,6.04325,-1.58759,-3.23902,0.878142,1.30338,1.52844,0.872,0.818,0.728,0.08
u1729,0.014,-0.457285,-17.5318,-1.37945,1.56795,-1.87123,-1.37597,0.6801,0.77,0.9199,0.08
u1730,0.014,-9.09756,18.0971,-6.38433,-0.316003,-0.731226,0.652476,0.6139,0.7535,0.9861,0.08
u1731,0.014,0.432728,13.1332,-0.962796,-1.57974,-0.650049,-0.229284,0.7604,0.7901,0.8396,0.08
u1732,0.014,-16.8764,8.44042,4.41328,-0.460211,-1.67432,-1.13924,0.6477,0.7619,0.9523,0.08
u1733,0.014,4.37641,-1.67896,-11.1045,0.120006,-0.748864,0.948899,0.7808,0.7952,0.8192,0.08
u1734,0.014,-12.0305,9.50385,-9.29148,1.47881,-1.0832,-0.245907,0.674,0.7685,0.926,0.08
u1735,0.014,7.76114,5.92681,-13.8981,-0.288838,0.281239,-0.20684,0.6912,0.7728,0.9088,0.08
u1736,0.014,-4.00089,11.6507,6.04682,1.26627,-0.494521,-0.123545,0.7505,0.7876,0.8495,0.08
u1737,0.014,0.807988,15.6607,-11.5397,0.451614,-0.833902,-0.462192,0.646,0.7615,0.954,0.08
u1738,0.014,-5.07539,8.58747,-13.667,-1.03617,-0.918324,1.38393,0.6924,0.7731,0.9076,0.08
u1739,0.014,5.59976,3.65258,-0.963889,-0.812216,1.54548,0.0587331,0.8772,0.8193,0.7228,0.08
u1740,0.014,-13.8122,-11.5393,8.22864,-0.659552,-0.228879,0.137469,0.6402,0.76,0.9598,0.08
u1741,0.014,-6.84384,7.65446,7.11965,0.220416,0.114444,-1.30408,0.7728,0.7932,0.8272,0.08
u1742,0.014,-14.4947,-2.40969,-8.07383,-1.55896,-1.16524,0.000953329,0.6952,0.7738,0.9048,0.08
u1743,0.014,1.48685,4.06795,-3.15068,-1.56273,0.214966,1.17717,0.9026,0.8257,0.6974,0.08
u1744,0.014,17.0725,-10.1845,1.61102,1.19785,1.07785,-0.465438,0.6374,0.7593,0.9626,0.08
u1745,0.014,10.3752,17.1633,-3.14817,-1.70635,0.630586,-0.0674035,0.6309,0.7577,0.9691,0.08
u1746,0.014,1.29866,-19.9215,5.86822,2.69435,-0.544803,-1.15778,0.6217,0.7554,0.9783,0.08
u1747,0.014,11.0464,7.52371,-7.21704,-0.448325,1.99882,-0.48415,0.7238,0.781,0.8762,0.08
u1748,0.014,-13.8783,1.18177,-10.8744,0.455999,-0.490069,-0.0774026,0.6787,0.7697,0.9213,0.08
u1749,0.014,2.81487,8.34009,0.53722,-0.63511,0.819315,1.70204,0.8397,0.8099,0.7603,0.08
u1750,0.014,11.577,3.93679,-9.85305,-0.206568,0.499365,-0.642204,0.7145,0.7786,0.8855,0.08
u1751,0.014,-18.4401,-9.40595,-2.89017,1.5063,-2.1217,-0.649384,0.62,0.755,0.98,0.08
u1752,0.014,-13.3061,8.37925,-3.06497,-0.226017,-1.2088,0.135954,0.7087,0.7772,0.8913,0.08
u1753,0.014,-0.555181,8.60597,1.92708,0.892475,-0.767867,-0.2834,0.8393,0.8098,0.7607,0.08
u1754,0.014,-14.3041,-13.1957,-0.439483,-0.332045,-0.0780617,0.0254937,0.6461,0.7615,0.9539,0.08
u1755,0.014,18.2103,-1.16332,0.696431,0.777989,0.54297,0.274467,0.668,0.767,0.932,0.08
u1756,0.014,-0.302855,4.30531,-16.0257,0.765744,1.53811,-0.402508,0.6982,0.7746,0.9018,0.08
u1757,0.014,3.85705,-3.63225,1.22188,-0.754213,0.658505,0.882972,0.9011,0.8253,0.6989,0.08
u1758,0.014,-11.2927,4.82165,-9.19401,-0.692916,-1.17903,-0.393585,0.7211,0.7803,0.8789,0.08
u1759,0.014,-3.26926,-6.67163,3.08765,-0.097701,-0.124373,1.43502,0.8537,0.8134,0.7463,0.08
u1760,0.014,3.96266,10.0813,-8.48192,-0.0162876,0.0967927,-1.09128,0.7499,0.7875,0.8501,0.08
u1761,0.014,13.8257,-3.76975,11.8738,0.637159,1.47388,0.452963,0.6616,0.7654,0.9384,0.08
u1762,0.014,-4.89268,2.31179,-14.3709,-0.849169,-0.630168,0.340507,0.7208,0.7802,0.8792,0.08
u1763,0.014,-16.3609,2.13395,-6.35017,-0.0285722,-1.10056,0.468199,0.6786,0.7696,0.9214,0.08
u1764,0.014,13.3313,-16.2829,-1.58063,1.02517,0.651223,-1.21169,0.6163,0.7541,0.9837,0.08
u1765,0.014,4.89371,6.60705,-5.54978,0.365285,0.816801,0.249544,0.8196,0.8049,0.7804,0.08
u1766,0.014,-6.17171,-1.12122,-14.0431,-0.838937,0.228122,-1.291,0.7204,0.7801,0.8796,0.08
u1767,0.014,-11.15,10.6188,10.9821,-2.19973,-0.880169,0.17646,0.6561,0.764,0.9439,0.08
u1768,0.014,-0.798501,-0.806965,-0.133082,-1.01655,-0.205946,-0.254433,0.9792,0.8448,0.6208,0.08
u1769,0.014,8.7057,-2.64829,-6.2022,-0.483022,1.73287,-1.26482,0.7998,0.7999,0.8002,0.08
u1770,0.014,-0.906891,0.749588,3.88901,0.233424,-1.12104,-0.307311,0.9261,0.8315,0.6739,0.08
u1771,0.014,-11.6975,9.71381,-9.62534,-0.593777,-0.239884,0.588083,0.6728,0.7682,0.9272,0.08
u1772,0.014,-10.7597,5.50599,-2.07757,0.533349,-1.21488,1.34686,0.777,0.7943,0.823,0.08
u1773,0.014,-3.81904,15.5415,3.78572,-0.720529,-1.74596,-1.03265,0.701,0.7752,0.899,0.08
u1774,0.014,0.107287,5.4844,-9.68138,0.0985623,0.215539,-0.167167,0.7977,0.7994,0.8023,0.08
u1775,0.014,-1.27826,-5.84575,-6.89927,0.775368,-0.221684,0.190751,0.834,0.8085,0.766,0.08
u1776,0.014,17.0434,-4.24451,-1.70579,-0.405241,1.58851,-0.569737,0.6792,0.7698,0.9208,0.08
u1777,0.014,17.8898,-0.201966,8.1911,-0.0667499,1.68305,0.015206,0.6422,0.7606,0.9578,0.08
u1778,0.014,-0.930822,1.02832,4.14322,0.60205,-0.23124,0.805102,0.9206,0.8301,0.6794,0.08
u1779,0.014,7.65802,-19.0591,-5.18521,1.24947,1.28744,-0.093267,0.6148,0.7537,0.9852,0.08
u1780,0.014,-4.1415,13.3983,-11.0707,-0.901066,0.565011,-1.04456,0.6751,0.7688,0.9249,0.08
u1781,0.014,-7.37441,12.8518,-7.82571,-1.43037,-0.200042,-0.80006,0.6953,0.7738,0.9047,0.08
u1782,0.014,2.04822,13.7663,-6.26024,-1.29094,-1.86637,-0.688345,0.7225,0.7806,0.8775,0.08
u1783,0.014,9.93917,8.16236,0.458485,-0.848276,0.56208,-1.00386,0.766,0.7915,0.834,0.08
u1784,0.014,1.16348,-10.5556,-13.0252,0.810435,-0.724334,1.43424,0.6944,0.7736,0.9056,0.08
u1785,0.014,-15.0407,10.6662,3.54181,-1.48831,0.0421326,-0.776392,0.6586,0.7647,0.9414,0.08
u1786,0.014,-9.91417,15.394,-5.82311,-0.237721,-1.50325,-1.53589,0.6507,0.7627,0.9493,0.08
u1787,0.014,-1.07965,-6.92391,-3.71707,-0.708776,0.779655,-1.12072,0.8558,0.8139,0.7442,0.08
u1788,0.014,6.18794,19.4106,-5.00088,0.47956,-1.39259,-0.304397,0.6186,0.7546,0.9814,0.08
u1789,0.014,-9.468,-11.6097,-0.472498,0.715034,-1.29754,0.0853265,0.7275,0.7819,0.8725,0.08
u1790,0.014,-0.589118,-6.10407,2.64035,0.11974,-0.554,1.41807,0.8786,0.8197,0.7214,0.08
u1791,0.014,-10.0624,4.46499,-0.67848,1.25369,-1.60738,0.222395,0.7995,0.7999,0.8005,0.08
u1792,0.014,-1.24728,-7.54882,-1.5988,1.89452,-0.237163,1.11408,0.8579,0.8145,0.7421,0.08
u1793,0.014,-7.28275,7.4807,13.9452,-0.172693,-1.50784,-0.27625,0.6833,0.7708,0.9167,0.08
u1794,0.014,18.7337,1.24617,-4.05677,-0.78464,0.522064,-0.0761964,0.6508,0.7627,0.9492,0.08
u1795,0.014,7.70401,-4.9772,-7.60531,0.672844,-0.443981,-0.249655,0.7834,0.7958,0.8166,0.08
u1796,0.014,16.351,0.851937,-0.695334,-0.997331,1.33797,1.819,0.702,0.7755,0.898,0.08
u1797,0.014,-16.6231,8.47887,-5.82278,0.543535,0.441319,0.317672,0.6446,0.7611,0.9554,0.08
u1798,0.014,5.42184,4.83581,6.17096,-0.088901,-0.34658,-0.166041,0.8267,0.8067,0.7733,0.08
u1799,0.014,-2.07982,-6.05875,-7.50109,1.21896,-0.248397,-0.942107,0.8207,0.8052,0.7793,0.08
u1800,0.014,-3.87355,-19.3199,-5.47649,-0.170373,0.099307,-0.638535,0.6282,0.757,0.9718,0.08
u1801,0.014,5.0003,4.88184,14.2421,-0.457631,0.183809,0.0680922,0.7116,0.7779,0.8884,0.08
u1802,0.014,-2.2513,-14.593,1.94209,1.19546,-0.520603,-1.74464,0.7292,0.7823,0.8708,0.08
u1803,0.014,2.63247,6.45607,1.15304,0.714915,0.111762,0.00299352,0.8715,0.8179,0.7285,0.08
u1804,0.014,9.66149,-6.23794,-12.9917,-0.783605,-0.0710526,0.32263,0.6845,0.7711,0.9155,0.08
u1805,0.014,-19.0499,-4.25677,-3.09106,1.68429,-1.14349,-1.34682,0.6407,0.7602,0.9593,0.08
u1806,0.014,15.4373,-3.90886,-3.17611,0.26741,1.38949,-0.525785,0.7048,0.7762,0.8952,0.08
u1807,0.014,8.13294,5.05878,-2.59449,-0.47576,1.04601,0.108205,0.8196,0.8049,0.7804,0.08
u1808,0.014,-4.5537,13.6031,-7.36543,-0.907724,-0.217481,-0.320387,0.7068,0.7767,0.8932,0.08
u1809,0.014,-10.7049,2.77842,-5.39601,0.625988,-0.233663,0.241439,0.7763,0.7941,0.8237,0.08
u1810,0.014,6.69458,15.3051,6.62082,-0.0335635,-0.522806,1.48308,0.6733,0.7683,0.9267,0.08
u1811,0.014,5.85132,-4.42698,-2.43156,-0.896307,0.0958938,0.115355,0.8595,0.8149,0.7405,0.08
u1812,0.014,-13.7217,12.5679,-6.06748,-0.599196,-0.841921,-0.288475,0.6442,0.761,0.9558,0.08
u1813,0.014,18.8255,6.03963,-5.70721,1.72595,0.495329,-1.19165,0.6259,0.7565,0.9741,0.08
u1814,0.014,-15.6028,-3.38119,-2.73099,0.857813,-1.80241,0.414936,0.7055,0.7764,0.8945,0.08
u1815,0.014,14.4745,-2.82086,11.2673,0.954304,0.567199,0.447923,0.6626,0.7656,0.9374,0.08
u1816,0.014,-0.579148,-11.1882,-10.5403,-0.727095,0.821772,0.279701,0.7203,0.7801,0.8797,0.08
u1817,0.014,-3.16683,8.85017,13.1172,0.690903,-0.434603,1.35482,0.7066,0.7766,0.8934,0.08
u1818,0.014,11.4771,1.83229,7.8351,-1.15464,1.25232,-0.649822,0.7451,0.7863,0.8549,0.08
u1819,0.014,11.1617,5.1767,6.77691,0.0112188,-0.551197,-0.0718748,0.7446,0.7862,0.8554,0.08
u1820,0.014,-10.4654,-14.0726,4.27648,1.58602,-0.73789,0.491472,0.6718,0.7679,0.9282,0.08
u1821,0.014,15.994,13.4686,4.83514,-1.59699,-1.6935,0.0553022,0.6098,0.7524,0.9902,0.08
u1822,0.014,11.6467,12.0832,-1.21445,-0.67547,0.954921,0.496039,0.6941,0.7735,0.9059,0.08
u1823,0.014,7.55128,-8.12821,-7.60864,-0.112536,0.311107,-0.326358,0.7554,0.7889,0.8446,0.08
u1824,0.014,-19.3839,5.14017,5.34178,-0.510573,-1.31519,-1.03275,0.6227,0.7557,0.9773,0.08
u1825,0.014,-6.65376,4.04226,-9.28868,-1.23146,-1.03307,0.274948,0.7796,0.7949,0.8204,0.08
u1826,0.014,12.7896,-11.7905,-6.0854,0.5058,1.36882,1.0951,0.6649,0.7662,0.9351,0.08
u1827,0.014,2.07019,8.27004,-8.11222,-0.664869,1.20387,0.116687,0.786,0.7965,0.814,0.08
u1828,0.014,5.89682,11.5971,-9.59743,-0.14472,1.37447,0.335959,0.7061,0.7765,0.8939,0.08
u1829,0.014,-5.82161,-6.76756,14.1393,0.033442,1.23705,-0.0706383,0.696,0.774,0.904,0.08
u1830,0.014,17.077,-8.73253,-0.0717512,-0.122548,1.38926,0.929953,0.6513,0.7628,0.9487,0.08
u1831,0.014,-11.3103,3.53986,-6.95359,-0.663037,0.401466,0.475997,0.7502,0.7875,0.8498,0.08
u1832,0.014,-6.55144,20.7281,0.151275,-1.61636,0.380879,-1.74404,0.6047,0.7512,0.9953,0.08
u1833,0.014,12.5493,1.29133,11.7273,0.625265,0.182653,-0.969724,0.6868,0.7717,0.9132,0.08
u1834,0.014,-0.778936,9.94585,10.9021,-0.469174,0.86306,0.40017,0.7313,0.7828,0.8687,0.08
u1835,0.014,-18.8678,4.51045,-2.23856,0.962391,-1.74351,0.914605,0.6449,0.7612,0.9551,0.08
u1836,0.014,15.7171,7.93822,-6.85046,-0.366005,-0.370168,-0.18507,0.6565,0.7641,0.9435,0.08
u1837,0.014,11.1621,-6.97521,-2.65469,-1.20305,-0.0332876,-1.09699,0.7559,0.789,0.8441,0.08
u1838,0.014,-5.40368,-1.41865,13.0666,0.845507,-0.754096,1.40198,0.7416,0.7854,0.8584,0.08
u1839,0.014,0.333274,-6.30604,-1.58404,-0.236908,-0.681768,1.30601,0.8816,0.8204,0.7184,0.08
u1840,0.014,-0.631966,16.9871,5.37936,-0.433176,0.421296,0.295847,0.6758,0.769,0.9242,0.08
u1841,0.014,3.56461,5.84265,10.7541,-1.36582,0.738282,-0.3066,0.7682,0.7921,0.8318,0.08
u1842,0.014,-15.442,5.68131,-8.07179,0.230276,-1.19699,-0.252581,0.6668,0.7667,0.9332,0.08
u1843,0.014,-4.50719,18.0304,3.64399,-1.48573,0.083733,-0.0595194,0.6557,0.7639,0.9443,0.08
u1844,0.014,-4.62946,13.4406,-8.16174,-0.0672025,0.390009,1.42858,0.702,0.7755,0.898,0.08
u1845,0.014,-4.73851,7.14064,-7.43864,-0.559891,-0.0591885,0.0819707,0.7937,0.7984,0.8063,0.08
u1846,0.014,8.55268,-12.3255,-10.4626,0.202702,1.10865,1.30152,0.6675,0.7669,0.9325,0.08
u1847,0.014,1.92315,-17.3185,6.09485,0.800628,1.1965,-0.850645,0.6644,0.7661,0.9356,0.08
u1848,0.014,2.47365,7.19145,-13.3181,-0.945148,0.161094,0.418498,0.7212,0.7803,0.8788,0.08
u1849,0.014,14.8181,-10.9061,-7.23451,-0.00346202,1.37367,0.541612,0.6405,0.7601,0.9595,0.08
u1850,0.014,6.3314,-0.376469,-1.54676,-1.1136,0.0984785,0.381883,0.8813,0.8203,0.7187,0.08
u1851,0.014,4.75536,0.166439,-8.01194,0.178196,-1.20612,-1.3743,0.8306,0.8076,0.7694,0.08
u1852,0.014,-4.80893,-1.54217,12.2065,-0.592953,0.075786,-0.628296,0.7598,0.79,0.8402,0.08
u1853,0.014,-5.95495,4.07291,12.7512,-0.877498,-0.104022,-0.558414,0.7336,0.7834,0.8664,0.08
u1854,0.014,5.65101,16.3101,-5.9334,-1.97984,-0.421476,-0.177863,0.6681,0.767,0.9319,0.08
u1855,0.014,14.0069,11.4819,7.13225,0.355944,-0.285748,-0.587693,0.6461,0.7615,0.9539,0.08
u1856,0.014,1.7571,15.5366,-6.12188,-0.751199,0.332212,0.724993,0.6947,0.7737,0.9053,0.08
u1857,0.014,-12.5837,-10.3592,-9.5029,0.554842,-0.781753,1.53054,0.657,0.7642,0.943,0.08
u1858,0.014,-1.38108,-7.14774,-1.75986,0.754785,1.17833,-1.12232,0.8638,0.816,0.7362,0.08
u1859,0.014,1.27616,-6.97405,-13.0648,-0.643024,0.344419,-0.364903,0.7297,0.7824,0.8703,0.08
u1860,0.014,13.2663,-14.2877,-3.68644,0.835115,1.30567,1.39642,0.6392,0.7598,0.9608,0.08
u1861,0.014,0.683008,-3.11351,6.42312,0.419644,1.15306,0.893404,0.8696,0.8174,0.7304,0.08
u1862,0.014,0.0931726,-8.68626,6.66889,0.544576,0.837671,-0.653237,0.8009,0.8002,0.7991,0.08
u1863,0.014,-1.56528,-0.716848,-13.4391,1.45844,0.183882,0.294686,0.7537,0.7884,0.8463,0.08
u1864,0.014,-4.19456,-17.3491,2.134,2.63566,-1.48123,1.00116,0.6732,0.7683,0.9268,0.08
u1865,0.014,-2.12962,-18.8016,-1.584,-0.389176,0.723882,0.034439,0.6548,0.7637,0.9452,0.08
u1866,0.014,-3.94238,6.37025,-7.45495,1.24034,-0.281384,0.758934,0.8078,0.802,0.7922,0.08
u1867,0.014,-3.17982,3.04795,-10.1828,0.400342,-2.40058,0.476164,0.7983,0.7996,0.8017,0.08
u1868,0.014,-6.91715,-8.02963,-1.83949,-0.387437,0.397587,-1.16159,0.8044,0.8011,0.7956,0.08
u1869,0.014,9.56777,13.6946,-9.20369,-1.25005,0.880153,-0.70689,0.6532,0.7633,0.9468,0.08
u1870,0.014,-6.47073,6.44519,-14.4614,-1.44788,0.108547,1.06046,0.689,0.7723,0.911,0.08
u1871,0.014,10.0494,5.77149,-9.1575,0.256671,0.717872,1.1905,0.7315,0.7829,0.8685,0.08
u1872,0.014,-0.54278,-0.382419,-5.38597,-0.257266,-0.206274,0.996952,0.9013,0.8253,0.6987,0.08
u1873,0.014,8.1279,15.7735,-8.90657,-0.168266,0.668515,-1.41299,0.639,0.7598,0.961,0.08
u1874,0.014,10.3449,0.389634,-5.90987,-0.306161,-0.270115,1.47514,0.7833,0.7958,0.8167,0.08
u1875,0.014,1.54645,-6.5402,-13.733,0.853623,-0.564454,-0.0895244,0.722,0.7805,0.878,0.08
u1876,0.014,-10.5341,8.96861,-1.19576,0.459272,0.633581,-0.688147,0.7475,0.7869,0.8525,0.08
u1877,0.014,-21.094,-4.08865,-0.00738559,0.250912,-0.276175,0.870244,0.6093,0.7523,0.9907,0.08
u1878,0.014,-15.8374,1.24377,7.56914,-0.246533,-0.84314,-0.228108,0.6801,0.77,0.9199,0.08
u1879,0.014,3.68285,-7.23363,-2.61938,-0.791998,0.829362,1.14229,0.8449,0.8112,0.7551,0.08
u1880,0.014,12.7434,-5.38441,-2.04342,0.768862,0.327345,0.345704,0.7457,0.7864,0.8543,0.08
u1881,0.014,0.933237,-16.2521,8.86208,0.428906,1.04393,-1.53938,0.663,0.7658,0.937,0.08
u1882,0.014,-4.69264,-4.29321,-7.72357,0.206542,0.148275,-1.56396,0.8181,0.8045,0.7819,0.08
u1883,0.014,-10.8984,18.4812,-1.06882,-0.360669,-0.848184,0.443748,0.6094,0.7524,0.9906,0.08
u1884,0.014,11.8429,-8.65255,11.3785,-0.764716,1.47817,0.382359,0.6625,0.7656,0.9375,0.08
u1885,0.014,4.0796,-19.0726,-4.26668,0.832969,-0.398937,0.150878,0.637,0.7592,0.963,0.08
u1886,0.014,8.25766,-15.6824,1.76134,0.249208,1.48045,1.14826,0.6762,0.769,0.9238,0.08
u1887,0.014,-7.60803,5.52711,-4.80325,-0.0723871,0.0907739,-0.428216,0.808,0.802,0.792,0.08
u1888,0.014,-7.36889,1.16802,-15.0631,-0.682703,-0.0173153,-0.678034,0.6944,0.7736,0.9056,0.08
u1889,0.014,-12.0628,7.32556,-12.5749,-0.202215,-0.869531,0.0698786,0.6563,0.7641,0.9437,0.08
u1890,0.014,1.57409,-11.6656,-4.94513,0.485119,0.58663,1.26,0.7679,0.792,0.8321,0.08
u1891,0.014,18.4873,-6.05845,-7.03106,-0.408075,2.2947,-0.403521,0.6239,0.756,0.9761,0.08
u1892,0.014,1.61705,-4.97633,-15.9896,0.553256,0.818711,0.0042026,0.6941,0.7735,0.9059,0.08
u1893,0.014,-3.34762,14.5078,-6.22369,-0.350837,0.335952,0.403002,0.7066,0.7766,0.8934,0.08
u1894,0.014,-1.65105,-12.2149,4.64902,0.487,-0.392248,0.529548,0.7605,0.7901,0.8395,0.08
u1895,0.014,9.24136,7.66483,-12.0559,0.559481,0.0332905,0.0707499,0.6906,0.7727,0.9094,0.08
u1896,0.014,-2.53256,-0.447136,-13.0314,-0.500073,0.951094,0.547526,0.7585,0.7896,0.8415,0.08
u1897,0.014,7.97054,-9.6015,-0.414038,0.480281,0.947509,-0.340052,0.773,0.7932,0.827,0.08
u1898,0.014,4.18446,-14.9611,2.18377,1.58351,0.450162,0.534834,0.7148,0.7787,0.8852,0.08
u1899,0.014,11.6091,-7.66511,8.21205,-0.605208,1.85373,0.263429,0.7063,0.7766,0.8937,0.08
u1900,0.014,-11.2154,-3.4856,-5.87558,0.696118,-1.65076,-2.03795,0.7612,0.7903,0.8388,0.08
u1901,0.014,-3.7816,21.4521,1.79598,-1.84203,-0.885075,0.782039,0.6026,0.7507,0.9974,0.08
u1902,0.014,7.44161,-16.7145,0.847463,0.732343,0.340152,-0.00264343,0.667,0.7667,0.933,0.08
u1903,0.014,-7.38409,-13.4148,1.25662,0.684229,-1.18375,-0.239545,0.7206,0.7802,0.8794,0.08
u1904,0.014,1.05123,-0.921257,-11.2117,-0.209216,-1.53829,1.0269,0.7946,0.7986,0.8054,0.08
u1905,0.014,-12.977,9.13458,-1.07656,1.03124,0.110797,-0.282285,0.7108,0.7777,0.8892,0.08
u1906,0.014,-17.0347,-10.159,-5.0029,0.833038,-0.922185,-0.941473,0.6281,0.757,0.9719,0.08
u1907,0.014,-2.405,14.8892,5.90584,-1.27387,0.822246,0.969071,0.7055,0.7764,0.8945,0.08
u1908,0.014,5.26462,-14.6668,10.6077,-0.585421,-0.632557,1.11675,0.6573,0.7643,0.9427,0.08
u1909,0.014,-4.00842,-7.38617,8.87406,-0.125941,-0.121813,1.09889,0.7778,0.7944,0.8222,0.08
u1910,0.014,8.9535,-4.82052,1.96171,0.407256,-0.712142,-1.15908,0.8117,0.8029,0.7883,0.08
u1911,0.014,-10.1495,-7.75259,3.59723,0.0976971,-0.0903032,0.149959,0.7588,0.7897,0.8412,0.08
u1912,0.014,12.0501,-11.8932,-8.58795,-0.0491182,1.39052,-0.932414,0.6548,0.7637,0.9452,0.08
u1913,0.014,-15.4656,0.680206,-9.20484,1.27511,-1.2673,0.340948,0.6725,0.7681,0.9275,0.08
u1914,0.014,0.688161,4.79509,12.787,0.73428,0.58849,-1.24319,0.7514,0.7878,0.8486,0.08
u1915,0.014,5.99479,3.82884,-13.6523,1.51027,0.0947803,-1.1086,0.7201,0.78,0.8799,0.08
u1916,0.014,-3.14178,2.91728,4.19817,-0.015538,0.0415081,-1.41375,0.8909,0.8227,0.7091,0.08
u1917,0.014,0.353026,8.01809,6.26087,-0.0902612,-0.234184,1.60412,0.8149,0.8037,0.7851,0.08
u1918,0.014,-14.8836,-9.69924,9.34567,0.0720949,0.526817,-0.0823057,0.635,0.7588,0.965,0.08
u1919,0.014,15.0334,3.35795,-10.7478,0.463769,1.5156,1.67642,0.6585,0.7646,0.9415,0.08
u1920,0.014,0.737447,-4.49539,7.75563,1.48365,-1.92635,-0.532633,0.8365,0.8091,0.7635,0.08
u1921,0.014,3.07318,-0.0995333,12.0141,0.0277406,1.34704,-0.27019,0.7745,0.7936,0.8255,0.08
u1922,0.014,6.93422,5.14394,-5.6042,1.53827,0.294968,0.0997191,0.8129,0.8032,0.7871,0.08
u1923,0.014,-10.1845,13.9898,7.55433,-2.41089,0.232597,0.00684097,0.6567,0.7642,0.9433,0.08
u1924,0.014,-5.27207,-15.2968,6.72272,0.466423,0.8826,-0.591467,0.6814,0.7704,0.9186,0.08
u1925,0.014,-6.82204,3.17471,-15.1871,-1.49754,0.370012,-0.550854,0.6918,0.773,0.9082,0.08
u1926,0.014,-15.8849,8.55409,9.27635,1.4274,-0.204416,0.340368,0.6312,0.7578,0.9688,0.08
u1927,0.014,-0.677997,-14.9892,-7.02029,-0.105237,-0.716467,0.0895544,0.6988,0.7747,0.9012,0.08
u1928,0.014,19.5327,1.38273,-5.50108,0.625783,1.76949,1.13492,0.6302,0.7575,0.9698,0.08
u1929,0.014,8.3949,-3.62696,-7.68786,0.400804,-0.700444,0.289517,0.7828,0.7957,0.8172,0.08
u1930,0.014,7.6932,0.21516,10.5591,0.332697,0.110273,-0.212707,0.7624,0.7906,0.8376,0.08
u1931,0.014,16.5278,-1.90575,-9.41165,-0.339027,1.00333,-0.873542,0.6525,0.7631,0.9475,0.08
u1932,0.014,2.43171,6.7091,-10.3213,-1.29842,0.117995,-0.507444,0.7719,0.793,0.8281,0.08
u1933,0.014,10.0174,-6.72999,-5.54852,1.10185,-0.113665,0.380319,0.7585,0.7896,0.8415,0.08
u1934,0.014,-5.09635,1.78668,-15.6925,1.26636,-0.643913,-0.237673,0.6983,0.7746,0.9017,0.08
u1935,0.014,-1.01405,-14.6166,-3.27174,2.92285,0.65001,-0.704169,0.727,0.7818,0.873,0.08
u1936,0.014,-6.8902,-10.5075,4.65546,0.202448,0.175571,-0.258287,0.7564,0.7891,0.8436,0.08
u1937,0.014,-6.63863,3.73847,4.46935,0.938729,0.333077,-0.103631,0.8394,0.8098,0.7606,0.08
u1938,0.014,-1.97466,-9.38764,-12.5972,0.232234,-0.864081,-0.655132,0.7121,0.778,0.8879,0.08
u1939,0.014,4.54774,-7.26602,-13.0052,1.58562,0.592861,0.156806,0.7168,0.7792,0.8832,0.08
u1940,0.014,-4.66833,-16.6925,1.14896,-0.719597,0.375022,-0.433148,0.6842,0.771,0.9158,0.08
u1941,0.014,2.80931,-14.8046,2.47059,0.126932,1.28766,-0.459025,0.7224,0.7806,0.8776,0.08
u1942,0.014,-18.6315,7.38026,-1.31127,0.519539,-1.18179,0.860985,0.6349,0.7587,0.9651,0.08
u1943,0.014,15.8732,9.40845,-4.04487,0.0393324,0.517344,-0.874657,0.6565,0.7641,0.9435,0.08
u1944,0.014,4.0976,-7.39901,-11.3767,0.903928,0.587603,-0.435007,0.7423,0.7856,0.8577,0.08
u1945,0.014,-10.0626,-10.8727,3.44708,-0.434795,0.178784,-0.136396,0.7234,0.7809,0.8766,0.08
u1946,0.014,-0.88166,8.67867,0.553722,-1.59489,-0.697891,-0.721178,0.8411,0.8103,0.7589,0.08
u1947,0.014,10.4416,8.82689,0.872663,-0.0465771,-0.377626,0.112762,0.7509,0.7877,0.8491,0.08
u1948,0.014,-8.48638,9.99568,0.775689,0.135225,-0.199984,1.00792,0.7612,0.7903,0.8388,0.08
u1949,0.014,8.54704,14.838,7.78982,-0.200799,0.315435,-0.152182,0.658,0.7645,0.942,0.08
u1950,0.014,-7.86342,7.18307,-12.0726,-1.07232,-0.0195425,-0.316334,0.7073,0.7768,0.8927,0.08
u1951,0.014,5.33154,1.6611,15.4614,-0.99864,-0.739489,0.388307,0.7011,0.7753,0.8989,0.08
u1952,0.014,-14.4949,0.697414,-9.0041,-0.655148,-0.732352,0.26816,0.6895,0.7724,0.9105,0.08
u1953,0.014,0.889525,8.35063,-4.99774,-0.728129,0.395044,-0.195533,0.8223,0.8056,0.7777,0.08
u1954,0.014,-7.57758,9.53932,-9.83992,-0.0144681,-1.57786,1.30023,0.7153,0.7788,0.8847,0.08
u1955,0.014,-9.28509,-7.95279,-0.00190793,0.885815,0.751143,-0.706201,0.7777,0.7944,0.8223,0.08
u1956,0.014,-12.9565,-1.55444,4.4203,0.502972,-0.786134,-0.0100784,0.7495,0.7874,0.8505,0.08
u1957,0.014,-5.26508,12.3717,11.6543,-0.889266,-1.46652,1.0157,0.6765,0.7691,0.9235,0.08
u1958,0.014,-9.95306,-12.8644,5.93087,1.86921,-0.497968,1.35019,0.6852,0.7713,0.9148,0.08
u1959,0.014,-4.48451,-18.7512,-3.18577,0.678503,0.415792,1.35821,0.6447,0.7612,0.9553,0.08
u1960,0.014,7.21467,-0.205932,10.2805,-0.169786,0.69669,-0.307152,0.7716,0.7929,0.8284,0.08
u1961,0.014,-10.1647,6.15247,7.50844,-1.98996,1.02049,-0.533213,0.7444,0.7861,0.8556,0.08
u1962,0.014,-5.22162,0.322825,-15.0626,-0.200158,-1.73843,-0.300559,0.7101,0.7775,0.8899,0.08
u1963,0.014,-4.90776,5.87402,8.28844,0.429145,0.872326,-2.31793,0.7949,0.7987,0.8051,0.08
u1964,0.014,-7.31273,6.82607,-11.4258,-0.242445,-0.182158,-0.565593,0.7239,0.781,0.8761,0.08
u1965,0.014,-6.15146,13.7839,-8.67383,0.499451,-0.163916,-1.76025,0.6835,0.7709,0.9165,0.08
u1966,0.014,4.58988,-1.17608,11.4062,0.39492,0.803053,-0.224468,0.7754,0.7939,0.8246,0.08
u1967,0.014,-5.54191,2.74599,13.2851,-0.150978,0.30848,-0.0275095,0.7336,0.7834,0.8664,0.08
u1968,0.014,-7.28338,19.801,-3.23911,-2.13164,-0.439479,1.31607,0.6119,0.753,0.9881,0.08
u1969,0.014,2.48793,16.8502,3.7133,-0.316495,0.250329,-0.688277,0.683,0.7708,0.917,0.08
u1970,0.014,16.4661,9.52911,-0.385074,1.01282,0.453312,0.981916,0.654,0.7635,0.946,0.08
u1971,0.014,14.9061,-6.73156,-5.83304,-1.18052,-0.177194,-0.645332,0.6843,0.7711,0.9157,0.08
u1972,0.014,1.53593,-4.53619,2.99475,1.15131,-0.956612,-0.116019,0.8973,0.8243,0.7027,0.08
u1973,0.014,3.26277,16.1658,10.7783,-1.31838,0.731383,-0.749131,0.6418,0.7604,0.9582,0.08
u1974,0.014,15.2154,10.5155,-8.37378,-0.500659,0.0275394,1.0942,0.6309,0.7577,0.9691,0.08
u1975,0.014,-12.4829,2.366,5.91776,0.466397,0.572175,-0.707187,0.7452,0.7863,0.8548,0.08
u1976,0.014,-10.139,9.49398,-12.1571,-0.664061,0.201052,0.424229,0.6644,0.7661,0.9356,0.08
u1977,0.014,4.1633,-14.4844,-8.58469,1.23697,0.973739,1.02632,0.6846,0.7712,0.9154,0.08
u1978,0.014,-14.4628,7.00894,-11.1832,-0.753871,-1.38444,-1.00398,0.644,0.761,0.956,0.08
u1979,0.014,2.95568,9.42244,-8.79994,-1.71062,0.213718,0.490794,0.7595,0.7899,0.8405,0.08
u1980,0.014,-7.80058,-5.25217,4.49519,-0.581355,-0.320277,-1.49952,0.8105,0.8026,0.7895,0.08
u1981,0.014,8.63865,-9.90896,7.76334,-0.419096,0.656216,-0.649899,0.7224,0.7806,0.8776,0.08
u1982,0.014,-1.54281,4.28625,-3.56033,0.265847,-0.451901,0.903044,0.8949,0.8237,0.7051,0.08
u1983,0.014,-3.38483,14.9386,-11.0924,-0.447306,1.07634,0.577764,0.6561,0.764,0.9439,0.08
u1984,0.014,-15.5945,-7.86495,3.24118,-0.49556,-1.06784,-0.872995,0.677,0.7693,0.923,0.08
u1985,0.014,1.93122,10.6148,6.3099,-0.266924,0.437226,0.923879,0.7728,0.7932,0.8272,0.08
u1986,0.014,-19.1828,-2.98423,3.10226,1.45381,1.23203,1.54084,0.6425,0.7606,0.9575,0.08
u1987,0.014,-5.0696,-0.644803,-15.5956,-0.508994,-1.39849,-0.633441,0.7016,0.7754,0.8984,0.08
u1988,0.014,-5.73404,-2.51789,-15.6327,-0.477751,-1.32845,0.240006,0.6938,0.7735,0.9062,0.08
u1989,0.014,17.8224,8.68292,-5.00106,0.832671,0.583339,1.79085,0.6283,0.7571,0.9717,0.08
u1990,0.014,8.54206,4.99874,-10.2573,-0.833935,-0.280275,1.43061,0.7408,0.7852,0.8592,0.08
u1991,0.014,15.799,2.32394,10.3111,1.10875,2.06108,-1.10062,0.6544,0.7636,0.9456,0.08
u1992,0.014,-12.8822,0.980663,0.279324,0.693172,-0.941634,-0.959553,0.765,0.7913,0.835,0.08
u1993,0.014,13.4917,4.81402,-5.2686,-1.19762,0.781729,-1.09213,0.7225,0.7806,0.8775,0.08
u1994,0.014,10.7616,-7.02778,-0.586799,0.0997873,0.430833,-0.166808,0.7661,0.7915,0.8339,0.08
u1995,0.014,13.5793,-1.01201,-9.07516,-0.453732,0.630024,-1.25626,0.7025,0.7756,0.8975,0.08
u1996,0.014,-21.3836,-0.789631,1.96544,0.263619,-1.32914,-1.40267,0.6093,0.7523,0.9907,0.08
u1997,0.014,0.130034,-8.88901,5.98195,1.05801,-0.283725,1.29441,0.8052,0.8013,0.7948,0.08
u1998,0.014,11.1421,-14.5997,3.95246,0.678681,1.20137,-0.803485,0.6584,0.7646,0.9416,0.08
u1999,0.014,7.80945,-5.76476,9.95822,1.18907,0.0816401,-0.567397,0.7472,0.7868,0.8528,0.08
u2000,0.014,5.53962,13.0232,8.11785,0.61078,0.813405,-0.921005,0.7034,0.7758,0.8966,0.08
u2001,0.014,-3.39589,-4.04109,-2.61093,1.21487,-0.292869,-0.151377,0.8929,0.8232,0.7071,0.08
u2002,0.014,6.48397,3.06259,-7.74483,0.529009,0.554721,-0.782629,0.8081,0.802,0.7919,0.08
u2003,0.014,-11.0724,-3.33098,-7.701,0.723414,0.297712,-1.34372,0.7474,0.7869,0.8526,0.08
u2004,0.014,-7.704,-13.2614,7.09989,1.40769,-0.290097,0.797005,0.6927,0.7732,0.9073,0.08
u2005,0.014,14.6241,-0.947953,-5.10741,-1.04307,1.76367,-0.838741,0.7178,0.7795,0.8822,0.08
u2006,0.014,-7.25343,15.1057,-2.92836,-0.750247,1.45383,-1.29049,0.6907,0.7727,0.9093,0.08
u2007,0.014,3.80436,-9.60409,1.61778,-0.702572,1.024,0.338212,0.8099,0.8025,0.7901,0.08
u2008,0.014,5.54703,-5.22122,-7.20027,-0.89921,0.240212,0.15557,0.8094,0.8024,0.7906,0.08
u2009,0.014,-4.76393,6.16747,14.6007,-0.485785,0.833273,0.834694,0.6991,0.7748,0.9009,0.08
u2010,0.014,-0.775877,9.52414,5.04609,0.140808,0.0622161,0.252834,0.8035,0.8009,0.7965,0.08
u2011,0.014,8.73981,8.2594,7.65486,-0.308023,1.08752,-1.7473,0.7408,0.7852,0.8592,0.08
u2012,0.014,-12.848,9.36942,-2.8298,0.128783,-0.435553,0.198609,0.7063,0.7766,0.8937,0.08
u2013,0.014,12.5772,-12.4508,-4.47373,0.854193,-0.260298,-0.127624,0.6681,0.767,0.9319,0.08
u2014,0.014,-3.05128,20.5333,-4.69512,-0.750704,0.117439,-0.759004,0.613,0.7533,0.987,0.08
u2015,0.014,-18.8332,-4.26194,2.20465,0.112442,-0.00686362,0.911151,0.6466,0.7617,0.9534,0.08
u2016,0.014,18.9786,-1.13832,6.11488,1.38498,1.5536,-0.398376,0.6369,0.7592,0.9631,0.08
u2017,0.014,9.21152,-14.3367,7.42196,0.637788,0.838749,-0.527135,0.6621,0.7655,0.9379,0.08
u2018,0.014,11.0618,5.11882,-7.81293,0.118202,0.658163,1.33402,0.7368,0.7842,0.8632,0.08
u2019,0.014,-0.0480706,19.6701,-5.02382,-2.6907,0.929297,0.891518,0.6309,0.7577,0.9691,0.08
u2020,0.014,-0.141779,-0.0324367,-14.0454,0.547243,0.701766,-0.0924609,0.7446,0.7862,0.8554,0.08
u2021,0.014,6.50984,-8.52798,10.3516,0.630564,0.325353,-0.703925,0.7289,0.7822,0.8711,0.08
u2022,0.014,18.6013,3.62208,5.11131,-1.48143,0.299265,0.55531,0.6431,0.7608,0.9569,0.08
u2023,0.014,15.903,-2.12651,6.84065,-0.854653,1.92722,-0.0421535,0.6829,0.7707,0.9171,0.08
u2024,0.014,7.11769,15.1935,4.71528,-1.68596,0.274289,1.08757,0.6831,0.7708,0.9169,0.08
u2025,0.014,-7.24104,4.01091,13.3272,-1.01152,-1.44626,-1.04105,0.7148,0.7787,0.8852,0.08
u2026,0.014,-10.3537,-13.5644,6.85387,0.903221,-0.960524,-1.07182,0.6656,0.7664,0.9344,0.08
u2027,0.014,-0.915044,1.43204,6.92446,0.460634,-1.19988,-1.15777,0.8704,0.8176,0.7296,0.08
u2028,0.014,11.7012,2.88316,7.57647,-0.444407,-0.284016,0.22697,0.7412,0.7853,0.8588,0.08
u2029,0.014,10.3808,-0.3208,-0.076343,-0.472198,-0.68582,-0.128288,0.8112,0.8028,0.7888,0.08
u2030,0.014,-1.95726,0.334346,-16.1181,1.25863,-0.0765821,1.40277,0.7047,0.7762,0.8953,0.08
u2031,0.014,0.145948,12.8648,4.39077,0.922341,1.11831,0.640482,0.7528,0.7882,0.8472,0.08
u2032,0.014,2.72478,7.56067,9.61795,-1.56522,1.17207,-0.3786,0.7721,0.793,0.8279,0.08
u2033,0.014,7.8852,-5.22033,11.3076,0.593234,-0.991819,1.00056,0.732,0.783,0.868,0.08
u2034,0.014,-4.79247,-0.730084,8.49452,1.0501,-0.11526,0.202253,0.8222,0.8055,0.7778,0.08
u2035,0.014,-12.3841,3.66146,4.88965,1.301,-1.11129,0.681625,0.7489,0.7872,0.8511,0.08
u2036,0.014,8.89721,6.28177,-0.223525,0.994815,0.530322,-0.619623,0.8019,0.8005,0.7981,0.08
u2037,0.014,-19.8586,4.77034,1.59716,0.560794,0.0999822,0.311865,0.6275,0.7569,0.9725,0.08
u2038,0.014,11.5119,14.4959,-4.901,0.0443023,0.474108,-0.631795,0.6518,0.763,0.9482,0.08
u2039,0.014,13.1993,3.7417,8.21068,0.0990106,0.930571,-1.58581,0.7093,0.7773,0.8907,0.08
u2040,0.014,-10.505,-3.61767,-3.54954,-0.707191,0.388473,-1.14304,0.7879,0.797,0.8121,0.08
u2041,0.014,3.71217,20.6216,-1.97281,-1.85381,0.540081,0.228045,0.6173,0.7543,0.9827,0.08
u2042,0.014,-9.72034,14.675,6.45273,0.644539,-0.731862,-0.688212,0.6591,0.7648,0.9409,0.08
u2043,0.014,-7.37421,-2.38589,4.7726,0.4186,-0.606664,-0.381436,0.8345,0.8086,0.7655,0.08
u2044,0.014,-14.196,-7.82135,7.13421,0.418367,0.332556,0.538834,0.678,0.7695,0.922,0.08
u2045,0.014,3.66242,-12.632,-0.141829,0.775016,-0.656798,-0.305792,0.7609,0.7902,0.8391,0.08
u2046,0.014,-6.15699,-4.59205,14.9,1.10309,-1.45743,-0.149229,0.6952,0.7738,0.9048,0.08
u2047,0.014,-8.11896,-10.6167,6.55781,0.840733,0.256063,-0.0910549,0.7293,0.7823,0.8707,0.08
u2048,0.014,11.5523,9.4691,-9.65288,-2.07729,0.190594,0.470869,0.6766,0.7692,0.9234,0.08
u2049,0.014,-20.9181,-1.58232,-0.360839,0.500343,-2.57628,-0.191546,0.6185,0.7546,0.9815,0.08
u2050,0.014,-6.44393,17.0115,-3.34667,-1.78159,-0.706916,-0.572772,0.6637,0.7659,0.9363,0.08
u2051,0.014,3.95915,10.7737,6.80103,-0.118744,1.2078,-0.863179,0.7574,0.7894,0.8426,0.08
u2052,0.014,-2.89651,6.46166,-12.3705,0.121599,0.664852,0.483546,0.7408,0.7852,0.8592,0.08
u2053,0.014,1.02181,-8.69994,9.74167,-0.312355,-0.407428,0.587862,0.7618,0.7905,0.8382,0.08
u2054,0.014,-8.04919,1.80089,10.1739,1.29658,-1.38246,-1.25873,0.7619,0.7905,0.8381,0.08
u2055,0.014,15.3917,7.42172,-1.65697,-1.63792,0.711526,0.534374,0.6879,0.772,0.9121,0.08
u2056,0.014,-11.7357,-9.06241,-1.95048,1.49328,-0.00540998,-0.196056,0.7281,0.782,0.8719,0.08
u2057,0.014,9.50843,-12.1179,5.80311,1.18456,-0.0731634,0.218451,0.7007,0.7752,0.8993,0.08
u2058,0.014,11.93,6.42195,3.97586,0.232814,-0.206813,-0.547172,0.7433,0.7858,0.8567,0.08
u2059,0.014,10.479,4.52541,-1.88802,-0.010304,0.549941,-0.391385,0.7896,0.7974,0.8104,0.08
u2060,0.014,9.47437,6.77268,-10.5692,-0.470564,0.429613,-0.247206,0.7141,0.7785,0.8859,0.08
u2061,0.014,6.26035,1.63767,9.77367,1.00499,0.631892,0.467441,0.7869,0.7967,0.8131,0.08
u2062,0.014,-17.1001,13.8273,-0.266004,-0.857261,-2.41881,0.775524,0.6001,0.75,0.9999,0.08
u2063,0.014,16.443,0.249677,4.01552,-0.36964,0.356792,-0.00629371,0.6922,0.7731,0.9078,0.08
u2064,0.014,-8.34092,10.3421,11.4685,-0.815742,-0.0917019,-0.941234,0.6809,0.7702,0.9191,0.08
u2065,0.014,-7.49564,8.90763,13.7462,-0.951449,-0.875155,-0.506859,0.6725,0.7681,0.9275,0.08
u2066,0.014,-9.03848,-7.18307,6.25081,1.14383,-1.18091,0.598692,0.7613,0.7903,0.8387,0.08
u2067,0.014,-16.7286,-10.6704,3.53626,2.16992,-1.05588,0.156777,0.6336,0.7584,0.9664,0.08
u2068,0.014,4.62091,-4.20522,-5.58554,0.414549,1.49237,-0.14821,0.8476,0.8119,0.7524,0.08
u2069,0.014,-0.907639,-1.48299,3.33048,-0.495863,1.10597,-0.068689,0.9317,0.8329,0.6683,0.08
u2070,0.014,13.0209,9.04045,6.46877,-2.4535,0.466566,0.265035,0.6887,0.7722,0.9113,0.08
u2071,0.014,9.27462,6.04014,-9.04553,-0.175146,2.34171,-0.46098,0.7401,0.785,0.8599,0.08
u2072,0.014,-9.80532,-7.97593,-10.5815,-0.702612,-0.702661,-0.386466,0.7003,0.7751,0.8997,0.08
u2073,0.014,12.2645,2.64299,-12.9343,-0.638463,-0.180895,-1.129,0.6724,0.7681,0.9276,0.08
u2074,0.014,9.17321,-15.633,-4.94808,-0.976827,0.956945,0.277226,0.6584,0.7646,0.9416,0.08
u2075,0.014,7.62596,6.61606,9.98352,1.23963,-0.430881,0.306876,0.7418,0.7855,0.8582,0.08
u2076,0.014,12.2013,-13.6351,8.24682,-1.1051,0.810156,-1.14631,0.6351,0.7588,0.9649,0.08
u2077,0.014,-17.9013,-2.8799,-9.11148,-1.18559,-1.58971,-0.593294,0.6311,0.7578,0.9689,0.08
u2078,0.014,9.18645,6.21565,0.274051,-0.140917,-0.998113,0.717035,0.7983,0.7996,0.8017,0.08
u2079,0.014,6.71365,-3.67068,1.50734,1.26273,1.25411,0.463884,0.8582,0.8146,0.7418,0.08
u2080,0.014,8.59703,7.97235,8.07114,-0.700766,0.491166,-0.489918,0.7412,0.7853,0.8588,0.08
u2081,0.014,-10.7837,-18.2172,-4.03085,1.36204,0.765183,0.214868,0.6082,0.752,0.9918,0.08
u2082,0.014,-3.85796,0.473145,-9.82555,0.409709,-0.804629,-1.51323,0.8079,0.802,0.7921,0.08
u2083,0.014,14.4753,-2.3712,-8.26959,-0.984504,1.12026,-0.994302,0.6938,0.7735,0.9062,0.08
u2084,0.014,-0.986529,-5.17328,-7.89664,0.732799,0.471304,1.41015,0.8274,0.8069,0.7726,0.08
u2085,0.014,1.39491,12.4008,-2.70102,-0.662667,-0.870549,1.19825,0.7679,0.792,0.8321,0.08
u2086,0.014,-12.1989,7.37561,-0.703625,-1.08096,-0.0387909,0.0555704,0.7405,0.7851,0.8595,0.08
u2087,0.014,5.28769,-7.51365,-3.32276,-0.370604,-0.316882,1.8791,0.8224,0.8056,0.7776,0.08
u2088,0.014,-2.72649,-7.40549,12.7195,-0.455749,-0.113699,-1.307,0.7278,0.782,0.8722,0.08
u2089,0.014,-13.161,7.10899,8.81717,-0.402362,-0.603143,-0.0990055,0.6843,0.7711,0.9157,0.08
u2090,0.014,-2.3639,-10.0074,-8.58011,-1.23145,-0.572774,1.01718,0.7565,0.7891,0.8435,0.08
u2091,0.014,-2.16727,15.4567,-4.8449,0.543895,-0.336606,-0.563701,0.7029,0.7757,0.8971,0.08
u2092,0.014,6.66328,6.5386,-7.70505,1.19318,0.582815,-0.894782,0.7799,0.795,0.8201,0.08
u2093,0.014,-8.7321,-3.3303,0.83021,-0.667094,-0.963612,-1.67169,0.8294,0.8074,0.7706,0.08
u2094,0.014,5.28434,20.14,4.49694,0.218314,0.653156,-1.41399,0.6127,0.7532,0.9873,0.08
u2095,0.014,-14.7155,-2.67536,-1.14345,1.15767,-0.0680124,0.582452,0.7273,0.7818,0.8727,0.08
u2096,0.014,-1.93143,-0.861285,14.6143,1.54718,0.790043,1.23826,0.7315,0.7829,0.8685,0.08
u2097,0.014,1.21179,-0.20918,-14.4191,1.21217,1.24275,0.149492,0.7369,0.7842,0.8631,0.08
u2098,0.014,9.60634,-3.33529,-6.24641,-0.211243,-0.248903,-0.162282,0.783,0.7958,0.817,0.08
u2099,0.014,3.39603,10.2207,-0.675885,-1.52679,0.627721,-0.239458,0.8038,0.8009,0.7962,0.08
u2100,0.014,10.4082,0.0971698,-10.5548,-2.19426,1.03446,-0.295708,0.7305,0.7826,0.8695,0.08
u2101,0.014,-0.262451,6.69915,12.8625,-0.660552,-0.862434,-0.287947,0.7363,0.7841,0.8637,0.08
u2102,0.014,-2.50261,6.06607,0.620824,-1.14757,-0.526866,0.581418,0.8802,0.82,0.7198,0.08
u2103,0.014,11.3725,-12.201,-1.93127,1.34091,0.582108,0.659547,0.6947,0.7737,0.9053,0.08
u2104,0.014,-7.33712,-2.43691,9.3122,1.01891,-0.560929,0.906637,0.7799,0.795,0.8201,0.08
u2105,0.014,-11.2733,-13.3565,-3.29183,0.838685,-0.801388,0.739054,0.6766,0.7692,0.9234,0.08
u2106,0.014,-11.2276,8.55207,7.84508,-0.523812,-1.08878,-0.0233238,0.7064,0.7766,0.8936,0.08
u2107,0.014,-2.14924,11.8477,3.16021,-0.825943,-0.401946,1.07092,0.7737,0.7934,0.8263,0.08
u2108,0.014,4.63334,15.3593,8.67781,-0.753712,-0.699883,0.142542,0.6684,0.7671,0.9316,0.08
u2109,0.014,-0.876092,-6.14348,1.08435,1.60609,-0.167587,-0.790395,0.8855,0.8214,0.7145,0.08
u2110,0.014,13.2709,-12.4783,-6.38166,-0.766195,1.87607,0.293176,0.6491,0.7623,0.9509,0.08
u2111,0.014,-1.28353,0.452869,6.15316,0.75955,0.532994,-0.0632031,0.8854,0.8214,0.7146,0.08
u2112,0.014,0.0243045,-11.648,4.37931,1.77689,-2.06327,-0.271641,0.7737,0.7934,0.8263,0.08
u2113,0.014,2.83964,5.8854,-4.05876,0.359158,0.101516,-0.173929,0.8601,0.815,0.7399,0.08
u2114,0.014,5.10358,16.0063,8.45947,0.498398,1.09888,-0.0666662,0.658,0.7645,0.942,0.08
u2115,0.014,-12.6509,11.4934,4.31294,0.0533651,0.421707,0.350124,0.6795,0.7699,0.9205,0.08
u2116,0.014,3.47716,-12.8899,-0.65568,0.927001,-0.0829612,0.526458,0.757,0.7892,0.843,0.08
u2117,0.014,-15.3549,4.05,0.174228,-0.452472,-2.10804,-0.806549,0.7113,0.7778,0.8887,0.08
u2118,0.014,19.3703,-0.436868,-2.44822,-2.239,1.9853,1.08611,0.6449,0.7612,0.9551,0.08
u2119,0.014,-3.68336,18.2916,-0.211185,-0.5066,-0.0613711,0.364832,0.6607,0.7652,0.9393,0.08
u2120,0.014,-10.2932,-7.37558,4.33482,-0.269477,-1.49582,-1.2386,0.7566,0.7892,0.8434,0.08
u2121,0.014,-1.14505,10.3579,-12.9438,-1.19451,-1.91411,1.76566,0.6979,0.7745,0.9021,0.08
u2122,0.014,16.0285,-11.6625,-6.83788,-0.260369,0.880727,1.03574,0.6188,0.7547,0.9812,0.08
u2123,0.014,3.25359,1.84946,-9.7685,-0.401547,-1.26678,1.07128,0.8098,0.8025,0.7902,0.08
u2124,0.014,-3.496,0.873111,-12.9553,1.48848,0.689608,0.261472,0.7555,0.7889,0.8445,0.08
u2125,0.014,-12.7507,-8.82707,4.34501,-0.06427,0.550053,-0.129161,0.7072,0.7768,0.8928,0.08
u2126,0.014,-12.3007,12.953,-5.15169,-1.13509,-0.422372,-0.891873,0.662,0.7655,0.938,0.08
u2127,0.014,2.66604,10.6522,2.03364,1.77678,1.64504,-0.324736,0.797,0.7992,0.803,0.08
u2128,0.014,1.73802,16.0227,-6.58576,-1.03058,-0.0506037,-0.89627,0.6834,0.7709,0.9166,0.08
u2129,0.014,-17.7202,-4.20103,7.66325,0.771432,-0.561448,0.579825,0.6408,0.7602,0.9592,0.08
u2130,0.014,-9.27492,-18.4557,4.62645,1.10753,0.053864,0.0368384,0.6151,0.7538,0.9849,0.08
u2131,0.014,-4.55621,11.8434,-0.0787447,-0.584998,-0.682845,-1.07564,0.7693,0.7923,0.8307,0.08
u2132,0.014,7.83665,-6.14809,-14.1073,-1.25463,0.331617,-0.72359,0.686,0.7715,0.914,0.08
u2133,0.014,8.58174,-13.678,-7.90585,-0.746948,0.261477,-0.114942,0.6731,0.7683,0.9269,0.08
u2134,0.014,12.8877,7.78347,1.02593,0.336195,0.605014,0.881418,0.7256,0.7814,0.8744,0.08
u2135,0.014,5.91475,-0.700983,9.59533,-0.510509,-0.888283,-0.971504,0.7947,0.7987,0.8053,0.08
u2136,0.014,-3.98138,6.26819,-6.40642,-1.10495,0.805029,-0.97256,0.8217,0.8054,0.7783,0.08
u2137,0.014,0.64704,-6.25615,7.52914,0.592734,1.289,1.02757,0.8216,0.8054,0.7784,0.08
u2138,0.014,9.90597,-9.4854,-5.76316,-0.229914,2.08252,-0.255115,0.7295,0.7824,0.8705,0.08
u2139,0.014,-7.77959,-6.1097,-13.9155,-0.465205,-0.633543,1.94237,0.6896,0.7724,0.9104,0.08
u2140,0.014,7.17915,9.52635,6.34859,-0.602248,-0.696439,-0.282064,0.7543,0.7886,0.8457,0.08
u2141,0.014,14.9752,4.93472,5.32421,-0.153977,1.11087,0.322214,0.6974,0.7744,0.9026,0.08
u2142,0.014,-10.7471,-0.164887,-2.26645,1.33733,0.554398,-0.782715,0.8003,0.8001,0.7997,0.08
u2143,0.014,-4.12619,-6.91738,8.4854,2.41254,0.565739,-0.35795,0.7873,0.7968,0.8127,0.08
u2144,0.014,-3.83105,9.43155,-6.64716,0.616573,0.483562,-0.0329602,0.7789,0.7947,0.8211,0.08
u2145,0.014,8.62381,-16.6073,-1.49303,0.818518,0.790283,-0.671512,0.6587,0.7647,0.9413,0.08
u2146,0.014,0.217411,-17.6246,-8.55212,0.564282,1.72933,0.447198,0.6438,0.7609,0.9562,0.08
u2147,0.014,10.9985,-10.3911,3.39077,1.4168,2.77473,0.806931,0.7181,0.7795,0.8819,0.08
u2148,0.014,-5.84258,5.04947,13.3174,-0.345826,-0.956863,-0.310274,0.7201,0.78,0.8799,0.08
u2149,0.014,1.90962,-4.52087,-5.56516,0.184713,-0.394269,0.175281,0.8651,0.8163,0.7349,0.08
u2150,0.014,20.129,-6.60763,-1.30121,1.01707,0.311618,0.885649,0.6141,0.7535,0.9859,0.08
u2151,0.014,-5.58246,-7.20933,1.70972,-1.07734,-1.39333,-0.730568,0.8313,0.8078,0.7687,0.08
u2152,0.014,12.7624,-14.6315,-2.5022,0.769515,1.38592,0.620806,0.6441,0.761,0.9559,0.08
u2153,0.014,-16.3585,-8.55864,-7.77187,1.1706,-2.72219,-0.291335,0.6358,0.7589,0.9642,0.08
u2154,0.014,7.47989,2.92708,-14.5292,0.768694,1.87846,-0.885816,0.6982,0.7745,0.9018,0.08
u2155,0.014,-1.80594,-14.4172,-6.12616,-0.0592542,0.850802,0.745313,0.7133,0.7783,0.8867,0.08
u2156,0.014,9.63574,-15.5932,-6.19184,0.309216,1.32762,0.0543431,0.6482,0.7621,0.9518,0.08
u2157,0.014,-1.54121,-0.962322,5.87032,-2.41504,-1.03244,-1.92864,0.8883,0.8221,0.7117,0.08
u2158,0.014,-5.6624,7.20679,3.86649,-0.493209,-2.04272,0.17751,0.8191,0.8048,0.7809,0.08
u2159,0.014,7.06612,-3.19344,7.93613,0.126012,-0.410385,-0.325948,0.7983,0.7996,0.8017,0.08
u2160,0.014,19.1414,-1.18657,2.7623,1.97202,0.574792,-0.25865,0.6477,0.7619,0.9523,0.08
u2161,0.014,7.56167,-2.81445,9.2326,-0.585151,0.897013,0.26981,0.7771,0.7943,0.8229,0.08
u2162,0.014,-21.3216,-2.29531,-2.16276,-0.17026,0.0254814,-1.23374,0.6081,0.752,0.9919,0.08
u2163,0.014,9.08806,-13.64,2.13632,1.09016,-1.53822,-0.0760773,0.6995,0.7749,0.9005,0.08
u2164,0.014,-2.51272,18.0724,3.82655,-1.07993,0.578147,-0.791397,0.661,0.7653,0.939,0.08
u2165,0.014,3.07643,-12.1704,4.91523,-0.587803,0.641231,-0.30711,0.7549,0.7887,0.8451,0.08
u2166,0.014,2.28394,13.5606,-8.83413,0.649902,1.25897,0.841263,0.7028,0.7757,0.8972,0.08
u2167,0.014,-1.24655,7.84118,13.5701,-0.677976,-0.886467,0.49802,0.7141,0.7785,0.8859,0.08
u2168,0.014,12.8395,-16.821,-0.195098,1.22517,0.41184,-1.59762,0.6152,0.7538,0.9848,0.08
u2169,0.014,-0.232356,-7.83349,-4.3247,-0.512359,0.732047,-0.394864,0.8373,0.8093,0.7627,0.08
u2170,0.014,-14.0022,-8.73731,-9.56229,1.36557,-1.69567,-0.480099,0.6532,0.7633,0.9468,0.08
u2171,0.014,10.5938,15.4297,-1.78266,0.610782,0.900879,-0.856082,0.6582,0.7645,0.9418,0.08
u2172,0.014,7.48248,-6.29306,6.39251,0.107531,0.163174,1.58756,0.7876,0.7969,0.8124,0.08
u2173,0.014,1.25917,5.81382,-7.28992,-0.552402,1.32195,0.501761,0.8289,0.8072,0.7711,0.08
u2174,0.014,14.3132,12.0501,3.37859,-0.278365,1.36307,0.135162,0.6543,0.7636,0.9457,0.08
u2175,0.014,-9.38994,1.70425,-3.39107,1.04242,0.437542,-0.00997886,0.8159,0.804,0.7841,0.08
u2176,0.014,-16.7407,1.05712,-3.06512,-1.4023,-1.08668,-0.247634,0.69,0.7725,0.91,0.08
u2177,0.014,-8.98271,-2.40237,-6.98861,-1.04761,-2.40177,1.10361,0.7885,0.7971,0.8115,0.08
u2178,0.014,10.5976,-5.5045,-12.3609,1.29777,-0.22958,0.0566836,0.6875,0.7719,0.9125,0.08
u2179,0.014,0.878692,-8.0235,-0.148244,1.59296,0.304287,-0.333997,0.8532,0.8133,0.7468,0.08
u2180,0.014,-12.6006,-7.25461,4.2197,0.920775,-1.2002,-0.590302,0.7247,0.7812,0.8753,0.08
u2181,0.014,6.01806,-20.6845,-1.31069,0.112442,0.372589,-0.288833,0.6076,0.7519,0.9924,0.08
u2182,0.014,-1.28673,20.3077,2.89577,-0.63622,0.267416,-0.548833,0.6263,0.7566,0.9737,0.08
u2183,0.014,-1.35756,5.9248,-4.77782,-0.863987,-0.880574,1.7025,0.8594,0.8149,0.7406,0.08
u2184,0.014,-4.24361,18.1515,8.55688,-0.940781,-0.799748,-0.350871,0.6271,0.7568,0.9729,0.08
u2185,0.014,17.7987,-4.14403,-1.39889,1.13704,0.572972,0.341149,0.6668,0.7667,0.9332,0.08
u2186,0.014,9.86393,0.59611,-2.66068,-0.684226,-0.127548,0.057801,0.8139,0.8035,0.7861,0.08
u2187,0.014,-4.91622,5.64812,5.70988,0.213848,-0.168427,-0.748237,0.8288,0.8072,0.7712,0.08
u2188,0.014,1.80436,-10.8496,5.59158,1.14582,0.691038,-0.570928,0.7757,0.7939,0.8243,0.08
u2189,0.014,3.068,-0.366306,8.14237,-0.296717,-0.435934,1.93265,0.8417,0.8104,0.7583,0.08
u2190,0.014,-3.87541,-11.2221,-10.3455,0.796563,-0.55994,0.908057,0.7137,0.7784,0.8863,0.08
u2191,0.014,-16.5172,-5.44246,2.97794,0.067295,-0.380357,0.984077,0.6792,0.7698,0.9208,0.08
u2192,0.014,-20.7916,1.01247,-4.8297,0.526045,-0.751998,0.190734,0.6115,0.7529,0.9885,0.08
u2193,0.014,-15.6901,-1.46156,3.89066,-0.557614,0.788568,-0.526905,0.7049,0.7762,0.8951,0.08
u2194,0.014,18.1515,2.92209,7.71779,-0.841641,0.994741,-0.810705,0.6375,0.7594,0.9625,0.08
u2195,0.014,8.40194,-1.26846,12.0931,-0.146709,-0.115309,0.177498,0.7313,0.7828,0.8687,0.08
u2196,0.014,-6.59687,8.22975,2.65765,0.537297,-0.686852,-1.41675,0.8022,0.8006,0.7978,0.08
u2197,0.014,-15.4904,-1.51988,-5.43096,1.70364,-0.983002,1.47213,0.7003,0.7751,0.8997,0.08
u2198,0.014,13.2831,-4.50855,-8.50891,0.491625,1.3064,-0.351701,0.7017,0.7754,0.8983,0.08
u2199,0.014,18.7558,9.36796,-2.70201,-1.24645,-0.122772,0.834818,0.6157,0.7539,0.9843,0.08
u2200,0.014,-7.70517,-8.3163,-1.08626,0.447276,0.822897,-0.254386,0.7929,0.7982,0.8071,0.08
u2201,0.014,11.3465,-8.27772,5.58995,0.305842,1.00938,0.208862,0.7252,0.7813,0.8748,0.08
u2202,0.014,4.87157,-3.20026,8.50882,-0.305858,-0.390039,-0.300537,0.8125,0.8031,0.7875,0.08
u2203,0.014,-1.54358,-20.5427,3.89218,2.1255,-1.70558,0.969359,0.6188,0.7547,0.9812,0.08
u2204,0.014,-2.15144,-13.7789,8.3493,0.185796,0.285939,-1.16416,0.7045,0.7761,0.8955,0.08
u2205,0.014,-4.52218,-9.05933,8.58104,2.7347,1.06861,-1.07595,0.7587,0.7897,0.8413,0.08
u2206,0.014,-7.91006,-4.71158,-8.73446,1.04566,-1.3602,-0.31877,0.7693,0.7923,0.8307,0.08
u2207,0.014,-16.9242,13.826,0.286446,-0.683718,-0.293092,0.505401,0.6026,0.7507,0.9974,0.08
u2208,0.014,9.30263,7.98908,-10.608,-0.0854957,0.412426,-1.64061,0.7052,0.7763,0.8948,0.08
u2209,0.014,-15.7506,-6.68135,1.52727,-0.798369,0.000599262,0.387027,0.6877,0.7719,0.9123,0.08
u2210,0.014,-18.1879,-4.17057,5.92799,0.867453,0.115419,1.24682,0.644,0.761,0.956,0.08
u2211,0.014,15.955,-11.6357,-2.21466,-0.85334,-0.242894,0.00233704,0.6387,0.7597,0.9613,0.08
u2212,0.014,0.494765,-4.73593,4.47182,-0.459944,0.973689,0.340048,0.8812,0.8203,0.7188,0.08
u2213,0.014,0.987728,-5.16809,0.582988,1.01988,-0.119026,-0.0460391,0.9037,0.8259,0.6963,0.08
u2214,0.014,3.90902,-3.64849,-8.62681,0.71628,0.286163,1.89594,0.8155,0.8039,0.7845,0.08
u2215,0.014,5.22684,2.65384,-8.74954,2.24858,0.530734,1.47463,0.8085,0.8021,0.7915,0.08
u2216,0.014,-10.346,8.01746,-9.37464,-1.30961,-0.376155,0.695385,0.7073,0.7768,0.8927,0.08
u2217,0.014,-4.06385,9.84683,0.109014,0.89006,-0.40129,1.06531,0.8063,0.8016,0.7937,0.08
u2218,0.014,-10.5587,-0.0551777,-2.7526,0.816507,-1.34836,-0.185838,0.8016,0.8004,0.7984,0.08
u2219,0.014,0.473436,-15.7824,-6.29062,-0.581487,-0.197422,-0.464217,0.691,0.7727,0.909,0.08
u2220,0.014,0.051941,3.93909,0.203519,-0.195031,-1.12391,-0.276934,0.9283,0.8321,0.6717,0.08
u2221,0.014,-8.7062,14.4788,-10.3726,-0.859377,-0.858187,0.498198,0.6395,0.7599,0.9605,0.08
u2222,0.014,-4.85283,-11.7669,-12.0829,0.233814,-1.49844,0.759105,0.6809,0.7702,0.9191,0.08
u2223,0.014,-17.516,-8.12355,-5.00588,2.01796,-0.741419,0.21211,0.6373,0.7593,0.9627,0.08
u2224,0.014,-17.7613,5.21397,2.58948,-0.17785,-1.44254,0.819926,0.6602,0.765,0.9398,0.08
u2225,0.014,-6.09437,-18.2448,5.44836,0.570238,-0.996794,1.10175,0.6365,0.7591,0.9635,0.08
u2226,0.014,-4.44487,12.0962,-6.7263,-1.24004,-0.636069,0.435894,0.7357,0.7839,0.8643,0.08
u2227,0.014,10.3597,-6.99485,-1.17845,0.704514,1.19745,-0.990963,0.7717,0.7929,0.8283,0.08
u2228,0.014,-4.13141,10.7303,13.4231,-2.80946,0.0876121,0.29334,0.6786,0.7697,0.9214,0.08
u2229,0.014,-7.49688,-5.9424,-14.7108,0.501965,-0.88041,0.309808,0.681,0.7702,0.919,0.08
u2230,0.014,3.53314,7.2342,0.283354,1.09219,0.153721,0.905151,0.8535,0.8134,0.7465,0.08
u2231,0.014,10.4462,-3.49717,12.3422,0.00742997,-0.170584,0.912507,0.6992,0.7748,0.9008,0.08
u2232,0.014,-5.31993,14.2886,2.81495,-1.87311,0.487298,0.525467,0.7181,0.7795,0.8819,0.08
u2233,0.014,21.2714,3.17243,2.4206,0.454779,1.47947,-1.20868,0.6065,0.7516,0.9935,0.08
u2234,0.014,15.292,-11.6822,5.49876,0.561074,0.239033,-0.958464,0.6361,0.759,0.9639,0.08
u2235,0.014,-8.94265,-17.4422,-2.70299,-1.13249,-0.841492,0.179352,0.6402,0.7601,0.9598,0.08
u2236,0.014,-1.41161,11.6138,6.87068,-0.6764,0.447714,0.434404,0.7533,0.7883,0.8467,0.08
u2237,0.014,9.53123,3.97524,-0.674079,0.105373,0.853725,-0.061323,0.8118,0.803,0.7882,0.08
u2238,0.014,10.2336,13.2977,2.51921,-0.129799,0.20727,0.260894,0.6915,0.7729,0.9085,0.08
u2239,0.014,-17.5588,7.11196,3.00041,0.510466,-1.31138,0.457736,0.6513,0.7628,0.9487,0.08
u2240,0.014,-8.18079,10.3861,-5.85336,0.174903,-0.579753,-0.5003,0.7371,0.7843,0.8629,0.08
u2241,0.014,7.57143,-9.0307,-9.06929,0.715021,-0.311071,-2.0195,0.7296,0.7824,0.8704,0.08
u2242,0.014,-13.3938,-6.67758,-1.7741,1.01948,-0.291308,-0.168051,0.726,0.7815,0.874,0.08
u2243,0.014,-11.3032,6.11307,0.194999,2.23578,0.010874,-0.434756,0.7663,0.7916,0.8337,0.08
u2244,0.014,-17.2589,13.2357,1.46885,0.557389,-1.17665,0.505229,0.6036,0.7509,0.9964,0.08
u2245,0.014,1.73377,3.06292,4.78395,0.511488,0.611327,-0.367573,0.892,0.823,0.708,0.08
u2246,0.014,11.9898,8.26099,-10.7671,-1.13239,0.564331,-1.20937,0.6707,0.7677,0.9293,0.08
u2247,0.014,11.2872,7.20765,0.469475,-0.0683644,1.7633,0.701156,0.7564,0.7891,0.8436,0.08
u2248,0.014,-5.75752,-9.09317,3.46655,1.0226,0.142166,0.00649645,0.7944,0.7986,0.8056,0.08
u2249,0.014,-17.6082,-12.4527,0.570737,1.50899,-2.24647,0.592803,0.6077,0.7519,0.9923,0.08
u2250,0.014,-3.77194,8.4626,11.5072,-0.103,-0.00643193,0.335322,0.7314,0.7828,0.8686,0.08
u2251,0.014,-5.16766,-18.558,-0.0608608,0.309907,-0.271203,0.0749634,0.6497,0.7624,0.9503,0.08
u2252,0.014,4.6409,18.2343,-4.1293,-0.918404,0.574442,1.14382,0.6498,0.7624,0.9502,0.08
u2253,0.014,13.8733,4.17177,11.7567,0.707236,0.287316,-0.704715,0.6608,0.7652,0.9392,0.08
u2254,0.014,11.863,-15.8212,3.10468,0.383582,0.763935,0.34011,0.6361,0.759,0.9639,0.08
u2255,0.014,-3.07855,4.96571,-14.3489,-0.139485,-0.144236,-0.393247,0.7183,0.7796,0.8817,0.08
u2256,0.014,-5.41138,-2.47325,14.0452,-0.357313,-0.814226,-0.394686,0.7227,0.7807,0.8773,0.08
u2257,0.014,8.37096,-0.378432,-7.96992,-0.968624,1.75263,-1.11158,0.7897,0.7974,0.8103,0.08
u2258,0.014,4.73144,-15.6719,-4.50047,0.817243,0.666251,0.730275,0.6913,0.7728,0.9087,0.08
u2259,0.014,-17.0634,9.0641,1.36957,-0.585723,-1.08324,-1.91179,0.6478,0.762,0.9522,0.08
u2260,0.014,-19.85,4.53225,-1.12011,0.300664,-1.80657,-0.175397,0.6292,0.7573,0.9708,0.08
u2261,0.014,14.0151,5.81925,2.70177,0.578869,1.09484,0.232649,0.7197,0.7799,0.8803,0.08
u2262,0.014,-4.73805,-4.01784,7.63099,0.355818,0.485722,-0.43355,0.8211,0.8053,0.7789,0.08
u2263,0.014,-15.463,5.2652,-2.39249,0.618564,-2.55692,-0.130018,0.6998,0.775,0.9002,0.08
u2264,0.014,15.8235,-13.0824,-4.65523,0.286046,-0.362546,-0.294321,0.6172,0.7543,0.9828,0.08
u2265,0.014,4.68484,16.8098,-1.11747,-1.1355,0.255449,0.789078,0.6821,0.7705,0.9179,0.08
u2266,0.014,-15.4867,-7.2994,4.85607,0.97177,-0.843114,-0.195048,0.6764,0.7691,0.9236,0.08
u2267,0.014,-4.16917,0.113959,-13.3005,-0.52025,-0.616223,0.0990744,0.7466,0.7866,0.8534,0.08
u2268,0.014,13.536,-5.67977,-9.49801,-0.438891,-0.152289,-1.13863,0.6821,0.7705,0.9179,0.08
u2269,0.014,-3.30039,2.99729,3.80607,1.83175,-1.38848,-0.019541,0.8934,0.8234,0.7066,0.08
u2270,0.014,4.70432,1.67723,-8.72943,0.279273,-0.834159,-0.154557,0.8171,0.8043,0.7829,0.08
u2271,0.014,0.902413,-7.68808,4.21978,-0.892818,0.839676,0.758029,0.8397,0.8099,0.7603,0.08
u2272,0.014,8.83556,11.8242,-6.6263,-0.472215,1.16285,-0.383068,0.7058,0.7765,0.8942,0.08
u2273,0.014,12.2328,-15.0091,5.60124,0.605901,-0.638401,0.120932,0.6335,0.7584,0.9665,0.08
u2274,0.014,-10.9345,-1.67712,-3.94813,0.680095,-1.97195,0.869395,0.7864,0.7966,0.8136,0.08
u2275,0.014,4.73705,-7.89925,5.51435,0.690031,0.443395,0.000578493,0.8048,0.8012,0.7952,0.08
u2276,0.014,8.97569,-6.44002,10.4607,1.31262,-0.157647,-0.197876,0.7234,0.7808,0.8766,0.08
u2277,0.014,12.4541,-17.8786,-1.94023,1.86474,1.92471,-0.896544,0.6023,0.7506,0.9977,0.08
u2278,0.014,-2.38626,5.14363,-14.6911,-0.725395,0.531935,0.668152,0.7137,0.7784,0.8863,0.08
u2279,0.014,-13.7373,5.19347,-8.169,0.413301,0.233319,-0.24081,0.6944,0.7736,0.9056,0.08
u2280,0.014,-0.876077,11.8795,-6.16083,-0.00149501,-0.341135,0.534846,0.7562,0.789,0.8438,0.08
u2281,0.014,17.5454,5.92015,1.45321,0.312077,0.428642,1.26058,0.6623,0.7656,0.9377,0.08
u2282,0.014,-12.8842,-9.19793,-9.9056,0.903089,-0.516403,0.204395,0.6605,0.7651,0.9395,0.08
u2283,0.014,-3.42148,-19.8424,5.34024,1.15212,0.127173,-1.18703,0.6212,0.7553,0.9788,0.08
u2284,0.014,-5.88983,10.7479,-8.47816,1.35053,-0.359505,0.704533,0.729,0.7823,0.871,0.08
u2285,0.014,-13.0288,9.60491,4.99648,0.155732,0.528565,-0.517056,0.692,0.773,0.908,0.08
u2286,0.014,1.37797,-17.951,-3.86411,1.80922,0.165058,0.188821,0.6652,0.7663,0.9348,0.08
u2287,0.014,-12.3314,1.23572,-4.0851,0.399069,0.59443,-0.0665536,0.7627,0.7907,0.8373,0.08
u2288,0.014,-2.21182,16.8411,-8.58756,-1.31776,0.44454,-0.970782,0.6539,0.7635,0.9461,0.08
u2289,0.014,4.65186,7.99047,-4.99357,-1.92841,1.00991,-0.489199,0.8089,0.8022,0.7911,0.08
u2290,0.014,-13.8681,-4.80955,3.03051,-0.512992,-1.04817,-0.0527402,0.7275,0.7819,0.8725,0.08
u2291,0.014,-15.1004,0.0967606,-7.83989,0.138202,-0.984415,-0.200172,0.6906,0.7727,0.9094,0.08
u2292,0.014,-18.906,5.88172,4.06033,-0.311907,-0.857692,1.14818,0.6325,0.7581,0.9675,0.08
u2293,0.014,6.81544,5.37238,-4.44784,0.0516143,-0.650072,0.131301,0.8227,0.8057,0.7773,0.08
u2294,0.014,-5.44246,-11.3727,-5.28029,-0.467733,-0.829194,1.46258,0.7515,0.7879,0.8485,0.08
u2295,0.014,15.8005,8.45914,2.52392,-1.01236,-0.0773912,0.727129,0.6709,0.7677,0.9291,0.08
u2296,0.014,8.98997,-11.6393,1.89221,-0.676286,0.0680553,-0.0134096,0.7304,0.7826,0.8696,0.08
u2297,0.014,7.91103,7.85634,-6.50968,-0.600491,-0.1706,1.51235,0.7653,0.7913,0.8347,0.08
u2298,0.014,-0.383358,-15.787,-1.76275,1.1816,0.117431,-0.177356,0.7111,0.7778,0.8889,0.08
u2299,0.014,7.85499,-14.5173,7.34496,-0.515004,-0.303796,0.220277,0.6715,0.7679,0.9285,0.08
u2300,0.014,4.94101,-16.1063,9.1533,0.817946,-0.914283,0.946315,0.6514,0.7628,0.9486,0.08
u2301,0.014,11.1049,4.28763,-10.8133,-0.608305,-0.283411,1.32058,0.7076,0.7769,0.8924,0.08
u2302,0.014,8.88567,13.0572,-11.2741,-0.0180376,0.957122,-0.947005,0.6472,0.7618,0.9528,0.08
u2303,0.014,-6.70471,-14.2083,4.04458,1.12955,-0.91038,0.620086,0.705,0.7763,0.895,0.08
u2304,0.014,-6.57987,-14.9768,2.64177,1.69871,1.37259,-0.517748,0.6987,0.7747,0.9013,0.08
u2305,0.014,3.67247,10.2944,-6.4698,0.466769,-0.214247,1.32752,0.7691,0.7923,0.8309,0.08
u2306,0.014,-0.0678614,18.4165,8.61313,-1.44418,0.238099,-1.01214,0.6303,0.7576,0.9697,0.08
u2307,0.014,9.23869,14.2086,-4.98794,-0.417263,-0.124187,0.343139,0.6788,0.7697,0.9212,0.08
u2308,0.014,0.354274,1.90949,13.5216,0.793325,-0.00894574,-1.54135,0.7516,0.7879,0.8484,0.08
u2309,0.014,-7.77664,-0.146875,7.35614,-0.885212,-0.865345,0.961682,0.8054,0.8013,0.7946,0.08
u2310,0.014,-1.5858,10.1066,2.67532,0.953228,-0.852229,0.736241,0.8077,0.8019,0.7923,0.08
u2311,0.014,6.21115,-8.22733,-11.9675,0.752063,1.06735,-0.0106246,0.7128,0.7782,0.8872,0.08
u2312,0.014,-3.31095,-5.37223,3.64174,0.0872474,-0.343317,-0.0332499,0.8675,0.8169,0.7325,0.08
u2313,0.014,12.1728,8.30024,-3.06134,-0.684754,2.67765,0.0866928,0.7264,0.7816,0.8736,0.08
u2314,0.014,-4.85142,0.317595,9.31285,0.451889,-1.11868,0.683361,0.809,0.8022,0.791,0.08
u2315,0.014,-3.62869,11.5731,-5.60209,-0.459391,0.554541,-0.9091,0.7571,0.7893,0.8429,0.08
u2316,0.014,13.7922,2.68741,-10.7396,0.405311,-0.50295,-0.149491,0.6784,0.7696,0.9216,0.08
u2317,0.014,-10.4036,15.5319,4.29149,0.733234,-0.686855,0.346038,0.6513,0.7628,0.9487,0.08
u2318,0.014,11.1669,2.65344,-8.56682,0.58136,0.507556,2.01915,0.7396,0.7849,0.8604,0.08
u2319,0.014,-12.0098,0.0098085,5.30499,-1.51521,-1.67649,-0.501194,0.7613,0.7903,0.8387,0.08
u2320,0.014,4.52957,5.02184,8.32665,-0.961652,0.546911,1.76621,0.805,0.8012,0.795,0.08
u2321,0.014,6.38566,4.4021,-5.28833,-0.875735,1.21185,0.981657,0.8293,0.8073,0.7707,0.08
u2322,0.014,6.70014,-7.8455,-12.2183,1.68294,0.402087,0.330778,0.7092,0.7773,0.8908,0.08
u2323,0.014,7.36416,11.1788,-1.40209,-0.431841,0.423086,-0.423395,0.7553,0.7888,0.8447,0.08
u2324,0.014,-9.36625,4.71843,-8.61905,-0.411163,-0.396019,-1.27697,0.7532,0.7883,0.8468,0.08
u2325,0.014,11.0843,5.94489,-13.1343,-0.658544,-0.437395,-1.47337,0.6694,0.7673,0.9306,0.08
u2326,0.014,-6.06548,-0.40692,9.1259,0.499411,1.45487,0.782221,0.8006,0.8002,0.7994,0.08
u2327,0.014,-9.04604,-18.0486,0.45122,0.892292,-2.29089,-0.534227,0.6328,0.7582,0.9672,0.08
u2328,0.014,-1.53058,-2.5106,-5.79376,0.915078,0.0957264,1.90843,0.8819,0.8205,0.7181,0.08
u2329,0.014,-5.73451,-2.29934,-1.12611,1.89798,1.28708,0.0221543,0.8858,0.8215,0.7142,0.08
u2330,0.014,-4.31539,17.9603,-2.51574,-1.01857,0.343439,-0.25357,0.6611,0.7653,0.9389,0.08
u2331,0.014,-12.9809,15.3046,-6.16546,-0.50227,-0.540082,-0.775752,0.6183,0.7546,0.9817,0.08
u2332,0.014,14.5099,1.6762,-11.216,-0.375338,0.817045,-0.973929,0.6652,0.7663,0.9348,0.08
u2333,0.014,6.87655,14.1075,-3.67411,-0.103212,-0.462453,-1.55111,0.7069,0.7767,0.8931,0.08
u2334,0.014,4.31337,-2.86168,-15.8121,-0.36795,0.145153,-0.146829,0.6975,0.7744,0.9025,0.08
u2335,0.014,16.1917,-5.92065,2.84978,0.380643,1.026,-1.08526,0.6823,0.7706,0.9177,0.08
u2336,0.014,-7.28958,12.3691,-9.71867,-0.682665,0.270313,0.261398,0.6848,0.7712,0.9152,0.08
u2337,0.014,5.92986,-3.38266,-9.75092,0.895945,-0.747102,1.29725,0.7836,0.7959,0.8164,0.08
u2338,0.014,8.57957,-10.1829,6.35941,0.572759,1.47994,-1.28595,0.7317,0.7829,0.8683,0.08
u2339,0.014,-11.7194,-1.17688,-5.7486,0.276407,-0.845445,-0.428289,0.7617,0.7904,0.8383,0.08
u2340,0.014,-1.52629,11.3717,-13.2566,-1.544,-0.0165509,-0.495057,0.6812,0.7703,0.9188,0.08
u2341,0.014,10.8099,-0.646222,10.3289,-0.334444,-0.414825,-1.26831,0.7279,0.782,0.8721,0.08
u2342,0.014,0.838606,6.98759,7.13817,-0.0986672,-0.267189,-1.43826,0.8177,0.8044,0.7823,0.08
u2343,0.014,3.78968,-1.06432,10.0031,0.138073,0.869763,0.147987,0.8046,0.8011,0.7954,0.08
u2344,0.014,5.80788,0.493259,-11.0859,-0.084423,0.67211,0.413019,0.7723,0.7931,0.8277,0.08
u2345,0.014,-0.245329,7.74245,-9.58278,-0.283125,2.38113,0.533749,0.776,0.794,0.824,0.08
u2346,0.014,-1.18831,-14.4951,6.83791,0.120785,-0.810913,0.317669,0.7078,0.777,0.8922,0.08
u2347,0.014,0.904456,-11.7637,0.0275047,2.45906,0.0629614,-0.257445,0.7855,0.7964,0.8145,0.08
u2348,0.014,5.63951,-7.27441,-11.3534,1.59911,-0.0563969,-0.786867,0.7343,0.7836,0.8657,0.08
u2349,0.014,-5.04349,-2.12593,4.41781,-0.595253,-0.475705,0.123686,0.8721,0.818,0.7279,0.08
u2350,0.014,-2.96086,9.63751,4.49248,-0.781823,-0.653949,0.626975,0.7993,0.7998,0.8007,0.08
u2351,0.014,-7.3614,5.85139,-13.1864,0.58857,-0.3389,0.63931,0.7055,0.7764,0.8945,0.08
u2352,0.014,4.65264,1.83781,6.22676,1.44021,0.0850169,-0.512205,0.8548,0.8137,0.7452,0.08
u2353,0.014,3.69379,10.3526,-2.00713,0.452255,-0.366164,0.74836,0.7968,0.7992,0.8032,0.08
u2354,0.014,-0.462185,12.6229,-6.38105,-0.371204,0.258219,0.444213,0.7427,0.7857,0.8573,0.08
u2355,0.014,3.03633,3.81922,14.5636,-0.930898,0.442887,-0.681171,0.7207,0.7802,0.8793,0.08
u2356,0.014,16.4118,-8.75351,-6.42967,0.178051,0.104928,-0.114219,0.6422,0.7605,0.9578,0.08
u2357,0.014,-9.13404,-7.99914,-6.03656,0.704104,-0.759499,-0.954062,0.7535,0.7884,0.8465,0.08
u2358,0.014,0.475521,7.31902,-3.50118,-1.58331,1.17241,0.856313,0.8522,0.8131,0.7478,0.08
u2359,0.014,-1.07099,2.55663,-11.3766,-0.888978,0.0319983,1.11732,0.7871,0.7968,0.8129,0.08
u2360,0.014,-12.1524,-2.77789,3.60902,0.863035,-0.868772,-1.13415,0.764,0.791,0.836,0.08
u2361,0.014,-0.542249,-0.71664,16.4805,-0.15681,-0.0560468,-2.79861,0.6999,0.775,0.9001,0.08
u2362,0.014,-8.03717,11.5523,9.76038,-0.93519,-2.0057,-0.294123,0.6886,0.7722,0.9114,0.08
u2363,0.014,-11.8984,16.0579,-1.47474,-1.428,-0.0662204,0.717583,0.6356,0.7589,0.9644,0.08
u2364,0.014,18.216,4.36476,-5.09727,-0.107871,0.702662,-0.745834,0.647,0.7618,0.953,0.08
u2365,0.014,4.58177,7.21783,1.83258,-1.83145,-0.680263,0.06023,0.841,0.8103,0.759,0.08
u2366,0.014,20.5772,-1.75825,-4.73953,1.67626,0.301623,0.487207,0.6147,0.7537,0.9853,0.08
u2367,0.014,4.55917,13.2043,8.94072,-2.82438,-0.0256983,0.27943,0.6984,0.7746,0.9016,0.08
u2368,0.014,2.81255,8.31917,0.524483,-0.520906,-0.211801,0.274061,0.84,0.81,0.76,0.08
u2369,0.014,-11.6535,-16.0643,4.70336,1.09437,-1.06034,0.284323,0.6292,0.7573,0.9708,0.08
u2370,0.014,6.95301,3.88219,5.14493,0.552901,0.273268,0.204539,0.8276,0.8069,0.7724,0.08
u2371,0.014,-9.51314,7.79639,7.00547,-0.911805,-0.385267,-0.896904,0.7426,0.7857,0.8574,0.08
u2372,0.014,5.5196,-10.1029,10.8455,1.38528,-0.615876,0.147609,0.7124,0.7781,0.8876,0.08
u2373,0.014,-9.81066,-13.3771,4.17934,1.36474,-0.281566,-1.60341,0.689,0.7722,0.911,0.08
u2374,0.014,10.5805,11.5672,-9.07593,-1.01655,0.959451,-0.16102,0.6707,0.7677,0.9293,0.08
u2375,0.014,6.93702,6.83468,5.4431,0.223251,0.405564,-0.507116,0.7972,0.7993,0.8028,0.08
u2376,0.014,-10.8023,0.119968,11.1873,-0.16299,-2.43497,0.329546,0.7172,0.7793,0.8828,0.08
u2377,0.014,15.4624,3.03167,0.102993,0.14851,1.0065,-0.479687,0.7135,0.7784,0.8865,0.08
u2378,0.014,-5.10835,3.64791,10.3834,-1.13226,0.94304,-0.340165,0.7794,0.7948,0.8206,0.08
u2379,0.014,19.0954,2.88089,-0.230872,-0.236979,0.634316,-0.182361,0.6489,0.7622,0.9511,0.08
u2380,0.014,-1.4621,-4.84649,-12.6346,0.641243,-0.517481,-0.58104,0.7525,0.7881,0.8475,0.08
u2381,0.014,1.64752,-1.25504,-6.19558,0.55185,-1.56954,-0.986747,0.8812,0.8203,0.7188,0.08
u2382,0.014,-1.10939,6.28762,1.60679,0.246109,-0.768352,-0.951405,0.8803,0.8201,0.7197,0.08
u2383,0.014,10.7838,2.05852,9.96366,-1.24009,0.338061,0.244266,0.7304,0.7826,0.8696,0.08
u2384,0.014,-1.11852,-16.0997,10.7375,1.7638,0.562539,-0.208016,0.6476,0.7619,0.9524,0.08
u2385,0.014,7.62946,2.50773,14.2785,-0.157396,0.174556,-0.440176,0.7021,0.7755,0.8979,0.08
u2386,0.014,15.3498,13.2668,-5.39001,-0.154954,-0.393795,-0.144369,0.6183,0.7546,0.9817,0.08
u2387,0.014,-3.98887,8.71017,-3.63526,0.346134,-1.40115,0.052526,0.8137,0.8034,0.7863,0.08
u2388,0.014,3.87377,-9.79024,-4.76317,0.525055,-1.77289,0.0267548,0.7899,0.7975,0.8101,0.08
u2389,0.014,11.2998,8.4517,-4.61928,-1.13057,0.711214,-0.634245,0.73,0.7825,0.87,0.08
u2390,0.014,1.42565,-5.48059,-8.92942,1.66878,0.871129,1.84404,0.8078,0.8019,0.7922,0.08
u2391,0.014,11.0322,0.509378,-0.467985,-0.50179,0.865976,-0.105783,0.799,0.7998,0.801,0.08
u2392,0.014,-3.15926,-16.5941,-3.9575,-0.106689,1.2885,-0.732757,0.6846,0.7711,0.9154,0.08
u2393,0.014,10.1658,8.00144,-7.26135,-0.736281,0.557765,0.0748899,0.7303,0.7826,0.8697,0.08
u2394,0.014,-6.71918,7.77004,-7.88325,0.101259,-1.13127,0.291447,0.7646,0.7911,0.8354,0.08
u2395,0.014,13.4023,-11.3977,0.90097,0.543319,0.673332,-1.75775,0.6797,0.7699,0.9203,0.08
u2396,0.014,-3.20502,-7.88979,4.41038,-0.93668,0.28686,-1.01955,0.8256,0.8064,0.7744,0.08
u2397,0.014,11.4937,-0.742919,-12.1115,0.377051,0.400256,-1.87033,0.6961,0.774,0.9039,0.08
u2398,0.014,5.81007,6.51097,-14.5917,-0.2532,-0.403008,-0.377346,0.6909,0.7727,0.9091,0.08
u2399,0.014,-0.992906,-4.2422,-8.05804,0.553291,1.67005,-0.222382,0.8334,0.8084,0.7666,0.08
u2400,0.014,1.23199,-19.2838,6.36181,1.88767,-0.413607,-0.559851,0.6301,0.7575,0.9699,0.08
u2401,0.014,1.31735,1.90668,-3.16623,-0.782753,-1.08928,0.465945,0.9287,0.8322,0.6713,0.08
u2402,0.014,18.6909,4.19584,-4.18663,1.39665,2.25715,-0.472349,0.6435,0.7609,0.9565,0.08
u2403,0.014,-0.777208,6.41107,4.70284,-0.68522,-0.397777,-0.32304,0.8547,0.8137,0.7453,0.08
u2404,0.014,4.94717,-5.03134,-6.00045,0.599234,-0.755146,-0.909985,0.8316,0.8079,0.7684,0.08
u2405,0.014,9.60643,-5.4441,-9.19844,0.362038,0.288283,-0.224247,0.7387,0.7847,0.8613,0.08
u2406,0.014,-8.28239,-4.07659,9.58289,1.83794,0.890918,0.588006,0.7581,0.7895,0.8419,0.08
u2407,0.014,-12.7016,-0.305052,1.00934,0.913529,0.419312,0.0962023,0.7683,0.7921,0.8317,0.08
u2408,0.014,9.68078,-15.2375,7.59018,0.933432,-0.504531,-0.199188,0.6439,0.761,0.9561,0.08
u2409,0.014,-0.680309,5.24079,-13.1557,-0.399333,-0.178308,1.56981,0.7422,0.7856,0.8578,0.08
u2410,0.014,4.00662,2.28312,-0.788978,-0.421258,-0.689425,0.386786,0.9149,0.8287,0.6851,0.08
u2411,0.014,-3.68941,3.12919,-11.7748,-0.232482,-0.475548,0.41942,0.7685,0.7921,0.8315,0.08
u2412,0.014,6.67994,-2.52907,-6.86214,1.40282,0.357626,0.940321,0.8199,0.805,0.7801,0.08
u2413,0.014,-16.1803,5.70766,6.23902,0.044335,-1.93709,0.819698,0.6681,0.767,0.9319,0.08
u2414,0.014,1.17249,-7.09578,-8.45875,0.275237,0.087673,0.157295,0.7981,0.7995,0.8019,0.08
u2415,0.014,9.89567,-14.5519,-3.43973,0.815859,1.31532,-1.49103,0.674,0.7685,0.926,0.08
u2416,0.014,-5.1907,-1.61912,3.82786,1.3856,-1.20144,2.26733,0.8791,0.8198,0.7209,0.08
u2417,0.014,13.3443,12.1862,-2.45699,-0.0517131,1.23597,-0.913205,0.6684,0.7671,0.9316,0.08
u2418,0.014,10.7221,-6.03673,2.22485,0.290948,1.00133,1.09199,0.7727,0.7932,0.8273,0.08
u2419,0.014,-7.50831,5.76938,-12.4891,-0.506424,-0.763797,0.13266,0.715,0.7788,0.885,0.08
u2420,0.014,12.6145,4.18292,-6.0672,0.25836,0.760131,-0.216903,0.7344,0.7836,0.8656,0.08
u2421,0.014,-7.90483,0.140198,-0.0746675,1.33951,0.488739,0.896029,0.8562,0.8141,0.7438,0.08
u2422,0.014,-3.72588,-3.28629,7.65726,0.44394,-0.808833,-0.500359,0.834,0.8085,0.766,0.08
u2423,0.014,0.452339,-0.475369,-16.141,-0.0325027,1.00215,-0.603885,0.7063,0.7766,0.8937,0.08
u2424,0.014,-2.97446,-20.6233,2.59413,0.436021,0.388517,-1.50457,0.6182,0.7546,0.9818,0.08
u2425,0.014,-14.3161,-5.35295,4.38132,0.774362,0.498429,-0.425114,0.7109,0.7777,0.8891,0.08
u2426,0.014,-7.5836,-10.6906,10.905,0.128961,0.49637,-0.0654058,0.69,0.7725,0.91,0.08
u2427,0.014,-4.09045,-1.41793,7.15989,0.779832,0.725621,0.858123,0.8479,0.812,0.7521,0.08
u2428,0.014,17.6089,-2.19106,-5.12911,0.0857364,1.84012,-0.0130663,0.6642,0.766,0.9358,0.08
u2429,0.014,15.0622,0.92948,11.514,-0.622308,0.835099,-0.464141,0.6549,0.7637,0.9451,0.08
u2430,0.014,12.4516,-14.365,-1.04149,-0.781855,2.11622,-0.0600345,0.6538,0.7635,0.9462,0.08
u2431,0.014,11.8131,11.8995,-6.94181,0.738738,-0.0302705,0.309238,0.67,0.7675,0.93,0.08
u2432,0.014,5.6325,6.49616,-10.2595,-0.505507,-1.02684,0.214292,0.7566,0.7892,0.8434,0.08
u2433,0.014,-8.78893,-5.07115,-5.73018,0.578371,0.825946,-1.73452,0.7881,0.797,0.8119,0.08
u2434,0.014,-7.35237,-11.2334,-4.97941,-0.735003,0.373385,1.43046,0.7397,0.7849,0.8603,0.08
u2435,0.014,13.9026,11.8961,5.63788,-0.741369,0.128483,1.69334,0.6519,0.763,0.9481,0.08
u2436,0.014,-12.2724,8.79295,1.5569,0.00575043,-0.238119,-0.78255,0.724,0.781,0.876,0.08
u2437,0.014,-18.5246,10.9426,0.934811,-1.45857,-1.9929,-1.20206,0.6084,0.7521,0.9916,0.08
u2438,0.014,-12.678,-6.4391,3.61529,0.505524,-0.379397,-0.583242,0.7332,0.7833,0.8668,0.08
u2439,0.014,-2.2665,6.05388,-15.7516,0.409202,1.0526,-1.00547,0.6904,0.7726,0.9096,0.08
u2440,0.014,4.64213,12.5649,-11.9755,-0.0935343,-0.338386,1.90909,0.6733,0.7683,0.9267,0.08
u2441,0.014,3.44291,-10.3487,-9.20832,1.00467,1.07814,0.204208,0.7405,0.7851,0.8595,0.08
u2442,0.014,-12.0874,11.0007,5.85205,-1.12026,0.298831,0.726395,0.6844,0.7711,0.9156,0.08
u2443,0.014,5.65439,2.35879,11.029,0.827445,-0.514844,-0.133703,0.7706,0.7927,0.8294,0.08
u2444,0.014,-13.3025,-14.7417,-3.51201,-0.519477,-0.22789,-0.129811,0.6334,0.7583,0.9666,0.08
u2445,0.014,-7.05296,15.82,0.0969833,-1.17669,0.635382,-1.3182,0.6851,0.7713,0.9149,0.08
u2446,0.014,0.275393,10.8231,-2.87001,-0.975065,1.28377,-0.489169,0.7964,0.7991,0.8036,0.08
u2447,0.014,-6.34638,-9.48701,-0.83905,-0.758029,-0.291637,1.4714,0.7919,0.798,0.8081,0.08
u2448,0.014,0.365185,3.9352,9.9372,0.170274,0.62323,0.375819,0.8056,0.8014,0.7944,0.08
u2449,0.014,2.81254,19.4747,1.4256,-1.84649,0.717714,1.37345,0.6413,0.7603,0.9587,0.08
u2450,0.014,6.65407,-9.69908,-12.4701,1.20262,0.38497,-0.705386,0.6883,0.7721,0.9117,0.08
u2451,0.014,1.17682,13.2092,-4.23176,-1.13894,-1.38911,-0.63684,0.7469,0.7867,0.8531,0.08
u2452,0.014,2.04129,-5.08917,-12.2743,0.220912,-1.01248,0.339207,0.7556,0.7889,0.8444,0.08
u2453,0.014,5.66875,-16.3746,-5.0685,0.375481,-0.0335591,0.44147,0.6717,0.7679,0.9283,0.08
u2454,0.014,-7.27431,6.98574,12.0897,-1.23196,0.561721,-1.48439,0.7137,0.7784,0.8863,0.08
u2455,0.014,7.4005,-12.3994,-10.7015,1.07682,-0.0723618,0.557587,0.6732,0.7683,0.9268,0.08
u2456,0.014,1.35674,14.9719,10.1212,1.69688,2.47852,-0.0310448,0.6705,0.7676,0.9295,0.08
u2457,0.014,-2.42404,-16.6354,-8.65867,0.444305,0.163415,1.02265,0.6562,0.764,0.9438,0.08
u2458,0.014,-3.13543,-8.40288,-9.23082,-0.614554,-0.131958,1.74608,0.766,0.7915,0.834,0.08
u2459,0.014,-6.60814,14.1193,1.27106,0.0919812,0.0153417,-2.65042,0.7156,0.7789,0.8844,0.08
u2460,0.014,-12.6313,-3.32067,-7.2395,-0.0878757,-1.14747,0.2447,0.7285,0.7821,0.8715,0.08
u2461,0.014,-15.2149,6.34118,3.84074,-0.0835217,0.00959198,-0.353791,0.6923,0.7731,0.9077,0.08
u2462,0.014,1.47545,9.78332,-0.803716,-0.836086,1.26476,-0.734323,0.8195,0.8049,0.7805,0.08
u2463,0.014,-8.16239,-4.53125,-1.98861,0.363793,0.414144,0.969012,0.8265,0.8066,0.7735,0.08
u2464,0.014,-20.4103,-5.11158,3.8266,1.80274,0.122763,0.935525,0.6112,0.7528,0.9888,0.08
u2465,0.014,-8.19592,15.6316,-3.43914,0.17019,-1.21656,1.45163,0.6731,0.7683,0.9269,0.08
u2466,0.014,-9.18238,-3.50365,10.6131,0.212875,-0.0943321,0.294334,0.737,0.7843,0.863,0.08
u2467,0.014,-5.21309,6.03753,1.38365,-0.510904,-0.345202,0.185056,0.8528,0.8132,0.7472,0.08
u2468,0.014,-11.0078,-11.8406,-4.31225,1.14164,-0.0543434,0.528362,0.6958,0.7739,0.9042,0.08
u2469,0.014,10.3258,-11.4201,3.96395,1.57545,0.855979,-0.0944285,0.7109,0.7777,0.8891,0.08
u2470,0.014,7.48701,0.491424,5.9933,0.658259,0.179457,0.139597,0.8254,0.8064,0.7746,0.08
u2471,0.014,-1.57495,-9.14095,-5.38146,0.322547,-0.883196,-1.58526,0.805,0.8013,0.795,0.08
u2472,0.014,-2.16793,-0.499325,13.8693,1.28891,1.09094,1.24346,0.7446,0.7862,0.8554,0.08
u2473,0.014,0.0627567,-17.728,-8.43198,-0.00431219,0.0878227,-1.73159,0.6431,0.7608,0.9569,0.08
u2474,0.014,9.05478,-13.3385,-5.5269,0.598505,-0.457206,-0.813115,0.6901,0.7725,0.9099,0.08
u2475,0.014,9.63903,-5.20116,-2.41702,0.239514,1.50123,-0.424387,0.7961,0.799,0.8039,0.08
u2476,0.014,-3.48211,5.1164,-4.20908,0.597902,-1.22804,0.928188,0.8639,0.816,0.7361,0.08
u2477,0.014,3.02741,0.896993,0.48831,1.01923,0.427708,1.06715,0.9419,0.8355,0.6581,0.08
u2478,0.014,17.6737,-0.516141,-3.71324,0.38766,2.61383,0.418427,0.6715,0.7679,0.9285,0.08
u2479,0.014,7.78811,5.7818,-11.7118,0.103355,0.726581,0.181782,0.7235,0.7809,0.8765,0.08
u2480,0.014,4.0662,13.4986,1.94805,0.578049,-1.41217,-1.65923,0.7412,0.7853,0.8588,0.08
u2481,0.014,0.502321,20.4695,-2.27565,-1.41928,-1.45974,0.593229,0.6254,0.7564,0.9746,0.08
u2482,0.014,0.806568,-12.1068,0.34207,2.67145,-1.31246,-0.733319,0.7793,0.7948,0.8207,0.08
u2483,0.014,11.7811,-1.72083,-6.94176,0.595939,0.623457,0.615493,0.7494,0.7874,0.8506,0.08
u2484,0.014,7.76016,-3.22406,-10.4819,0.408888,-0.322588,0.0180264,0.7557,0.7889,0.8443,0.08
u2485,0.014,16.6385,-7.89852,8.36401,1.37605,-0.41596,0.66094,0.6322,0.7581,0.9678,0.08
u2486,0.014,1.53127,-13.4511,-10.8189,1.8306,0.830716,0.644764,0.6849,0.7712,0.9151,0.08
u2487,0.014,-11.692,-7.3151,-10.3016,0.145593,-0.630543,0.128517,0.687,0.7718,0.913,0.08
u2488,0.014,-1.17084,21.636,-2.77801,-1.77066,-0.799743,-0.323185,0.6028,0.7507,0.9972,0.08
u2489,0.014,10.7757,-3.17265,-6.09499,0.79054,0.291254,-1.00135,0.7676,0.7919,0.8324,0.08
u2490,0.014,-0.509211,5.05078,1.90492,0.361242,1.23094,1.42382,0.9014,0.8254,0.6986,0.08
u2491,0.014,-12.8481,11.6225,-3.98492,-1.71438,0.56333,0.431822,0.6768,0.7692,0.9232,0.08
u2492,0.014,-3.70531,8.50561,3.94875,0.676242,-0.806467,0.186234,0.8167,0.8042,0.7833,0.08
u2493,0.014,-10.2745,-0.90995,-0.265374,0.995439,-0.482322,0.351467,0.8124,0.8031,0.7876,0.08
u2494,0.014,-7.06359,-11.5124,9.95434,1.56006,-1.97849,0.105574,0.6949,0.7737,0.9051,0.08
u2495,0.014,-2.39644,14.9105,-4.39941,-1.3903,0.0604229,-2.02421,0.714,0.7785,0.886,0.08
u2496,0.014,7.92442,-2.01756,-6.22402,1.47549,1.34037,1.00284,0.8132,0.8033,0.7868,0.08
u2497,0.014,-10.9152,3.75803,13.2663,-0.96182,-0.569003,-1.41034,0.6803,0.7701,0.9197,0.08
u2498,0.014,11.2331,-13.9402,7.7882,2.02398,1.70607,0.431504,0.645,0.7613,0.955,0.08
u2499,0.014,-9.61674,-2.83418,-4.63193,1.42217,0.0433627,-0.820907,0.7992,0.7998,0.8008,0.08
u2500,0.014,-10.2617,0.386087,0.270972,-0.271995,-1.69659,-1.02821,0.8132,0.8033,0.7868,0.08
u2501,0.014,8.99976,-0.369576,7.67118,0.235352,-0.331317,1.01893,0.7849,0.7962,0.8151,0.08
u2502,0.014,-0.300357,0.736799,-3.3756,-0.907637,-0.126603,2.32943,0.9369,0.8342,0.6631,0.08
u2503,0.014,-2.50887,-4.09182,11.3489,-0.215567,0.461811,-0.00574599,0.776,0.794,0.824,0.08
u2504,0.014,-7.15841,14.9228,-7.18632,-1.39548,0.267505,0.0203966,0.6719,0.768,0.9281,0.08
u2505,0.014,11.1378,-3.62642,6.24847,2.7002,1.61127,-0.0402355,0.7586,0.7897,0.8414,0.08
u2506,0.014,-14.7582,9.61399,-0.730836,-0.725298,-0.0711675,-0.866649,0.6795,0.7699,0.9205,0.08
u2507,0.014,-2.4543,-18.9262,6.42688,0.858736,-0.906845,-0.354039,0.6339,0.7585,0.9661,0.08
u2508,0.014,-5.423,-17.0045,4.51039,1.34741,-0.867291,-0.575808,0.6653,0.7663,0.9347,0.08
u2509,0.014,15.4328,-6.84428,-9.98652,-0.267955,0.289399,-0.858902,0.6434,0.7608,0.9566,0.08
u2510,0.014,-13.5886,16.6935,1.92959,-0.306311,-1.64051,-1.43142,0.6071,0.7518,0.9929,0.08
u2511,0.014,-7.40207,18.5954,-6.21019,-1.81878,-0.181152,-0.0352025,0.619,0.7547,0.981,0.08
u2512,0.014,-2.64758,13.2826,2.38737,-2.23358,0.0358152,0.171673,0.75,0.7875,0.85,0.08
u2513,0.014,-0.865697,16.8244,3.48292,-0.58818,1.3259,-0.676156,0.6872,0.7718,0.9128,0.08
u2514,0.014,9.99603,-9.0496,-11.8434,1.54485,0.13878,1.24668,0.6737,0.7684,0.9263,0.08
u2515,0.014,-0.219484,-0.187898,-7.67031,0.898173,0.0250299,-0.340018,0.8604,0.8151,0.7396,0.08
u2516,0.014,-7.01129,-18.1766,-0.655257,0.851311,-0.219648,1.15361,0.6456,0.7614,0.9544,0.08
u2517,0.014,8.24682,7.14725,7.47672,-0.883805,0.299024,0.817264,0.7595,0.7899,0.8405,0.08
u2518,0.014,-4.74457,-0.817368,-7.38039,-2.44763,0.0026081,-0.516448,0.8398,0.8099,0.7602,0.08
u2519,0.014,17.6765,-2.92643,0.245577,1.31594,1.65486,1.2191,0.6742,0.7686,0.9258,0.08
u2520,0.014,15.2966,-2.56519,-4.22283,0.136876,-0.138295,-0.997977,0.7077,0.7769,0.8923,0.08
u2521,0.014,4.62224,-18.1989,-3.97042,-1.05333,0.236804,-0.0379587,0.6511,0.7628,0.9489,0.08
u2522,0.014,-8.5323,-13.9463,0.190474,1.88956,-2.10033,2.19785,0.7027,0.7757,0.8973,0.08
u2523,0.014,-12.3458,1.98434,0.0234853,-0.101314,-0.611296,-0.868583,0.7726,0.7932,0.8274,0.08
u2524,0.014,-7.0186,2.81753,7.84697,1.05786,0.377061,-1.00794,0.8018,0.8005,0.7982,0.08
u2525,0.014,10.2337,14.6134,3.33473,-1.01632,-0.75512,-0.0904691,0.67,0.7675,0.93,0.08
u2526,0.014,4.49766,-13.4899,-10.6123,0.972458,1.29522,0.526997,0.6774,0.7693,0.9226,0.08
u2527,0.014,8.1422,-1.30075,-4.21882,0.982536,1.89259,-0.108491,0.8316,0.8079,0.7684,0.08
u2528,0.014,1.37709,12.5897,-7.03075,-1.92374,0.198677,-0.557541,0.7366,0.7842,0.8634,0.08
u2529,0.014,-15.9226,-3.45123,-6.40501,0.660225,-0.714426,1.48449,0.6817,0.7704,0.9183,0.08
u2530,0.014,17.8624,-5.7258,7.89072,-0.0777622,0.444906,-0.245709,0.63,0.7575,0.97,0.08
u2531,0.014,7.01785,-3.34628,-10.6486,1.2261,0.58867,-0.59447,0.7603,0.7901,0.8397,0.08
u2532,0.014,-15.3023,7.93577,0.0763862,-0.72506,-0.752304,0.60886,0.6866,0.7716,0.9134,0.08
u2533,0.014,1.12719,15.2001,0.929858,-0.590884,0.0911034,-0.6637,0.7224,0.7806,0.8776,0.08
u2534,0.014,5.6743,6.83068,-8.60347,-1.01184,-0.205561,-0.617776,0.7752,0.7938,0.8248,0.08
u2535,0.014,16.4284,12.3829,4.60851,-0.554338,0.889861,-1.146,0.6167,0.7542,0.9833,0.08
u2536,0.014,-13.0651,0.2408,7.40675,-1.52937,-0.933814,-0.539465,0.7269,0.7817,0.8731,0.08
u2537,0.014,9.66773,-4.46347,2.66815,0.0402336,-0.254667,-0.14041,0.8004,0.8001,0.7996,0.08
u2538,0.014,-16.5985,-2.31388,1.89049,-0.28872,-2.98991,2.3347,0.6934,0.7733,0.9066,0.08
u2539,0.014,-6.66193,10.6822,-8.26734,1.20166,1.12824,0.349924,0.7262,0.7815,0.8738,0.08
u2540,0.014,5.93911,14.6876,4.34969,-0.663855,1.34461,-1.34997,0.7013,0.7753,0.8987,0.08
u2541,0.014,-6.164,-16.9837,3.41988,0.957121,1.64387,0.311568,0.6657,0.7664,0.9343,0.08
u2542,0.014,-10.7513,18.2492,-3.17212,-1.89805,-2.21679,0.468269,0.6106,0.7527,0.9894,0.08
u2543,0.014,9.66293,-4.03367,4.32887,-0.0152262,0.640447,0.328358,0.794,0.7985,0.806,0.08
u2544,0.014,-19.5106,-4.217,-1.42204,1.71567,-1.18708,-0.834939,0.6362,0.759,0.9638,0.08
u2545,0.014,-2.50173,9.32818,6.64049,-0.686203,-1.14961,0.114935,0.7869,0.7967,0.8131,0.08
u2546,0.014,-19.0251,4.78736,-4.65687,-0.826471,-1.28257,-1.84252,0.6334,0.7583,0.9666,0.08
u2547,0.014,3.263,3.01523,-9.33213,0.708554,-0.655722,0.976619,0.8121,0.803,0.7879,0.08
u2548,0.014,-9.65228,7.41986,-11.2915,-0.415439,0.326148,0.573411,0.6981,0.7745,0.9019,0.08
u2549,0.014,-0.0836987,-4.86059,-12.9137,0.458596,-1.41479,-0.329695,0.7491,0.7873,0.8509,0.08
u2550,0.014,-17.1147,1.60693,-3.00772,-0.532908,-0.527,-0.151705,0.6827,0.7707,0.9173,0.08
u2551,0.014,-11.5184,-5.9695,-0.905749,0.224222,-0.670779,0.842025,0.7635,0.7909,0.8365,0.08
u2552,0.014,-13.0287,2.23223,-0.798612,0.387665,-0.00321212,-0.22876,0.7592,0.7898,0.8408,0.08
u2553,0.014,9.10417,15.1136,0.268028,-1.47836,0.28566,-0.757415,0.6792,0.7698,0.9208,0.08
u2554,0.014,5.36429,3.90729,0.36168,-1.36151,0.790104,-0.15243,0.8792,0.8198,0.7208,0.08
u2555,0.014,8.67998,-10.2192,9.81438,0.0581045,1.71902,-0.0886053,0.6979,0.7745,0.9021,0.08
u2556,0.014,-20.737,0.141704,-1.08352,0.213183,0.241417,-0.663103,0.6224,0.7556,0.9776,0.08
u2557,0.014,-4.76294,9.49588,-0.418374,-0.43894,-0.438775,-1.07006,0.8067,0.8017,0.7933,0.08
u2558,0.014,5.98433,-1.91292,-11.5665,0.654769,0.992994,0.55708,0.7607,0.7902,0.8393,0.08
u2559,0.014,7.6984,11.2729,-5.81617,-1.17301,0.50007,2.03373,0.7302,0.7826,0.8698,0.08
u2560,0.014,-1.04483,-3.54313,12.3128,1.11943,-0.114618,0.697526,0.7663,0.7916,0.8337,0.08
u2561,0.014,2.7721,15.681,6.33203,-1.36539,0.461163,-0.240047,0.6884,0.7721,0.9116,0.08
u2562,0.014,-6.23282,16.3169,-4.0478,-0.938691,-0.386772,0.908801,0.674,0.7685,0.926,0.08
u2563,0.014,5.18224,-18.4414,-5.01663,0.528402,-1.60569,-0.354172,0.64,0.76,0.96,0.08
u2564,0.014,-10.7299,-6.33943,-2.10772,0.543205,-0.0731469,1.13063,0.7702,0.7925,0.8298,0.08
u2565,0.014,1.58766,5.0615,-7.27188,0.51676,1.08526,0.584232,0.8363,0.8091,0.7637,0.08
u2566,0.014,12.039,3.28209,5.14649,0.543259,0.16857,-0.461332,0.7546,0.7886,0.8454,0.08
u2567,0.014,-19.721,2.27181,-6.04456,-0.45106,-1.97507,-0.556544,0.6227,0.7557,0.9773,0.08
u2568,0.014,7.64763,-2.84439,-4.31202,1.60746,1.02851,0.24967,0.8322,0.8081,0.7678,0.08
u2569,0.014,9.01702,0.109575,-12.7686,-0.517554,-0.0532654,0.156398,0.7158,0.7789,0.8842,0.08
u2570,0.014,-8.18532,1.98992,12.8425,0.27257,-1.45749,0.0844978,0.7208,0.7802,0.8792,0.08
u2571,0.014,-4.55295,0.233804,15.2385,-1.75478,-0.094508,1.44361,0.7108,0.7777,0.8892,0.08
u2572,0.014,-13.7679,-9.37649,-4.59959,1.1842,-0.355114,-0.712461,0.6858,0.7715,0.9142,0.08
u2573,0.014,8.87454,2.0373,8.06168,1.39865,-0.398697,-0.153901,0.7789,0.7947,0.8211,0.08
u2574,0.014,-3.17376,21.5625,-1.35116,-1.49768,-0.535547,-1.60594,0.603,0.7507,0.997,0.08
u2575,0.014,-1.87622,1.2975,-15.2812,-0.0627083,-0.483589,0.284327,0.7191,0.7798,0.8809,0.08
u2576,0.014,6.54392,-8.41575,4.16284,0.979062,-0.230908,0.28771,0.7919,0.798,0.8081,0.08
u2577,0.014,-12.2685,-7.28063,-2.73735,0.0236891,-1.77479,-1.19123,0.7359,0.784,0.8641,0.08
u2578,0.014,8.63427,-3.15924,-0.504894,0.609696,0.0821508,0.364158,0.8326,0.8081,0.7674,0.08
u2579,0.014,-8.43116,-10.2717,-1.26492,-0.493034,0.707857,-1.12379,0.7573,0.7893,0.8427,0.08
u2580,0.014,-3.40616,12.3959,-0.0960313,0.560706,-0.945118,-0.227451,0.7663,0.7916,0.8337,0.08
u2581,0.014,13.7899,3.55904,-12.1846,0.407243,-0.131458,-1.13067,0.6592,0.7648,0.9408,0.08
u2582,0.014,-16.119,-0.661696,-10.1592,-0.67654,-1.61179,0.414599,0.6534,0.7633,0.9466,0.08
u2583,0.014,1.63862,-17.6995,-7.81526,-1.07063,0.709947,-0.0860555,0.647,0.7617,0.953,0.08
u2584,0.014,-8.4177,-12.4578,-10.0291,1.38162,-1.11037,-0.0430166,0.6714,0.7678,0.9286,0.08
u2585,0.014,17.9233,-4.72181,8.5936,0.722152,2.1171,0.259218,0.6285,0.7571,0.9715,0.08
u2586,0.014,9.48329,17.9264,2.50035,-1.93076,1.87965,0.0240226,0.6285,0.7571,0.9715,0.08
u2587,0.014,-12.2817,1.91393,6.21313,-1.14243,-0.381022,-0.705314,0.7473,0.7868,0.8527,0.08
u2588,0.014,1.78007,2.63197,-14.8723,-1.28707,0.230784,1.26559,0.7235,0.7809,0.8765,0.08
u2589,0.014,5.24582,9.85551,-12.9813,-1.30253,0.065944,1.00301,0.6887,0.7722,0.9113,0.08
u2590,0.014,0.863167,13.5067,-5.03075,-0.639861,-1.13534,0.0947004,0.7375,0.7844,0.8625,0.08
u2591,0.014,-9.02165,-3.18182,-13.4423,-0.234602,-1.38341,-0.637578,0.7,0.775,0.9,0.08
u2592,0.014,16.1778,-4.10639,-4.50642,1.22527,-0.688811,-0.798916,0.6857,0.7714,0.9143,0.08
u2593,0.014,-6.07043,15.6936,-6.14782,-0.156334,-1.0283,1.25308,0.6743,0.7686,0.9257,0.08
u2594,0.014,5.88682,-4.44203,-0.078362,0.514034,-0.525228,-0.742124,0.8659,0.8165,0.7341,0.08
u2595,0.014,-6.50341,4.37917,-10.9334,0.664516,-0.244954,0.670915,0.7554,0.7888,0.8446,0.08
u2596,0.014,2.68603,14.7289,-10.5268,-2.39823,1.65397,-0.715236,0.6672,0.7668,0.9328,0.08
u2597,0.014,6.43394,1.16567,-3.56137,-0.106826,-0.328081,1.60628,0.8646,0.8162,0.7354,0.08
u2598,0.014,2.14135,-11.7173,-9.30853,-0.403635,1.81163,-0.750579,0.7251,0.7813,0.8749,0.08
u2599,0.014,-13.2149,7.81248,-9.99984,-1.57291,-2.07009,0.642903,0.6669,0.7667,0.9331,0.08
u2600,0.014,0.297249,-1.10786,-6.69556,-1.45221,0.441124,0.217813,0.8765,0.8191,0.7235,0.08
u2601,0.014,10.9184,-12.0268,3.97959,-0.257008,0.702833,-0.377424,0.6959,0.774,0.9041,0.08
u2602,0.014,-6.76525,2.03656,5.48725,-2.10694,-0.636145,0.479068,0.8374,0.8093,0.7626,0.08
u2603,0.014,-16.7147,5.92195,8.2921,-1.43338,-1.27955,-1.18692,0.6441,0.761,0.9559,0.08
u2604,0.014,-8.60584,1.21983,-6.35432,-0.311978,1.20399,0.319194,0.8042,0.8011,0.7958,0.08
u2605,0.014,3.28707,-3.52569,8.11325,1.0739,-0.26686,0.623422,0.8284,0.8071,0.7716,0.08
u2606,0.014,-0.655385,3.15644,11.5036,-0.904752,0.621355,0.030605,0.7828,0.7957,0.8172,0.08
u2607,0.014,4.28209,-10.5292,-6.16347,1.23042,-1.52757,-1.03449,0.7649,0.7912,0.8351,0.08
u2608,0.014,0.610365,-2.99242,-6.22788,0.152265,0.340733,-1.28167,0.8739,0.8185,0.7261,0.08
u2609,0.014,-17.7924,-2.84328,5.71509,0.790413,-2.37665,1.37662,0.6563,0.7641,0.9437,0.08
u2610,0.014,-10.2463,5.68876,0.225336,-0.204436,-0.519938,0.617049,0.7869,0.7967,0.8131,0.08
u2611,0.014,6.26356,6.90744,-6.62994,0.162437,-0.0804982,0.595484,0.792,0.798,0.808,0.08
u2612,0.014,-6.22894,-9.68995,11.786,0.0703099,-0.924748,0.161614,0.7004,0.7751,0.8996,0.08
u2613,0.014,9.96486,15.1758,0.576178,-1.8117,-0.0894193,-0.135312,0.6697,0.7674,0.9303,0.08
u2614,0.014,0.900272,16.9359,-3.87357,-1.86254,-0.213221,0.823615,0.6837,0.7709,0.9163,0.08
u2615,0.014,12.6563,9.83236,-3.78946,-1.53412,0.652742,0.0667176,0.7006,0.7751,0.8994,0.08
u2616,0.014,-10.4845,9.3811,-12.3956,-0.68412,-0.706937,0.864144,0.6591,0.7648,0.9409,0.08
u2617,0.014,6.07856,-5.38493,7.0784,0.779024,2.27986,2.33788,0.8041,0.801,0.7959,0.08
u2618,0.014,-13.9329,-12.9039,-0.123889,1.23566,-1.71465,-0.290692,0.6547,0.7637,0.9453,0.08
u2619,0.014,-14.7706,11.3353,5.17774,-0.00518988,-1.50249,0.828645,0.6486,0.7622,0.9514,0.08
u2620,0.014,-17.7518,7.79005,-5.05824,-1.07012,-1.50187,0.17821,0.6357,0.7589,0.9643,0.08
u2621,0.014,2.71327,9.08989,-11.3409,-0.239085,0.135898,0.12415,0.7312,0.7828,0.8688,0.08
u2622,0.014,-8.17275,-10.6319,6.57418,1.77391,0.651105,-0.37499,0.7285,0.7821,0.8715,0.08
u2623,0.014,4.75247,15.6034,6.63972,0.619622,-0.550353,0.348978,0.6798,0.77,0.9202,0.08
u2624,0.014,-15.1188,-6.12894,-6.97836,0.722714,-1.56055,0.419041,0.6774,0.7693,0.9226,0.08
u2625,0.014,11.1089,3.30771,-10.456,-0.057033,0.81338,0.59932,0.7162,0.779,0.8838,0.08
u2626,0.014,-6.16,-1.65004,13.6359,0.54354,0.79132,-0.457493,0.7263,0.7816,0.8737,0.08
u2627,0.014,-5.83956,17.8065,2.15266,0.0663639,-0.132373,0.250652,0.657,0.7643,0.943,0.08
u2628,0.014,-0.766159,16.1565,-5.87132,-1.7888,-0.701773,-0.810423,0.6871,0.7718,0.9129,0.08
u2629,0.014,13.6525,7.62048,3.89159,-0.176533,0.260226,0.771711,0.707,0.7768,0.893,0.08
u2630,0.014,1.5871,-3.16106,-3.04124,-0.361452,0.832705,0.33604,0.9152,0.8288,0.6848,0.08
u2631,0.014,-12.122,11.4472,6.59434,0.724147,-1.4032,-0.0776374,0.674,0.7685,0.926,0.08
u2632,0.014,-12.7505,12.1893,9.41043,-0.323029,-0.0228166,-0.0468574,0.6365,0.7591,0.9635,0.08
u2633,0.014,12.8814,-9.30501,9.0919,-0.096412,-0.0499882,1.27056,0.6671,0.7668,0.9329,0.08
u2634,0.014,-9.3043,0.285143,7.00148,0.0892167,0.389428,-0.551895,0.7882,0.7971,0.8118,0.08
u2635,0.014,8.49789,-6.07125,-4.23561,0.242348,0.387501,0.219315,0.7951,0.7988,0.8049,0.08
u2636,0.014,-6.51324,-0.431766,5.94914,-0.162835,0.456255,0.162551,0.8394,0.8099,0.7606,0.08
u2637,0.014,6.1741,13.6043,7.75058,-0.759851,1.12042,1.12781,0.694,0.7735,0.906,0.08
u2638,0.014,-1.31052,20.3494,-0.797793,-1.80586,1.51558,0.255187,0.629,0.7572,0.971,0.08
u2639,0.014,4.23772,-12.1238,-10.196,0.653239,-1.50316,-0.625852,0.7018,0.7755,0.8982,0.08
u2640,0.014,-3.9915,-11.8502,-12.1091,0.557918,-1.58416,0.492272,0.6835,0.7709,0.9165,0.08
u2641,0.014,-13.0719,-1.10857,-5.4095,0.484597,0.0401404,0.166111,0.742,0.7855,0.858,0.08
u2642,0.014,14.7285,-4.71833,1.43751,-0.736718,1.14386,0.520484,0.7176,0.7794,0.8824,0.08
u2643,0.014,9.07559,-4.69725,-5.35612,-1.07705,0.698699,-0.829984,0.7902,0.7976,0.8098,0.08
u2644,0.014,7.94097,-12.8646,7.16976,1.13449,-0.551835,0.0841533,0.6958,0.7739,0.9042,0.08
u2645,0.014,-1.98034,-14.2565,6.70572,0.941627,0.458465,0.408395,0.7113,0.7778,0.8887,0.08
u2646,0.014,2.60422,-1.35093,4.58175,0.499437,0.827214,1.24296,0.9011,0.8253,0.6989,0.08
u2647,0.014,5.10088,-2.922,3.53212,-1.02414,1.44098,0.631203,0.8753,0.8188,0.7247,0.08
u2648,0.014,4.69494,-12.4377,0.812128,1.48212,0.921897,-1.05595,0.7578,0.7895,0.8422,0.08
u2649,0.014,18.0926,-1.75458,-3.67038,-1.29002,1.92489,1.89602,0.6628,0.7657,0.9372,0.08
u2650,0.014,-0.244642,18.1636,0.650506,-1.40146,0.340728,0.806939,0.6695,0.7674,0.9305,0.08
u2651,0.014,4.59958,-4.03036,-2.16205,-0.222435,-1.35004,0.713621,0.8821,0.8205,0.7179,0.08
u2652,0.014,1.45378,13.7921,10.9999,-0.748496,0.389062,-1.3841,0.6782,0.7695,0.9218,0.08
u2653,0.014,-19.3876,7.53475,-3.13162,0.828234,-0.0893697,-1.05678,0.6176,0.7544,0.9824,0.08
u2654,0.014,-8.59335,5.09313,11.2983,0.0453924,0.662521,-0.647793,0.7258,0.7814,0.8742,0.08
u2655,0.014,-7.04382,-2.68631,-14.309,0.593443,0.177716,0.157919,0.7059,0.7765,0.8941,0.08
u2656,0.014,-7.45642,-3.76858,1.88841,-1.53341,-2.21636,0.087733,0.8443,0.8111,0.7557,0.08
u2657,0.014,16.1766,-8.82671,-8.05693,-0.58997,1.03702,0.323769,0.6343,0.7586,0.9657,0.08
u2658,0.014,2.96436,11.8422,-10.9868,0.0051363,0.609102,1.32386,0.7014,0.7753,0.8986,0.08
u2659,0.014,-2.93739,-3.33247,4.70898,-1.24101,-0.0525739,-1.39594,0.8823,0.8206,0.7177,0.08
u2660,0.014,-10.0084,6.74434,12.3024,-0.59517,-1.83733,-0.302639,0.6867,0.7717,0.9133,0.08
u2661,0.014,-6.65906,7.27027,6.73317,-0.655166,-0.777958,-0.845898,0.7829,0.7957,0.8171,0.08
u2662,0.014,-9.99864,-14.8919,3.34649,0.29136,-0.176325,-0.276958,0.6682,0.7671,0.9318,0.08
u2663,0.014,-13.9645,13.3648,-6.49414,-0.524979,0.12047,0.961932,0.6293,0.7573,0.9707,0.08
u2664,0.014,8.32993,8.77189,7.91344,-0.121869,1.11371,-1.08197,0.7372,0.7843,0.8628,0.08
u2665,0.014,1.62221,-18.3191,-7.15521,0.162243,-0.228999,-0.329257,0.6412,0.7603,0.9588,0.08
u2666,0.014,14.1911,13.4264,-3.29458,-1.49976,-0.398396,0.580873,0.6398,0.7599,0.9602,0.08
u2667,0.014,16.8838,12.2911,1.2176,0.725519,0.111486,-0.592681,0.6196,0.7549,0.9804,0.08
u2668,0.014,-14.8985,4.75114,11.2881,-0.370104,-0.844694,-0.575763,0.6493,0.7623,0.9507,0.08
u2669,0.014,-8.00115,-18.594,-1.01703,1.20721,-0.77353,-0.492466,0.6315,0.7579,0.9685,0.08
u2670,0.014,17.3937,-11.4733,3.25241,1.41867,0.906352,-0.430951,0.6166,0.7541,0.9834,0.08
u2671,0.014,-1.42069,-0.941699,-5.09567,1.17028,-1.4546,0.347644,0.9023,0.8256,0.6977,0.08
u2672,0.014,8.12467,-7.77345,-8.57583,0.950022,0.505502,0.511818,0.7429,0.7857,0.8571,0.08
u2673,0.014,-5.15684,18.16,-2.78145,-1.49108,-0.862218,0.214453,0.6531,0.7633,0.9469,0.08
u2674,0.014,-3.7592,-12.0207,-6.90757,-0.804804,-0.553999,-0.144949,0.7388,0.7847,0.8612,0.08
u2675,0.014,6.86432,-13.3101,-4.35749,1.1223,0.470827,-0.105035,0.7164,0.7791,0.8836,0.08
u2676,0.014,6.24937,6.73818,-6.23101,-0.917414,0.0613705,-0.502881,0.7981,0.7995,0.8019,0.08
u2677,0.014,-6.92484,15.7901,6.9131,-0.17299,-0.682523,0.147814,0.6623,0.7656,0.9377,0.08
u2678,0.014,-4.35867,-3.57659,13.4294,0.30074,0.102668,0.663165,0.7352,0.7838,0.8648,0.08
u2679,0.014,-15.8749,-7.69412,-9.3609,0.0735868,-1.26061,1.14023,0.6369,0.7592,0.9631,0.08
u2680,0.014,9.90779,14.2502,3.15436,-0.652364,-0.56433,-0.264872,0.6793,0.7698,0.9207,0.08
u2681,0.014,-4.12149,20.835,-1.4495,-2.16426,-3.07241,-0.924841,0.6129,0.7532,0.9871,0.08
u2682,0.014,-12.2669,-14.2435,5.57785,-1.58244,-0.577597,-0.0724047,0.6435,0.7609,0.9565,0.08
u2683,0.014,8.45132,12.6114,4.64182,-0.588949,0.32892,0.215427,0.7114,0.7778,0.8886,0.08
u2684,0.014,3.12942,-10.8815,12.0667,0.367701,-0.223375,1.11086,0.6991,0.7748,0.9009,0.08
u2685,0.014,-10.494,-8.21517,-7.09826,0.0516879,-1.20037,0.562599,0.7255,0.7814,0.8745,0.08
u2686,0.014,6.50643,11.7834,3.66967,-1.72427,0.831316,-0.90337,0.7463,0.7866,0.8537,0.08
u2687,0.014,18.7879,-4.99837,0.45613,1.00649,0.948832,-0.0787242,0.6464,0.7616,0.9536,0.08
u2688,0.014,12.6695,8.40045,-9.69792,0.340203,1.50496,-1.39062,0.6722,0.768,0.9278,0.08
u2689,0.014,-9.54289,-17.863,1.32225,0.361583,0.498389,0.92608,0.631,0.7577,0.969,0.08
u2690,0.014,10.5167,13.0336,1.47586,-1.31366,0.17342,-0.303759,0.6943,0.7736,0.9057,0.08
u2691,0.014,14.0416,0.679141,-10.4305,-0.817269,1.26302,0.821909,0.6817,0.7704,0.9183,0.08
u2692,0.014,2.91761,9.27051,-14.1362,-0.228744,-1.21973,-0.746243,0.6881,0.772,0.9119,0.08
u2693,0.014,5.30853,-13.6404,7.64669,0.377507,1.14747,-0.264637,0.6997,0.7749,0.9003,0.08
u2694,0.014,4.36016,18.0884,0.154466,-0.861487,-0.0120148,-0.492972,0.6617,0.7654,0.9383,0.08
u2695,0.014,-11.6883,1.23919,10.401,-0.290094,-1.30941,0.825524,0.7146,0.7787,0.8854,0.08
u2696,0.014,8.23091,4.07176,-11.4161,0.679321,0.150711,0.153323,0.7336,0.7834,0.8664,0.08
u2697,0.014,-12.9953,-5.64542,1.76382,0.49462,-0.48356,1.07489,0.7404,0.7851,0.8596,0.08
u2698,0.014,5.16064,-6.18754,-13.0164,0.770122,0.689488,0.105644,0.7217,0.7804,0.8783,0.08
u2699,0.014,-0.126534,10.6216,13.8385,-1.70136,0.0553724,1.54975,0.6828,0.7707,0.9172,0.08
u2700,0.014,-1.85979,-15.0773,1.69273,-1.50705,0.37306,1.44486,0.7221,0.7805,0.8779,0.08
u2701,0.014,-7.52248,-8.59804,6.14786,-0.105574,-0.156202,-0.775646,0.7641,0.791,0.8359,0.08
u2702,0.014,-8.38532,7.75482,11.364,-1.39574,-1.57584,-0.321485,0.7071,0.7768,0.8929,0.08
u2703,0.014,0.2525,-2.68211,-14.8382,-0.142903,0.564452,-0.834149,0.7258,0.7815,0.8742,0.08
u2704,0.014,8.83302,5.85084,2.99909,-0.299086,1.00411,-1.93561,0.7998,0.7999,0.8002,0.08
u2705,0.014,-11.4819,16.4262,-1.94642,-2.79904,-0.0825066,-0.988799,0.6339,0.7585,0.9661,0.08
u2706,0.014,6.59385,11.5362,-12.8213,-0.520019,-0.0057203,-0.414551,0.6643,0.7661,0.9357,0.08
u2707,0.014,8.08981,-4.02724,-10.5972,0.608194,0.907871,-0.880718,0.7468,0.7867,0.8532,0.08
u2708,0.014,1.15422,-7.46044,12.0157,1.52586,-0.355708,-0.39936,0.742,0.7855,0.858,0.08
u2709,0.014,17.6094,-7.91405,6.99349,0.602936,0.845319,0.221801,0.6267,0.7567,0.9733,0.08
u2710,0.014,15.5332,-7.27749,-7.66419,0.290215,0.373061,1.34762,0.6584,0.7646,0.9416,0.08
u2711,0.014,-12.7453,-6.6034,9.98166,-0.281909,-0.561886,0.965635,0.6821,0.7705,0.9179,0.08
u2712,0.014,12.6444,-9.76628,-2.187,0.797495,0.0533073,-1.5358,0.7068,0.7767,0.8932,0.08
u2713,0.014,2.2402,1.12867,13.7181,0.146941,0.243055,-0.243911,0.7464,0.7866,0.8536,0.08
u2714,0.014,10.8039,-11.0008,-5.35103,1.05831,-1.61015,-0.992965,0.7033,0.7758,0.8967,0.08
u2715,0.014,1.66543,15.3609,6.37725,-0.85115,-0.223925,0.512147,0.6961,0.774,0.9039,0.08
u2716,0.014,-18.4105,-0.212136,-3.87596,0.882252,-0.67251,-0.878594,0.6579,0.7645,0.9421,0.08
u2717,0.014,-1.6208,17.4291,1.80677,-0.235708,-0.228036,0.924803,0.68,0.77,0.92,0.08
u2718,0.014,1.9924,15.5657,-9.94099,-0.226531,-0.0672532,-1.77929,0.6622,0.7656,0.9378,0.08
u2719,0.014,6.52968,11.5658,7.14713,-0.58166,-2.19639,0.412325,0.7258,0.7814,0.8742,0.08
u2720,0.014,8.9894,8.6788,11.1733,0.0994913,1.50067,0.968001,0.6952,0.7738,0.9048,0.08
u2721,0.014,-8.76072,-11.7012,-7.45702,-0.632009,-0.682601,0.783205,0.7016,0.7754,0.8984,0.08
u2722,0.014,-1.56453,5.57849,-6.70982,0.0199176,-1.10613,0.198158,0.8388,0.8097,0.7612,0.08
u2723,0.014,-17.9768,-2.12994,0.856489,1.18782,-1.00085,-0.591475,0.6705,0.7676,0.9295,0.08
u2724,0.014,5.70347,-12.563,-1.8713,0.0138214,0.826311,-0.814909,0.7468,0.7867,0.8532,0.08
u2725,0.014,18.9113,-4.93905,7.37001,0.374968,0.359534,-0.227834,0.6202,0.7551,0.9798,0.08
u2726,0.014,-3.79444,13.0319,1.26944,0.58894,-0.977825,1.89981,0.7521,0.788,0.8479,0.08
u2727,0.014,0.977107,-16.435,-6.28578,0.533375,-1.50864,-0.229502,0.6796,0.7699,0.9204,0.08
u2728,0.014,-4.69938,-15.8538,9.26446,0.800295,0.397608,-0.414789,0.6554,0.7638,0.9446,0.08
u2729,0.014,15.4282,-8.4001,8.44919,1.22805,1.49639,1.29555,0.6456,0.7614,0.9544,0.08
u2730,0.014,12.343,-3.96332,-10.031,0.672261,0.532523,-0.29273,0.702,0.7755,0.898,0.08
u2731,0.014,-1.00901,8.83657,12.0202,-1.51723,1.00691,0.484342,0.7281,0.782,0.8719,0.08
u2732,0.014,-11.3175,-2.73351,-13.2043,-0.617436,-0.807153,-0.545934,0.6799,0.77,0.9201,0.08
u2733,0.014,-5.88782,-1.90974,10.7897,-0.0971193,0.219517,-1.48189,0.7738,0.7935,0.8262,0.08
u2734,0.014,17.9011,-9.75647,5.95945,0.172323,1.68191,-0.7256,0.6138,0.7535,0.9862,0.08
u2735,0.014,8.47383,5.54418,8.84494,-0.0878207,0.722202,0.743694,0.7555,0.7889,0.8445,0.08
u2736,0.014,-3.39846,5.77045,10.1744,0.277584,-1.80537,0.548314,0.7785,0.7946,0.8215,0.08
u2737,0.014,-7.0808,-6.81141,-2.60602,1.56424,-1.13305,1.0645,0.8152,0.8038,0.7848,0.08
u2738,0.014,-6.72244,14.293,9.83722,-1.37861,-0.400428,0.958779,0.6617,0.7654,0.9383,0.08
u2739,0.014,8.41273,0.727367,15.0573,0.255256,0.451879,-1.53937,0.6861,0.7715,0.9139,0.08
u2740,0.014,4.52832,7.27941,-0.132511,-0.684606,0.547954,0.860817,0.8441,0.811,0.7559,0.08
u2741,0.014,3.64932,2.87047,-9.33198,-1.08963,-0.43154,-0.268695,0.8105,0.8026,0.7895,0.08
u2742,0.014,-3.50376,2.38237,11.0123,0.942792,-0.76779,-0.0787509,0.7855,0.7964,0.8145,0.08
u2743,0.014,-2.19542,-0.508504,5.69492,-0.100282,0.344968,-1.02583,0.8886,0.8222,0.7114,0.08
u2744,0.014,4.87047,4.86573,-11.7803,0.926385,-0.424419,-0.609999,0.7519,0.788,0.8481,0.08
u2745,0.014,4.17468,3.31544,-12.8232,-0.428824,0.349779,-1.41742,0.7475,0.7869,0.8525,0.08
u2746,0.014,-3.52109,-10.2642,8.3878,0.699401,0.229547,-1.73552,0.7506,0.7877,0.8494,0.08
u2747,0.014,-18.5009,8.8208,-3.66787,-1.50746,-2.99842,0.73471,0.6214,0.7554,0.9786,0.08
u2748,0.014,16.9605,-1.96168,6.90914,-0.366106,1.89678,-0.267934,0.6651,0.7663,0.9349,0.08
u2749,0.014,8.31321,5.40246,-4.70199,-1.50847,0.285546,1.02785,0.8005,0.8001,0.7995,0.08
u2750,0.014,5.02097,18.706,1.45837,0.04295,0.880629,0.373525,0.6469,0.7617,0.9531,0.08
u2751,0.014,-7.57295,-14.7903,-1.82637,1.02146,-0.292268,-0.200801,0.6961,0.774,0.9039,0.08
u2752,0.014,-7.13482,-7.12941,-5.87049,0.729767,0.226906,0.15098,0.7878,0.797,0.8122,0.08
u2753,0.014,10.6832,13.136,8.11357,-0.983249,0.365801,-1.0158,0.6586,0.7647,0.9414,0.08
u2754,0.014,7.00759,18.2417,-1.91717,0.339341,0.0407762,0.252681,0.643,0.7607,0.957,0.08
u2755,0.014,-8.27376,1.44973,6.18182,-0.365277,-0.1663,0.738709,0.8104,0.8026,0.7896,0.08
u2756,0.014,-2.63797,11.1135,-9.38314,-1.06842,-0.951844,0.0369919,0.7312,0.7828,0.8688,0.08
u2757,0.014,12.169,-8.365,5.12499,0.688476,0.254363,1.75855,0.7158,0.779,0.8842,0.08
u2758,0.014,4.13012,-8.97972,3.34323,0.106753,0.0663831,-1.28388,0.8103,0.8026,0.7897,0.08
u2759,0.014,-13.7196,12.4001,-0.915634,-0.31445,0.280217,-0.450212,0.6634,0.7658,0.9366,0.08
u2760,0.014,15.1212,0.0422154,9.85561,0.601394,0.481996,-0.294888,0.6718,0.768,0.9282,0.08
u2761,0.014,1.17362,-6.75623,8.51748,0.452869,1.50248,-1.72517,0.8012,0.8003,0.7988,0.08
u2762,0.014,-3.23678,15.0845,8.85847,-0.881356,-0.385632,1.12153,0.6765,0.7691,0.9235,0.08
u2763,0.014,17.423,-0.137554,-2.18445,-0.729069,1.47829,-1.71135,0.6807,0.7702,0.9193,0.08
u2764,0.014,-13.755,-14.7944,-1.61694,0.257715,-0.841873,0.50554,0.6315,0.7579,0.9685,0.08
u2765,0.014,8.82325,-7.90141,-1.33704,0.134115,0.896849,0.401949,0.7833,0.7958,0.8167,0.08
u2766,0.014,-0.963215,-4.73359,7.95115,1.44851,-0.306016,0.495383,0.8308,0.8077,0.7692,0.08
u2767,0.014,18.3292,-3.50047,-0.79683,1.32021,2.67702,-0.89575,0.6604,0.7651,0.9396,0.08
u2768,0.014,-4.92942,1.9928,-9.7513,0.058956,0.127621,0.076863,0.7981,0.7995,0.8019,0.08
u2769,0.014,-15.1268,6.57964,2.03125,-1.32424,-1.83158,-0.0548069,0.6978,0.7745,0.9022,0.08
u2770,0.014,-20.4484,-0.584731,-4.65293,1.34783,-2.49005,-0.706356,0.6186,0.7546,0.9814,0.08
u2771,0.014,-7.09448,10.992,1.62177,-0.2731,-0.919432,0.43215,0.7603,0.7901,0.8397,0.08
u2772,0.014,-15.948,2.98411,-7.74297,-0.57622,-0.926129,-0.711162,0.6731,0.7683,0.9269,0.08
u2773,0.014,-12.8568,-17.2539,1.67534,-0.121775,-1.48943,0.10149,0.6076,0.7519,0.9924,0.08
u2774,0.014,-10.5781,5.59088,-7.46659,-1.17209,-0.894316,-0.70088,0.7436,0.7859,0.8564,0.08
u2775,0.014,-14.1216,-0.59615,2.2613,0.0960314,-0.971947,0.1374,0.7397,0.7849,0.8603,0.08
u2776,0.014,-3.96835,1.73198,9.72095,-0.520577,-0.987694,-0.149851,0.8065,0.8016,0.7935,0.08
u2777,0.014,8.9278,7.24588,11.2646,-1.03578,-1.68559,0.40013,0.7073,0.7768,0.8927,0.08
u2778,0.014,-12.7934,11.9517,-5.59484,-1.44825,-0.825648,-0.169134,0.6658,0.7665,0.9342,0.08
u2779,0.014,-11.7605,-16.1639,-6.82858,1.20557,0.875404,0.717453,0.6159,0.754,0.9841,0.08
u2780,0.014,9.34088,-16.4843,3.81993,0.247533,-0.262428,1.32398,0.6486,0.7621,0.9514,0.08
u2781,0.014,10.2029,7.08098,-2.40211,0.0364533,0.967915,-1.82165,0.77,0.7925,0.83,0.08
u2782,0.014,11.7151,-6.60278,-8.6814,0.144114,0.721113,1.52834,0.709,0.7772,0.891,0.08
u2783,0.014,-7.26996,8.44823,-11.0563,-0.476784,-0.630192,0.217411,0.7146,0.7786,0.8854,0.08
u2784,0.014,-5.54149,-15.2163,5.21712,0.713737,-1.07096,-0.910139,0.6907,0.7727,0.9093,0.08
u2785,0.014,-1.62249,-16.5291,-9.42768,0.931322,0.1498,0.129774,0.6528,0.7632,0.9472,0.08
u2786,0.014,-15.7025,10.8556,3.32507,0.698891,-0.38803,0.629751,0.6477,0.7619,0.9523,0.08
u2787,0.014,-6.16399,8.11532,-8.36222,-0.516626,-0.543521,-0.536188,0.7603,0.7901,0.8397,0.08
u2788,0.014,2.65766,-11.9289,3.51201,1.62736,2.6122,-0.0839192,0.7688,0.7922,0.8312,0.08
u2789,0.014,12.8487,5.92152,-2.77554,-0.602233,-0.510927,-0.646778,0.7379,0.7845,0.8621,0.08
u2790,0.014,-10.4441,0.771347,-4.67519,-0.157032,-0.548476,-0.152133,0.7915,0.7979,0.8085,0.08
u2791,0.014,13.7713,-0.120976,-11.9391,1.12352,1.61837,-0.111806,0.6686,0.7672,0.9314,0.08
u2792,0.014,-8.11185,-9.99342,-5.4482,0.76491,-0.110722,-0.558627,0.7459,0.7865,0.8541,0.08
u2793,0.014,5.50568,-10.5855,-6.63771,-0.200845,0.877814,-0.824579,0.7518,0.7879,0.8482,0.08
u2794,0.014,-6.70153,1.83953,3.7779,0.19621,-0.291953,-1.22956,0.8562,0.814,0.7438,0.08
u2795,0.014,3.24145,-1.43568,-9.95159,0.976503,0.981115,0.291027,0.8079,0.802,0.7921,0.08
u2796,0.014,18.5644,-3.26972,-3.11907,1.14725,0.863994,-1.05433,0.6526,0.7632,0.9474,0.08
u2797,0.014,2.34915,-14.1924,-7.66948,0.517995,0.168657,-0.824749,0.7036,0.7759,0.8964,0.08
u2798,0.014,1.31659,-9.67341,-11.8869,1.48693,-0.405403,0.331747,0.7203,0.7801,0.8797,0.08
u2799,0.014,0.689608,8.1591,-11.7731,0.208011,2.06874,0.4957,0.7393,0.7848,0.8607,0.08
u2800,0.014,6.39888,0.343619,-13.9172,-0.517853,0.780782,-0.721178,0.7214,0.7804,0.8786,0.08
u2801,0.014,9.46353,7.44547,-11.0494,1.0377,0.501456,0.103688,0.7029,0.7757,0.8971,0.08
u2802,0.014,11.7216,15.8229,-1.58325,-1.14663,0.65477,0.241588,0.6408,0.7602,0.9592,0.08
u2803,0.014,-1.06435,-9.37468,12.2881,0.568897,-0.738337,-0.0407439,0.7183,0.7796,0.8817,0.08
u2804,0.014,-14.9264,-1.42107,-8.03266,-0.781121,-0.943988,0.585535,0.6907,0.7727,0.9093,0.08
u2805,0.014,7.21647,-6.42474,-8.00115,0.318781,-0.467141,0.292796,0.7719,0.793,0.8281,0.08
u2806,0.014,2.11118,1.67472,-13.9538,-1.3016,0.74915,0.0855541,0.7416,0.7854,0.8584,0.08
u2807,0.014,4.96177,2.0032,-11.9263,-1.23093,0.756073,1.76385,0.7623,0.7906,0.8377,0.08
u2808,0.014,19.9165,-5.90967,0.0464849,-0.110415,0.668648,-0.945492,0.6223,0.7556,0.9777,0.08
u2809,0.014,-16.3853,12.1244,-5.61502,-1.47782,0.00593409,0.111567,0.6156,0.7539,0.9844,0.08
u2810,0.014,8.95238,10.142,7.24803,-0.304271,-0.0259509,0.347382,0.721,0.7802,0.879,0.08
u2811,0.014,9.36663,-6.88398,7.79223,-0.178486,1.18575,-0.230513,0.7456,0.7864,0.8544,0.08
u2812,0.014,4.50953,-2.72316,-13.0976,0.570646,-0.448409,0.0805073,0.7433,0.7858,0.8567,0.08
u2813,0.014,13.3904,-8.0391,7.43182,-2.29258,0.146424,0.259352,0.6855,0.7714,0.9145,0.08
u2814,0.014,-6.76738,7.88908,0.11302,-1.20929,-0.228493,-0.53705,0.811,0.8028,0.789,0.08
u2815,0.014,5.88917,4.66138,-3.66732,-1.40569,0.857032,1.26209,0.848,0.812,0.752,0.08
u2816,0.014,-14.3883,2.19096,-2.0175,0.741488,0.649559,1.00539,0.7328,0.7832,0.8672,0.08
u2817,0.014,-0.500954,-2.87324,-2.83198,-0.14803,-0.139897,-1.43643,0.9261,0.8315,0.6739,0.08
u2818,0.014,6.05006,3.04073,-0.210043,-1.00058,1.11691,-0.504557,0.8768,0.8192,0.7232,0.08
u2819,0.014,2.7808,-4.19355,4.30949,1.42596,-0.00409676,1.36851,0.8795,0.8199,0.7205,0.08
u2820,0.014,3.80324,3.3379,-4.64112,0.0914317,0.172805,-0.186221,0.8752,0.8188,0.7248,0.08
u2821,0.014,-3.31463,-18.8811,-1.74951,0.88483,-0.0954764,-0.126311,0.65,0.7625,0.95,0.08
u2822,0.014,-17.945,-1.31281,1.20583,-0.0115913,0.00285491,-0.644858,0.6721,0.768,0.9279,0.08
u2823,0.014,-7.73541,10.3936,0.49161,0.323179,-1.07454,-0.715493,0.7643,0.7911,0.8357,0.08
u2824,0.014,-1.66988,-3.09722,-15.2219,-1.66437,0.323461,0.120858,0.7159,0.779,0.8841,0.08
u2825,0.014,8.39544,7.58169,-11.4021,-0.276105,1.97844,-1.01343,0.708,0.777,0.892,0.08
u2826,0.014,7.08561,19.5241,3.57776,-1.07132,1.78419,-0.037892,0.6168,0.7542,0.9832,0.08
u2827,0.014,-8.80966,1.62183,-3.99641,-0.967287,-1.39608,0.715733,0.8217,0.8054,0.7783,0.08
u2828,0.014,7.04603,9.31275,-2.91274,-0.218431,0.0339502,0.498158,0.7812,0.7953,0.8188,0.08
u2829,0.014,0.465499,-0.479422,-13.2785,0.877115,0.0547394,-0.616347,0.7583,0.7896,0.8417,0.08
u2830,0.014,-7.69476,9.83558,5.37981,-1.07824,-0.551976,-1.43906,0.7528,0.7882,0.8472,0.08
u2831,0.014,-0.272291,-5.76057,1.28705,0.47095,-1.3605,0.723344,0.8926,0.8231,0.7074,0.08
u2832,0.014,6.34132,-10.2023,3.57688,0.567425,0.905364,2.00434,0.7721,0.793,0.8279,0.08
u2833,0.014,0.36088,3.4275,-7.08932,-0.764985,1.54768,1.59572,0.8567,0.8142,0.7433,0.08
u2834,0.014,6.25442,-4.88789,13.824,0.577667,2.40233,0.755945,0.7102,0.7775,0.8898,0.08
u2835,0.014,-6.55676,1.13073,4.90044,-0.201849,-1.13912,-0.016985,0.8498,0.8124,0.7502,0.08
u2836,0.014,11.9822,-1.71917,-13.2491,-0.0599215,0.245613,0.533954,0.6737,0.7684,0.9263,0.08
u2837,0.014,-10.7307,1.58372,4.56073,-0.337191,0.675232,0.128086,0.7861,0.7965,0.8139,0.08
u2838,0.014,5.76459,-18.1439,0.216263,0.540454,-1.46836,-0.119692,0.6538,0.7635,0.9462,0.08
u2839,0.014,-19.9222,-6.10049,-3.24623,0.696697,-1.86218,1.21108,0.6166,0.7542,0.9834,0.08
u2840,0.014,14.3538,-0.598826,-10.4332,-0.2675,0.582404,0.4707,0.6772,0.7693,0.9228,0.08
u2841,0.014,-4.92501,6.48052,-0.643628,-0.219614,-0.883782,1.49219,0.8515,0.8129,0.7485,0.08
u2842,0.014,18.6674,4.30614,6.71953,-0.224884,0.0746716,0.409112,0.6309,0.7577,0.9691,0.08
u2843,0.014,-13.7777,3.39698,11.9969,-0.118274,-1.37847,-2.36091,0.6621,0.7655,0.9379,0.08
u2844,0.014,-8.21866,-3.04602,-9.26066,-0.409741,-0.657187,-0.631053,0.7682,0.792,0.8318,0.08
u2845,0.014,-16.076,5.69685,-3.03394,-0.668017,-1.71177,-0.476873,0.685,0.7713,0.915,0.08
u2846,0.014,-4.21129,7.00768,-5.94777,-1.06014,0.326709,-0.00155003,0.8162,0.804,0.7838,0.08
u2847,0.014,-9.90615,4.02429,-3.89245,0.519501,-0.74613,1.2417,0.7931,0.7983,0.8069,0.08
u2848,0.014,-14.4081,-3.69389,10.8022,-1.09023,-1.32457,-0.387726,0.6658,0.7664,0.9342,0.08
u2849,0.014,-13.2814,14.6562,1.14516,-1.40592,-1.35819,-1.11948,0.6398,0.7599,0.9602,0.08
u2850,0.014,12.1923,-5.79748,4.17093,0.909922,0.447406,-0.0931003,0.7431,0.7858,0.8569,0.08
u2851,0.014,15.0838,-9.22853,1.89829,0.840256,-1.01979,-0.538751,0.6766,0.7692,0.9234,0.08
u2852,0.014,15.2092,13.6452,-1.89794,-0.560979,0.112919,-1.5808,0.6269,0.7567,0.9731,0.08
u2853,0.014,14.2803,3.9058,-8.07624,-0.168761,1.10556,0.0186115,0.6934,0.7733,0.9066,0.08
u2854,0.014,14.1221,-11.1216,9.47831,0.26486,0.342792,-0.726939,0.6305,0.7576,0.9695,0.08
u2855,0.014,-1.49288,-0.351085,-11.6406,0.952545,-0.364716,1.1632,0.7865,0.7966,0.8135,0.08
u2856,0.014,18.4763,-3.24373,2.42252,1.63375,1.99996,-0.907539,0.6561,0.764,0.9439,0.08
u2857,0.014,5.32567,-2.50234,-0.416229,-0.903746,3.06962,0.802388,0.8927,0.8232,0.7073,0.08
u2858,0.014,10.6538,8.25564,3.40749,-0.796563,-0.529206,0.991239,0.7472,0.7868,0.8528,0.08
u2859,0.014,15.084,-5.46155,-2.57198,0.3751,-0.162666,-0.418225,0.7046,0.7761,0.8954,0.08
u2860,0.014,13.3445,3.54861,1.43392,0.548624,1.0356,-0.97926,0.7476,0.7869,0.8524,0.08
u2861,0.014,-16.8001,10.1049,2.44416,0.0877924,-1.31279,-0.198072,0.6408,0.7602,0.9592,0.08
u2862,0.014,9.5528,-1.86708,-1.55057,1.66382,0.759519,0.331364,0.8208,0.8052,0.7792,0.08
u2863,0.014,-5.66909,4.27423,-1.90357,-1.03022,0.787334,-0.324809,0.8664,0.8166,0.7336,0.08
u2864,0.014,18.0245,-0.420506,-0.580828,-0.505491,-0.448483,-0.103538,0.672,0.768,0.928,0.08
u2865,0.014,17.7078,-8.00346,7.66809,0.307252,0.535831,0.234919,0.6202,0.755,0.9798,0.08
u2866,0.014,6.84887,-11.0798,-0.826322,0.882612,-0.151371,0.0657038,0.7627,0.7907,0.8373,0.08
u2867,0.014,-9.5688,-17.8932,5.42156,1.85571,-0.0534655,0.873739,0.6181,0.7545,0.9819,0.08
u2868,0.014,0.00481196,13.9006,-1.68969,-1.84857,0.393495,-1.89452,0.7454,0.7864,0.8546,0.08
u2869,0.014,-10.4932,-4.28388,8.04803,-0.324517,-0.525419,-0.483575,0.7473,0.7868,0.8527,0.08
u2870,0.014,-7.38012,13.1191,5.95449,-1.96608,-1.13001,-1.73717,0.7057,0.7764,0.8943,0.08
u2871,0.014,-7.31859,11.0808,10.46,-0.658253,-1.50123,0.834266,0.6926,0.7732,0.9074,0.08
u2872,0.014,3.6129,-18.9888,6.43386,-0.0983486,-0.609555,-0.467145,0.6296,0.7574,0.9704,0.08
u2873,0.014,-12.1067,-8.51127,4.11355,0.705894,-1.51882,-0.373392,0.7207,0.7802,0.8793,0.08
u2874,0.014,17.2881,-2.01829,4.55945,0.775555,0.770846,-0.0449931,0.6729,0.7682,0.9271,0.08
u2875,0.014,-17.0807,-2.64679,8.95251,-0.825603,-1.15468,0.98343,0.6461,0.7615,0.9539,0.08
u2876,0.014,-8.08734,3.77271,-8.59293,0.0443372,0.351681,0.312415,0.7748,0.7937,0.8252,0.08
u2877,0.014,-11.1499,15.2756,-4.21788,-2.08741,-0.0480788,-0.697296,0.6477,0.7619,0.9523,0.08
u2878,0.014,-19.2779,7.78435,3.94999,-0.819316,-1.02314,0.50323,0.6152,0.7538,0.9848,0.08
u2879,0.014,-7.32108,4.84527,9.96948,0.172728,0.572352,1.4704,0.7585,0.7896,0.8415,0.08
u2880,0.014,-1.04165,-18.5456,0.51863,-0.551059,-1.27346,0.469536,0.6621,0.7655,0.9379,0.08
u2881,0.014,5.89563,-1.158,-6.75299,-0.00763564,1.18873,-0.361345,0.8357,0.8089,0.7643,0.08
u2882,0.014,14.7583,-6.80017,-6.59893,2.43895,2.01222,1.59272,0.6811,0.7703,0.9189,0.08
u2883,0.014,19.0786,-7.02833,2.87121,-0.0641066,-1.14025,1.256,0.6267,0.7567,0.9733,0.08
u2884,0.014,-8.72545,5.26676,-4.98494,-0.733784,-0.159711,-0.299365,0.7937,0.7984,0.8063,0.08
u2885,0.014,-11.7614,-3.86896,-6.34489,-0.560018,-0.73883,0.096354,0.747,0.7868,0.853,0.08
u2886,0.014,-2.35598,-9.0394,-9.60985,1.1113,1.23465,0.0256292,0.7563,0.7891,0.8437,0.08
u2887,0.014,-4.5048,-1.71465,10.1332,0.0518652,-0.899466,-0.933829,0.796,0.799,0.804,0.08
u2888,0.014,15.1437,5.51405,5.89589,-1.4457,0.88789,0.249313,0.688,0.772,0.912,0.08
u2889,0.014,-9.91293,3.69511,6.10754,-0.701534,-0.822188,0.701603,0.7779,0.7945,0.8221,0.08
u2890,0.014,19.2819,4.33724,3.33465,-0.287385,2.34401,-0.95061,0.6356,0.7589,0.9644,0.08
u2891,0.014,-20.4803,5.20222,2.734,0.823717,-0.471132,-0.659043,0.6126,0.7532,0.9874,0.08
u2892,0.014,-1.22987,-20.8615,3.63038,2.29722,0.800369,-0.47572,0.6144,0.7536,0.9856,0.08
u2893,0.014,-12.7041,2.92816,7.73939,-0.78148,-0.294089,0.506777,0.7243,0.7811,0.8757,0.08
u2894,0.014,19.8137,-4.79452,-6.01158,0.694018,1.01323,-0.745926,0.6136,0.7534,0.9864,0.08
u2895,0.014,15.964,4.73137,6.87341,-0.49905,2.18413,-0.183968,0.6725,0.7681,0.9275,0.08
u2896,0.014,-12.6759,16.8872,-2.38891,0.0949864,-1.67069,0.436382,0.6136,0.7534,0.9864,0.08
u2897,0.014,-5.98161,-3.7648,2.32716,0.567795,-1.14936,0.0340431,0.8647,0.8162,0.7353,0.08
u2898,0.014,5.28748,-18.2432,-0.912502,-0.463027,-0.933332,0.354378,0.6543,0.7636,0.9457,0.08
u2899,0.014,10.1928,-6.09944,-13.7835,0.798241,-0.0168644,0.554238,0.6692,0.7673,0.9308,0.08
u2900,0.014,8.71448,5.88193,8.95695,-0.86267,-2.36092,-0.387513,0.7489,0.7872,0.8511,0.08
u2901,0.014,1.40178,4.83524,-10.7846,-1.26645,-0.35321,-0.0983897,0.7836,0.7959,0.8164,0.08
u2902,0.014,-9.44091,2.08561,10.3212,0.341923,-0.17433,0.658824,0.7429,0.7857,0.8571,0.08
u2903,0.014,-12.6749,-3.02082,4.70482,0.858968,-1.44912,-1.00998,0.7481,0.787,0.8519,0.08
u2904,0.014,-15.0164,-2.95695,-1.55115,1.07267,-1.74588,-1.07708,0.7203,0.7801,0.8797,0.08
u2905,0.014,-15.0233,-10.9396,-6.81092,1.42468,1.165,-0.00964298,0.6401,0.76,0.9599,0.08
u2906,0.014,-1.02012,4.88511,-7.34166,-1.50786,0.223127,-0.674158,0.8386,0.8096,0.7614,0.08
u2907,0.014,8.42152,-13.9697,-4.95683,0.97421,0.71343,0.561166,0.69,0.7725,0.91,0.08
u2908,0.014,-16.3592,-8.84813,-7.63554,-0.13141,-0.985687,-0.0606085,0.6345,0.7586,0.9655,0.08
u2909,0.014,11.1537,6.69205,3.42123,-0.759381,-1.29433,0.2026,0.7555,0.7889,0.8445,0.08
u2910,0.014,-10.3912,-16.0032,1.44353,1.35818,-0.0305784,-1.74563,0.6521,0.763,0.9479,0.08
u2911,0.014,-3.36523,-6.76381,7.036,0.910506,0.527446,0.533532,0.8123,0.8031,0.7877,0.08
u2912,0.014,4.95578,-9.44862,14.0589,0.999421,1.12144,-0.377834,0.6791,0.7698,0.9209,0.08
u2913,0.014,-7.80025,-3.30099,-12.0942,-0.0514131,1.82633,0.744874,0.7315,0.7829,0.8685,0.08
u2914,0.014,-1.14701,0.0980375,-16.3577,-1.78231,-0.0763433,0.107308,0.7019,0.7755,0.8981,0.08
u2915,0.014,14.3961,-6.31762,4.1618,0.524255,2.04032,0.0318974,0.7043,0.7761,0.8957,0.08
u2916,0.014,4.10879,11.7615,-10.0475,-0.971051,0.744234,-0.526938,0.709,0.7772,0.891,0.08
u2917,0.014,10.1093,-0.444559,9.19205,-0.204704,1.61849,1.17843,0.7514,0.7879,0.8486,0.08
u2918,0.014,-0.915502,2.70298,9.83284,0.743809,-1.36576,-1.3214,0.8138,0.8035,0.7862,0.08
u2919,0.014,12.7083,8.41726,7.89344,-1.07834,0.653404,0.574151,0.6879,0.772,0.9121,0.08
u2920,0.014,6.54713,-1.1613,-15.4404,0.212782,1.76152,0.312413,0.6943,0.7736,0.9057,0.08
u2921,0.014,-6.725,17.4343,1.38909,-0.66003,0.13895,0.655096,0.6593,0.7648,0.9407,0.08
u2922,0.014,0.275049,17.1951,2.04738,-2.21555,-0.777374,0.657489,0.6851,0.7713,0.9149,0.08
u2923,0.014,1.8196,-16.8491,-4.68125,1.92958,0.181714,-0.449216,0.6803,0.7701,0.9197,0.08
u2924,0.014,15.845,-3.66752,-3.85478,2.24648,1.42136,-1.14791,0.6961,0.774,0.9039,0.08
u2925,0.014,-11.0834,-16.4634,-5.15082,0.186299,-1.14196,-1.08751,0.6272,0.7568,0.9728,0.08
u2926,0.014,3.33556,0.27015,0.69756,0.38898,1.51973,-0.770082,0.9378,0.8345,0.6622,0.08
u2927,0.014,18.9751,8.25935,1.3523,-2.72953,0.353463,-0.990848,0.6229,0.7557,0.9771,0.08
u2928,0.014,6.91528,-13.8982,10.6479,1.27261,-0.789559,0.994795,0.6577,0.7644,0.9423,0.08
u2929,0.014,-2.67006,16.2597,-0.109486,-1.58753,2.1792,0.664739,0.7004,0.7751,0.8996,0.08
u2930,0.014,4.40845,-18.3277,4.75894,0.936875,-0.0309238,-0.391152,0.6465,0.7616,0.9535,0.08
u2931,0.014,18.961,6.4117,-2.18163,0.104474,1.00723,1.91609,0.6339,0.7585,0.9661,0.08
u2932,0.014,11.4333,5.30957,-5.34584,-0.32979,1.89764,0.353986,0.751,0.7878,0.849,0.08
u2933,0.014,9.23846,-7.68936,2.66172,0.707572,0.893873,0.380045,0.7762,0.794,0.8238,0.08
u2934,0.014,-4.66771,-4.8405,-6.41944,0.680922,0.163951,0.181929,0.831,0.8077,0.769,0.08
u2935,0.014,8.79757,2.94016,-14.5829,0.740979,0.748343,0.26645,0.6858,0.7714,0.9142,0.08
u2936,0.014,-9.95707,-10.0594,-11.2559,0.143578,0.0216719,1.3562,0.6712,0.7678,0.9288,0.08
u2937,0.014,-8.17353,7.30518,3.55921,-1.12594,-0.655945,-0.350905,0.7904,0.7976,0.8096,0.08
u2938,0.014,3.48809,0.0257503,5.40944,0.1914,-0.0568593,-0.387439,0.883,0.8207,0.717,0.08
u2939,0.014,-9.46006,-11.5087,2.61062,0.719371,-0.291111,-0.137551,0.725,0.7813,0.875,0.08
u2940,0.014,6.22436,-12.6053,-4.38288,0.417905,-0.680708,-0.16629,0.7323,0.7831,0.8677,0.08
u2941,0.014,1.8011,4.52663,6.65014,-0.345788,0.933521,2.05512,0.8501,0.8125,0.7499,0.08
u2942,0.014,-9.32523,11.5391,11.0871,-0.575133,-0.220338,-0.431793,0.6633,0.7658,0.9367,0.08
u2943,0.014,14.0216,2.94282,5.13086,0.466778,0.569605,0.0716694,0.7233,0.7808,0.8767,0.08
u2944,0.014,3.30987,-2.56905,-4.09706,1.36067,1.03912,1.13396,0.8935,0.8234,0.7065,0.08
u2945,0.014,-12.5338,-0.0532411,2.61424,-0.0486618,-1.12214,0.621983,0.7672,0.7918,0.8328,0.08
u2946,0.014,1.45126,4.13378,-13.6919,-1.26615,1.27945,-1.24018,0.7386,0.7847,0.8614,0.08
u2947,0.014,-10.7464,-1.6622,0.331432,0.625937,-0.173741,-1.37322,0.8022,0.8005,0.7978,0.08
u2948,0.014,-3.94574,2.12544,7.65864,1.0594,-0.150486,0.401237,0.8387,0.8097,0.7613,0.08
u2949,0.014,-1.56855,5.63985,-9.30798,-1.60018,-1.51949,0.0857039,0.8001,0.8,0.7999,0.08
u2950,0.014,1.36777,-16.9852,4.84517,0.635473,-1.06534,1.01407,0.6779,0.7695,0.9221,0.08
u2951,0.014,-1.61199,-17.666,-4.5341,1.82074,0.0849714,0.114846,0.6671,0.7668,0.9329,0.08
u2952,0.014,-10.4166,-1.39495,9.34526,0.119449,-0.695434,-0.0303614,0.7443,0.7861,0.8557,0.08
u2953,0.014,-7.1012,-8.87659,-4.94794,1.67787,-1.12941,2.28322,0.7746,0.7936,0.8254,0.08
u2954,0.014,4.18377,-19.1943,2.4304,1.11933,0.124638,1.37211,0.6401,0.76,0.9599,0.08
u2955,0.014,7.00719,-10.3561,6.35951,-1.48303,0.213671,-0.0905918,0.7449,0.7862,0.8551,0.08
u2956,0.014,-8.64508,6.37446,-6.22838,-0.78667,-0.66665,-0.032705,0.7742,0.7936,0.8258,0.08
u2957,0.014,14.4432,-3.47583,-8.3766,-0.625921,1.68948,-0.656866,0.6899,0.7725,0.9101,0.08
u2958,0.014,7.61094,-1.87055,-3.17793,0.054501,-0.566887,-0.48318,0.8462,0.8116,0.7538,0.08
u2959,0.014,18.5269,-6.72468,1.89472,-1.19156,1.30875,0.264761,0.64,0.76,0.96,0.08
u2960,0.014,-5.77416,-19.4309,-0.897636,0.157016,-0.576592,-0.5831,0.6311,0.7578,0.9689,0.08
u2961,0.014,-16.7305,12.1628,-2.80079,0.477105,-0.370625,1.74964,0.6205,0.7551,0.9795,0.08
u2962,0.014,6.43007,-6.2425,13.3208,1.24776,0.338899,-0.623858,0.7081,0.777,0.8919,0.08
u2963,0.014,15.8031,-6.89429,0.162854,-0.302257,1.11037,-0.478808,0.6865,0.7716,0.9135,0.08
u2964,0.014,12.8905,-2.87746,-10.2329,-0.212301,0.129326,0.597481,0.6962,0.7741,0.9038,0.08
u2965,0.014,1.95989,11.9252,7.20771,0.0758045,-0.319443,0.435645,0.7442,0.786,0.8558,0.08
u2966,0.014,11.4477,-7.03464,-6.7644,-0.372621,0.557909,-1.75751,0.7265,0.7816,0.8735,0.08
u2967,0.014,19.2893,2.4441,-1.29548,0.917473,1.13303,0.370277,0.6457,0.7614,0.9543,0.08
u2968,0.014,0.398444,1.88876,14.2978,-0.0301665,0.829954,-0.372446,0.7377,0.7844,0.8623,0.08
u2969,0.014,-3.74186,-5.99087,0.690225,0.154269,-0.184547,-0.811469,0.871,0.8177,0.729,0.08
u2970,0.014,-13.4593,4.90706,7.21567,-0.136023,-0.266246,1.15476,0.7084,0.7771,0.8916,0.08
u2971,0.014,14.4653,-7.20644,-7.82571,1.16803,1.22261,-1.15034,0.6735,0.7684,0.9265,0.08
u2972,0.014,8.68313,-6.95807,-4.43174,-0.52086,0.596201,-0.839224,0.7822,0.7956,0.8178,0.08
u2973,0.014,-2.14215,-17.4564,-0.478229,1.61095,-0.110846,-0.247413,0.6801,0.77,0.9199,0.08
u2974,0.014,-2.44801,-5.2524,15.8232,0.762197,-1.36269,1.25204,0.6936,0.7734,0.9064,0.08
u2975,0.014,-18.2832,4.37104,3.9668,2.14712,-1.28669,-0.351508,0.6507,0.7627,0.9493,0.08
u2976,0.014,13.7211,-3.12559,-8.03009,2.11686,1.30917,-0.132055,0.7054,0.7764,0.8946,0.08
u2977,0.014,12.0163,-0.0588132,8.56202,-0.389915,-0.446502,-2.87104,0.7317,0.7829,0.8683,0.08
u2978,0.014,-4.73612,-19.8858,-5.55903,0.872341,-0.451311,-1.34255,0.6148,0.7537,0.9852,0.08
u2979,0.014,17.5332,1.5331,-3.28336,-0.877667,0.807361,0.140555,0.6745,0.7686,0.9255,0.08
u2980,0.014,2.12557,4.27549,-9.55153,-0.427947,-0.374823,-1.26041,0.8058,0.8015,0.7942,0.08
u2981,0.014,-12.5635,-8.4699,0.950555,0.76594,-2.48762,-0.526785,0.724,0.781,0.876,0.08
u2982,0.014,9.90477,-2.82866,-1.23251,0.344942,-0.184394,0.177213,0.8114,0.8028,0.7886,0.08
u2983,0.014,4.22938,-14.7754,2.20502,1.51806,0.194014,0.610383,0.7177,0.7794,0.8823,0.08
u2984,0.014,-6.93005,-11.5959,-1.53195,-0.495984,-0.976914,0.211878,0.7528,0.7882,0.8472,0.08
u2985,0.014,7.87777,-1.51839,5.96312,-0.144036,0.761403,0.335578,0.8183,0.8046,0.7817,0.08
u2986,0.014,-14.8124,6.28817,-7.70325,-0.467507,0.312221,-0.225417,0.6756,0.7689,0.9244,0.08
u2987,0.014,13.3906,13.0475,1.18364,0.214541,-0.750674,-0.23072,0.6594,0.7648,0.9406,0.08
u2988,0.014,-4.61646,5.24824,12.2775,-1.08988,1.81584,0.568506,0.7431,0.7858,0.8569,0.08
u2989,0.014,9.58762,-0.895446,-9.25922,0.360494,0.580647,-0.340907,0.7571,0.7893,0.8429,0.08
u2990,0.014,-11.6905,1.54331,-1.95776,0.194018,-1.80036,1.0629,0.7827,0.7957,0.8173,0.08
u2991,0.014,-12.6913,4.44751,-5.85518,0.71071,-1.92113,1.40187,0.7333,0.7833,0.8667,0.08
u2992,0.014,6.04878,-15.5191,-5.44307,0.435209,0.136999,0.133752,0.6814,0.7703,0.9186,0.08
u2993,0.014,-2.5784,15.8713,-9.31457,-0.32394,1.86898,-0.737715,0.6621,0.7655,0.9379,0.08
u2994,0.014,4.92226,-12.5903,-3.28899,0.436958,0.418673,-2.17046,0.747,0.7868,0.853,0.08
u2995,0.014,-18.1627,7.00926,4.63866,-0.0719083,0.0656716,-0.31299,0.6361,0.759,0.9639,0.08
u2996,0.014,18.3989,-7.89977,-1.9004,-0.101006,0.457048,-0.472753,0.6343,0.7586,0.9657,0.08
u2997,0.014,-6.78836,8.12622,-7.75097,-0.980373,1.12148,1.62999,0.7614,0.7904,0.8386,0.08
u2998,0.014,-7.31857,11.8605,4.44182,-0.114931,0.417043,1.29006,0.734,0.7835,0.866,0.08
u2999,0.014,-14.2053,-11.8781,0.178174,0.0866865,0.547186,1.25039,0.6633,0.7658,0.9367,0.08
u3000,0.014,-10.1583,-6.04557,12.1604,0.657835,-0.553875,0.373055,0.6917,0.7729,0.9083,0.08
u3001,0.014,4.51169,-6.91004,4.95643,-0.185909,0.817327,0.273667,0.825,0.8062,0.775,0.08
u3002,0.014,10.9821,-11.2591,-7.86688,0.243255,1.23642,0.430318,0.6803,0.7701,0.9197,0.08
u3003,0.014,8.21649,0.934376,15.1848,-0.0392813,0.31285,0.365906,0.6856,0.7714,0.9144,0.08
u3004,0.014,16.5439,-11.218,1.77126,-0.724783,0.685627,1.06342,0.6351,0.7588,0.9649,0.08
u3005,0.014,16.5868,13.6142,-2.41812,-0.542254,1.8176,-0.563915,0.6074,0.7518,0.9926,0.08
u3006,0.014,-4.23027,1.3419,6.49245,0.201204,0.201461,-0.239656,0.857,0.8143,0.743,0.08
u3007,0.014,4.32681,21.4914,-0.631752,-1.98475,0.451365,1.25492,0.6012,0.7503,0.9988,0.08
u3008,0.014,-9.08006,6.97852,-10.3855,-0.927488,-1.43809,-1.13298,0.7189,0.7797,0.8811,0.08
u3009,0.014,-15.7907,-12.435,-5.53027,-0.0896644,-0.65843,0.387095,0.621,0.7552,0.979,0.08
u3010,0.014,-3.00733,-10.6281,-2.32536,0.59913,0.137146,-0.733877,0.7948,0.7987,0.8052,0.08
u3011,0.014,-2.8742,-9.21931,-9.55251,0.589249,0.709505,0.516852,0.753,0.7883,0.847,0.08
u3012,0.014,-6.73181,-7.90824,-9.00575,1.63174,0.55143,1.25598,0.7501,0.7875,0.8499,0.08
u3013,0.014,17.8768,12.251,1.70252,-1.1565,0.220812,1.39052,0.6048,0.7512,0.9952,0.08
u3014,0.014,0.127304,12.3953,2.52795,0.423887,-0.260418,0.418757,0.77,0.7925,0.83,0.08
u3015,0.014,5.90775,2.5981,6.9653,-1.63445,-0.381433,0.458162,0.8274,0.8068,0.7726,0.08
u3016,0.014,5.82688,-7.0173,8.87011,0.760546,-0.0404028,-1.15995,0.7687,0.7922,0.8313,0.08
u3017,0.014,-2.41263,-1.73787,-11.1584,1.80846,0.984036,-0.682119,0.79,0.7975,0.81,0.08
u3018,0.014,17.008,6.04052,-4.96523,0.16053,1.93592,0.0267292,0.6596,0.7649,0.9404,0.08
u3019,0.014,4.49249,-2.51488,7.72818,0.0538811,-0.114332,-0.0274591,0.8312,0.8078,0.7688,0.08
u3020,0.014,18.966,0.343965,2.82804,1.30823,0.437663,0.775348,0.6513,0.7628,0.9487,0.08
u3021,0.014,-10.3295,16.8092,-6.73486,-0.745894,-0.487726,-1.01148,0.621,0.7552,0.979,0.08
u3022,0.014,5.85125,-8.43418,8.83454,0.0441667,0.303308,0.99672,0.7538,0.7884,0.8462,0.08
u3023,0.014,11.3163,12.4866,-1.22269,-0.604524,1.14038,-1.29029,0.6928,0.7732,0.9072,0.08
u3024,0.014,-4.3744,3.90648,-11.2003,-1.8349,-1.28448,0.366996,0.7701,0.7925,0.8299,0.08
u3025,0.014,3.62207,5.65634,-3.36716,0.826363,-1.04645,-0.183433,0.8634,0.8158,0.7366,0.08
u3026,0.014,-8.44128,-0.98172,-3.17484,0.0620538,-0.309646,-1.64328,0.8351,0.8088,0.7649,0.08
u3027,0.014,3.59874,-1.27834,4.65715,-1.53829,0.498777,0.227649,0.8905,0.8226,0.7095,0.08
u3028,0.014,-1.44019,19.5623,-3.95827,-0.610466,-0.902869,0.602679,0.6362,0.759,0.9638,0.08
u3029,0.014,12.259,-9.68332,-3.03194,0.951946,-0.878418,1.50956,0.7107,0.7777,0.8893,0.08
u3030,0.014,2.45569,14.4019,-9.70279,-1.50326,0.409711,0.0263773,0.6811,0.7703,0.9189,0.08
u3031,0.014,13.4252,-5.76163,10.2585,0.608752,1.14607,-0.0268842,0.6754,0.7689,0.9246,0.08
u3032,0.014,-18.8819,-0.254534,-2.30084,-0.953185,-0.937394,0.437929,0.6541,0.7635,0.9459,0.08
u3033,0.014,-11.0871,10.2124,-9.76734,0.202399,-0.625617,0.10564,0.6734,0.7684,0.9266,0.08
u3034,0.014,13.3704,2.49363,-9.79727,0.358389,1.13155,-0.155279,0.6952,0.7738,0.9048,0.08
u3035,0.014,-8.55782,-10.6389,1.98324,0.278908,0.825887,-0.0378434,0.7491,0.7873,0.8509,0.08
u3036,0.014,3.02121,-17.7551,2.90538,1.56694,-1.45274,0.367917,0.6683,0.7671,0.9317,0.08
u3037,0.014,13.3613,1.71708,-7.83256,0.820872,0.946099,-1.36122,0.7167,0.7792,0.8833,0.08
u3038,0.014,0.392671,-20.8967,-0.0642903,0.280207,-0.449432,-0.48946,0.62,0.755,0.98,0.08
u3039,0.014,-10.1541,-13.5046,6.39941,0.0758839,-0.179359,0.571003,0.6715,0.7679,0.9285,0.08
u3040,0.014,-7.99018,12.89,-6.85667,-1.60831,0.222743,1.12203,0.6974,0.7743,0.9026,0.08
u3041,0.014,-0.713187,8.75633,2.36648,0.76727,0.825915,1.1738,0.8346,0.8086,0.7654,0.08
u3042,0.014,12.0471,8.83477,7.26558,-1.33961,0.491688,1.69039,0.698,0.7745,0.902,0.08
u3043,0.014,-8.6868,10.2471,-4.93662,-0.255944,-2.19734,-0.992854,0.7398,0.7849,0.8602,0.08
u3044,0.014,2.51348,-9.7459,14.3011,1.07492,0.956098,-0.387834,0.682,0.7705,0.918,0.08
u3045,0.014,-1.85697,-19.5699,-7.05059,1.22332,-0.449692,0.681021,0.6203,0.7551,0.9797,0.08
u3046,0.014,6.06602,10.1529,1.72485,-1.13681,-0.30663,-0.379453,0.7827,0.7957,0.8173,0.08
u3047,0.014,1.10181,6.34813,-13.8112,-0.739485,0.108401,-1.10151,0.7229,0.7807,0.8771,0.08
u3048,0.014,4.17418,1.84552,5.58908,0.402341,0.186558,-0.21321,0.8688,0.8172,0.7312,0.08
u3049,0.014,3.6829,-2.43289,-15.0019,-0.373726,-0.186886,-1.36803,0.7157,0.7789,0.8843,0.08
u3050,0.014,-17.1192,6.29957,-1.77893,-0.312512,-1.61156,1.54033,0.6668,0.7667,0.9332,0.08
u3051,0.014,-0.964646,9.4344,12.3186,-1.04179,1.76606,-0.108161,0.7173,0.7793,0.8827,0.08
u3052,0.014,-14.2953,-6.89761,6.03576,0.153513,-0.675282,-1.00023,0.6912,0.7728,0.9088,0.08
u3053,0.014,13.4565,6.50107,0.813735,-0.282724,0.8799,-0.874143,0.7279,0.782,0.8721,0.08
u3054,0.014,-10.1716,-12.218,7.72922,0.649723,-2.26835,0.83999,0.6786,0.7696,0.9214,0.08
u3055,0.014,14.9813,-12.0434,-5.53093,0.568651,0.872206,0.565829,0.6363,0.7591,0.9637,0.08
u3056,0.014,7.87794,-1.8261,8.64804,0.577488,0.255977,1.60996,0.7847,0.7962,0.8153,0.08
u3057,0.014,-1.69765,5.80732,-11.3934,-0.947494,-1.7431,-0.435745,0.7654,0.7914,0.8346,0.08
u3058,0.014,13.0931,-6.46034,-11.2234,-0.43601,-0.487995,-0.193809,0.6652,0.7663,0.9348,0.08
u3059,0.014,-2.36685,6.07471,-5.51286,0.0513538,-0.83914,0.582205,0.8448,0.8112,0.7552,0.08
u3060,0.014,17.1564,-2.05493,-6.47905,-0.266345,2.10673,0.361466,0.6645,0.7661,0.9355,0.08
u3061,0.014,19.7646,8.84366,-0.389372,-1.88239,-0.749625,0.0927626,0.6062,0.7516,0.9938,0.08
u3062,0.014,10.4962,0.670786,-8.74361,0.808757,-1.58483,1.08452,0.7513,0.7878,0.8487,0.08
u3063,0.014,-16.0359,7.67846,7.60442,-0.504569,-0.712242,-0.0158144,0.6484,0.7621,0.9516,0.08
u3064,0.014,13.5936,5.14923,-10.0941,-0.163021,0.108658,1.82876,0.6782,0.7696,0.9218,0.08
u3065,0.014,-13.6235,-5.7562,-9.7087,-0.3849,-0.410126,-0.558262,0.6783,0.7696,0.9217,0.08
u3066,0.014,12.0965,2.23654,0.490379,1.02893,-0.792171,-1.37174,0.7762,0.794,0.8238,0.08
u3067,0.014,1.8091,8.87781,2.15,-0.860913,1.01869,-0.0642101,0.8307,0.8077,0.7693,0.08
u3068,0.014,-15.9224,-14.1938,2.74912,1.40551,-1.49675,1.07909,0.609,0.7522,0.991,0.08
u3069,0.014,7.16387,15.1313,-3.42853,-0.510957,0.630132,-0.263036,0.6893,0.7723,0.9107,0.08
u3070,0.014,-3.12978,-1.76072,-2.81351,0.169592,0.0639556,0.0517312,0.9171,0.8293,0.6829,0.08
u3071,0.014,-4.94972,-19.0343,2.35707,1.27944,-0.294246,0.830816,0.6399,0.76,0.9601,0.08
u3072,0.014,14.0478,-10.0071,-7.45525,1.47802,1.13569,0.34274,0.6584,0.7646,0.9416,0.08
u3073,0.014,-10.4402,-14.675,9.18062,0.950879,-0.199004,0.669674,0.6325,0.7581,0.9675,0.08
u3074,0.014,0.180541,-19.9556,-0.187148,0.661414,0.610603,0.0925263,0.6371,0.7593,0.9629,0.08
u3075,0.014,-11.3791,16.0724,6.63507,-0.949733,-0.531802,0.306964,0.6222,0.7555,0.9778,0.08
u3076,0.014,-15.0178,-1.67144,8.48406,0.333999,-1.63525,-0.910397,0.6849,0.7712,0.9151,0.08
u3077,0.014,6.75349,0.392856,-7.42135,0.182483,0.879343,0.089446,0.8174,0.8044,0.7826,0.08
u3078,0.014,-7.42009,17.8819,-7.04755,-0.904983,-0.677498,-0.758764,0.6254,0.7563,0.9746,0.08
u3079,0.014,12.3769,4.20035,-0.338487,0.487003,0.0203144,0.304845,0.7623,0.7906,0.8377,0.08
u3080,0.014,2.85614,11.5844,-0.650512,-0.0988294,1.48124,-0.639897,0.7827,0.7957,0.8173,0.08
u3081,0.014,1.75975,7.86997,-14.927,0.837444,0.544464,-0.281728,0.6915,0.7729,0.9085,0.08
u3082,0.014,-19.5118,0.669111,4.10826,0.114838,0.230719,1.187,0.6373,0.7593,0.9627,0.08
u3083,0.014,-10.6394,-9.19166,-4.31796,2.3682,-0.963803,-0.651939,0.7326,0.7831,0.8674,0.08
u3084,0.014,9.19638,14.8021,-6.92451,-0.31709,-0.991794,-0.122111,0.6591,0.7648,0.9409,0.08
u3085,0.014,18.718,2.5544,-1.67126,-1.04744,1.14458,-1.36594,0.6552,0.7638,0.9448,0.08
u3086,0.014,-16.6933,-1.21509,3.60614,-0.427726,-0.960917,-0.336294,0.6887,0.7722,0.9113,0.08
u3087,0.014,2.67518,-8.04544,7.2777,0.518262,1.12834,-1.24746,0.7968,0.7992,0.8032,0.08
u3088,0.014,12.6633,-17.0873,-2.16721,1.3389,0.886241,0.41936,0.6113,0.7528,0.9887,0.08
u3089,0.014,9.21282,11.2615,7.79171,-0.872055,0.0518663,-0.340762,0.6999,0.775,0.9001,0.08
u3090,0.014,-3.55119,13.0675,9.00129,-0.217312,-0.700025,-0.528045,0.7044,0.7761,0.8956,0.08
u3091,0.014,1.80886,16.8676,0.00152248,-0.828047,1.83184,0.309753,0.6916,0.7729,0.9084,0.08
u3092,0.014,16.1466,-6.38723,6.50591,0.939885,1.06759,0.417696,0.6629,0.7657,0.9371,0.08
u3093,0.014,-4.51711,-3.56804,13.5859,1.16968,-0.763001,-0.846524,0.7317,0.7829,0.8683,0.08
u3094,0.014,4.25655,-10.2744,3.79606,1.07751,2.74657,-0.3397,0.7863,0.7966,0.8137,0.08
u3095,0.014,-3.70171,17.1832,1.15624,-0.421021,0.140112,-0.968576,0.6797,0.7699,0.9203,0.08
u3096,0.014,-8.66473,6.73229,7.02859,-0.431118,-1.41611,-2.35425,0.7631,0.7908,0.8369,0.08
u3097,0.014,-17.6146,-9.21495,-5.73079,-1.59223,-0.95386,-0.0442044,0.6238,0.756,0.9762,0.08
u3098,0.014,9.75632,-10.0401,4.01172,-0.0469788,0.784442,-0.362852,0.7352,0.7838,0.8648,0.08
u3099,0.014,1.74101,11.1669,-5.04949,-0.605538,0.471944,-1.03094,0.7749,0.7937,0.8251,0.08
u3100,0.014,-14.3179,-2.07711,10.3604,-0.625852,-1.33267,1.38512,0.6765,0.7691,0.9235,0.08
u3101,0.014,-7.05417,12.5574,5.23079,1.00915,-0.55228,0.394449,0.7214,0.7803,0.8786,0.08
u3102,0.014,-13.8754,-1.10406,-4.19698,0.971202,-1.57178,-0.71855,0.7357,0.7839,0.8643,0.08
u3103,0.014,-2.07095,-8.04329,-12.1271,0.076353,-0.114407,0.879803,0.7328,0.7832,0.8672,0.08
u3104,0.014,-2.56385,-0.662401,-10.1884,0.933762,-0.0703864,0.669077,0.8086,0.8022,0.7914,0.08
u3105,0.014,1.91283,-4.37087,-10.5264,-0.30065,0.133501,-1.15992,0.7899,0.7975,0.8101,0.08
u3106,0.014,-8.84687,4.79086,2.58548,-0.102366,-0.639161,0.341555,0.8111,0.8028,0.7889,0.08
u3107,0.014,-4.83254,1.44358,-9.32234,1.20962,0.822609,0.495559,0.8073,0.8018,0.7927,0.08
u3108,0.014,9.58463,4.18416,13.6245,-0.840779,-0.0320349,1.55241,0.6877,0.7719,0.9123,0.08
u3109,0.014,10.8881,-9.64583,-6.57517,0.687191,1.21935,-0.0793108,0.7098,0.7774,0.8902,0.08
u3110,0.014,-7.56723,-4.33202,6.8996,0.962966,0.446454,1.77565,0.7978,0.7995,0.8022,0.08
u3111,0.014,-18.3917,-0.545417,-6.59789,-0.246815,-0.0264783,-0.375061,0.6446,0.7612,0.9554,0.08
u3112,0.014,-4.13016,-3.71696,-8.49238,-0.0560456,-0.277284,-0.805339,0.8155,0.8039,0.7845,0.08
u3113,0.014,15.2504,-11.9302,5.62872,0.414813,1.42448,0.493962,0.6334,0.7583,0.9666,0.08
u3114,0.014,-13.5757,-2.74848,-2.57103,1.31218,-1.9534,1.21801,0.7439,0.786,0.8561,0.08
u3115,0.014,-10.4385,-4.53008,14.0015,0.492909,0.995465,0.79877,0.672,0.768,0.928,0.08
u3116,0.014,-2.3383,4.03324,-3.39671,-0.118191,-0.987429,0.980066,0.8951,0.8238,0.7049,0.08
u3117,0.014,0.247941,-7.91871,12.7945,0.728018,-1.02722,-0.664106,0.7264,0.7816,0.8736,0.08
u3118,0.014,-3.26239,-3.55296,4.4531,-0.347177,-0.691488,0.830765,0.8806,0.8202,0.7194,0.08
u3119,0.014,11.0354,0.324586,-1.80225,0.626722,-0.234956,-1.0227,0.7966,0.7992,0.8034,0.08
u3120,0.014,-13.4578,-14.0496,-0.834402,-0.224051,-0.403052,-0.322257,0.6459,0.7615,0.9541,0.08
u3121,0.014,-9.45229,-1.01146,5.99715,0.705416,-0.25345,0.0346176,0.7956,0.7989,0.8044,0.08
u3122,0.014,11.8755,12.9732,7.84174,-1.60757,0.294091,0.377132,0.6499,0.7625,0.9501,0.08
u3123,0.014,-5.57702,-3.77571,8.342,1.16174,-0.657164,-1.87787,0.8051,0.8013,0.7949,0.08
u3124,0.014,15.5558,9.06519,-6.33015,-0.152641,0.750955,0.394912,0.653,0.7633,0.947,0.08
u3125,0.014,-5.15618,-4.85134,12.7956,-0.532577,-1.00204,-0.726551,0.7341,0.7835,0.8659,0.08
u3126,0.014,1.7526,14.1777,-12.3491,0.373232,0.000615756,1.04942,0.6567,0.7642,0.9433,0.08
u3127,0.014,-4.31939,-8.40109,9.2089,0.609939,0.175233,-0.468623,0.7601,0.79,0.8399,0.08
u3128,0.014,-7.27183,8.55907,1.27799,-0.997771,-0.428637,0.191737,0.7945,0.7986,0.8055,0.08
u3129,0.014,-18.0885,3.58354,4.97841,-0.750262,-1.36077,0.53244,0.6527,0.7632,0.9473,0.08
u3130,0.014,-7.7134,3.4304,-11.0686,0.494285,-2.41395,0.0485269,0.7469,0.7867,0.8531,0.08
u3131,0.014,19.2368,-4.67229,-2.15252,0.334659,1.2504,0.945639,0.6379,0.7595,0.9621,0.08
u3132,0.014,-2.2678,8.70566,-13.607,-0.60722,-0.188239,1.07973,0.7034,0.7759,0.8966,0.08
u3133,0.014,10.8903,-4.43578,11.5197,-1.37613,0.429829,0.0282282,0.7007,0.7752,0.8993,0.08
u3134,0.014,9.57126,14.2998,9.77316,-1.1564,1.58201,-0.499746,0.6402,0.76,0.9598,0.08
u3135,0.014,8.57043,12.239,-5.09235,-2.31833,1.25221,1.08188,0.713,0.7782,0.887,0.08
u3136,0.014,20.194,-1.58414,-3.46064,-0.24428,1.29693,0.223967,0.6264,0.7566,0.9736,0.08
u3137,0.014,11.1022,-13.6428,1.00718,1.09501,1.52965,0.785504,0.6797,0.7699,0.9203,0.08
u3138,0.014,11.6091,-1.12604,6.01107,0.750096,1.21356,0.603822,0.7614,0.7904,0.8386,0.08
u3139,0.014,-4.5653,1.72602,-6.73139,-0.431556,-0.987956,-0.293097,0.8488,0.8122,0.7512,0.08
u3140,0.014,3.27848,-0.555758,-5.82652,-1.32189,0.554482,0.32497,0.878,0.8195,0.722,0.08
u3141,0.014,-7.97033,8.03385,-7.50056,-0.596182,-0.924453,0.00430703,0.7532,0.7883,0.8468,0.08
u3142,0.014,14.8291,-9.38435,4.56801,1.6444,-1.07049,0.138289,0.6703,0.7676,0.9297,0.08
u3143,0.014,-8.88054,-5.29016,2.01725,1.031,-0.564977,-1.27795,0.8085,0.8021,0.7915,0.08
u3144,0.014,1.24323,3.4186,-10.3286,0.912627,-0.278586,-1.61885,0.8009,0.8002,0.7991,0.08
u3145,0.014,-13.5223,6.50227,-1.80667,0.147109,-1.08175,0.305182,0.7252,0.7813,0.8748,0.08
u3146,0.014,1.13317,8.61461,14.4826,-0.293217,-0.787564,0.603449,0.6929,0.7732,0.9071,0.08
u3147,0.014,-15.7887,6.93936,5.63618,-0.876015,-1.1271,-0.139245,0.6701,0.7675,0.9299,0.08
u3148,0.014,18.674,4.05168,2.96039,0.164325,1.35714,0.886529,0.6484,0.7621,0.9516,0.08
u3149,0.014,-4.944,-10.0506,7.6027,-0.118222,1.12213,0.526207,0.7539,0.7885,0.8461,0.08
u3150,0.014,5.43631,-9.24139,-8.04581,-0.00751242,-0.715689,0.583011,0.7563,0.7891,0.8437,0.08
u3151,0.014,6.15539,-12.9873,1.49419,1.09502,-0.845823,0.17432,0.7373,0.7843,0.8627,0.08
u3152,0.014,4.78507,-6.43843,-13.8316,1.14747,-0.362066,-0.685242,0.7093,0.7773,0.8907,0.08
u3153,0.014,-14.2869,7.81924,-5.57206,-0.63199,-1.92513,0.527806,0.687,0.7718,0.913,0.08
u3154,0.014,-10.2838,13.4815,-1.32039,1.4325,-0.293161,-0.428823,0.6908,0.7727,0.9092,0.08
u3155,0.014,10.2133,5.28238,6.53374,0.116392,0.834226,-0.800258,0.7595,0.7899,0.8405,0.08
u3156,0.014,14.6611,-10.9478,0.539596,-0.752518,0.818857,-0.513481,0.6672,0.7668,0.9328,0.08
u3157,0.014,12.2108,12.2365,7.54837,0.244142,1.74354,-0.385228,0.657,0.7643,0.943,0.08
u3158,0.014,19.7629,-4.8076,-1.24913,0.252347,1.52808,-0.576483,0.6295,0.7574,0.9705,0.08
u3159,0.014,-1.75793,10.1105,-9.37225,0.351595,0.0365125,1.27969,0.7473,0.7868,0.8527,0.08
u3160,0.014,-4.63505,13.0753,12.0817,-1.13178,0.50887,0.151799,0.6655,0.7664,0.9345,0.08
u3161,0.014,-12.72,-11.6321,8.13593,-0.0921861,-0.766015,-1.76543,0.6534,0.7634,0.9466,0.08
u3162,0.014,-19.5273,4.49828,-5.71801,-0.727394,0.691584,-1.23988,0.6211,0.7553,0.9789,0.08
u3163,0.014,-11.378,-10.8166,5.39909,0.227835,0.0939226,-1.09113,0.6982,0.7745,0.9018,0.08
u3164,0.014,-19.5869,1.27696,-0.63547,0.883636,-1.27476,-0.414146,0.6429,0.7607,0.9571,0.08
u3165,0.014,-7.59636,7.50915,-11.3688,-1.10774,-1.35696,1.30146,0.7164,0.7791,0.8836,0.08
u3166,0.014,-2.64683,0.993102,-1.07049,-0.644333,0.525906,0.0789881,0.945,0.8363,0.655,0.08
u3167,0.014,20.6315,3.57792,-0.189394,-0.873691,0.872516,0.29733,0.6193,0.7548,0.9807,0.08
u3168,0.014,-4.05603,-2.58612,3.62296,0.481054,0.198323,0.208295,0.8905,0.8226,0.7095,0.08
u3169,0.014,-5.04334,4.97699,12.9128,-0.552767,0.192394,0.884067,0.7322,0.783,0.8678,0.08
u3170,0.014,-17.4983,-9.91714,1.56776,1.12135,-0.588817,-0.0278343,0.6332,0.7583,0.9668,0.08
u3171,0.014,8.81931,7.24005,-1.43413,-1.72264,-0.707392,0.00920243,0.7909,0.7977,0.8091,0.08
u3172,0.014,-16.7109,-10.8483,-6.93346,0.583494,-0.0441706,0.788037,0.6164,0.7541,0.9836,0.08
u3173,0.014,-7.13083,-6.54661,-9.30295,0.163274,-1.51931,0.242519,0.7559,0.789,0.8441,0.08
u3174,0.014,-6.32761,18.6467,4.27162,-2.628,1.08041,-1.77773,0.6337,0.7584,0.9663,0.08
u3175,0.014,-6.8068,6.01825,1.78944,-2.02293,-1.53106,0.0792053,0.8316,0.8079,0.7684,0.08
u3176,0.014,6.17104,9.34794,8.35566,2.41343,-1.11556,1.69642,0.7459,0.7865,0.8541,0.08
u3177,0.014,7.45089,7.76178,12.4192,-1.18666,-0.246906,1.53889,0.7012,0.7753,0.8988,0.08
u3178,0.014,19.5547,1.05675,6.95489,-0.837962,1.51846,0.129328,0.6222,0.7555,0.9778,0.08
u3179,0.014,-8.21729,-8.05886,-13.9071,0.529069,0.270964,-0.328632,0.6718,0.7679,0.9282,0.08
u3180,0.014,-0.275912,-8.84341,3.14031,-0.571442,-0.312883,-1.13719,0.8293,0.8073,0.7707,0.08
u3181,0.014,2.41162,4.75968,-14.3836,0.565241,1.0098,0.429665,0.7211,0.7803,0.8789,0.08
u3182,0.014,0.308543,6.23642,-4.74793,-1.321,0.686221,-0.0199299,0.8574,0.8143,0.7426,0.08
u3183,0.014,12.2342,-4.23365,8.85223,0.511284,-0.50354,0.132798,0.7149,0.7787,0.8851,0.08
u3184,0.014,-6.89495,-11.1421,8.70632,1.61276,-1.70474,0.31429,0.714,0.7785,0.886,0.08
u3185,0.014,12.1207,4.60402,12.7188,-1.55625,0.539603,-0.337014,0.6698,0.7674,0.9302,0.08
u3186,0.014,10.3075,8.46735,5.48242,0.168396,1.68581,1.49996,0.7378,0.7844,0.8622,0.08
u3187,0.014,-1.15081,-11.1575,-5.27701,0.883071,-1.16963,0.347962,0.7746,0.7937,0.8254,0.08
u3188,0.014,0.383455,2.80233,10.673,0.647276,0.341593,-0.0119285,0.7992,0.7998,0.8008,0.08
u3189,0.014,6.77774,14.979,-3.46164,0.719921,0.390148,-0.306607,0.6945,0.7736,0.9055,0.08
u3190,0.014,10.1334,16.3481,5.01432,-1.7332,0.128862,0.529803,0.6386,0.7597,0.9614,0.08
u3191,0.014,-6.08851,-13.6595,1.55847,0.493434,-0.249815,0.366597,0.7266,0.7817,0.8734,0.08
u3192,0.014,14.2158,-11.6176,4.99253,1.21167,-1.09932,-0.0165559,0.6541,0.7635,0.9459,0.08
u3193,0.014,17.5303,-3.88225,8.29,0.292446,-0.29428,0.130112,0.6404,0.7601,0.9596,0.08
u3194,0.014,3.84125,-13.5577,1.59481,0.974192,0.427289,1.29751,0.7422,0.7855,0.8578,0.08
u3195,0.014,6.60268,12.2629,10.9116,-1.88723,0.638749,-1.50864,0.6783,0.7696,0.9217,0.08
u3196,0.014,-2.61174,1.40693,-8.2434,0.84859,-0.955213,-0.739222,0.8407,0.8102,0.7593,0.08
u3197,0.014,-14.2191,3.98763,8.2879,-0.289879,-0.818545,-0.674756,0.6921,0.773,0.9079,0.08
u3198,0.014,9.33514,3.90498,-3.11574,-1.3896,0.565533,1.44753,0.8075,0.8019,0.7925,0.08
u3199,0.014,-3.70111,9.84678,-6.75668,0.121979,0.297201,-0.833555,0.7727,0.7932,0.8273,0.08
u3200,0.014,2.88263,-1.92463,15.7619,0.963893,0.0709593,-0.730119,0.7066,0.7766,0.8934,0.08
u3201,0.014,-13.4712,-14.9021,-5.52808,0.09457,0.138887,-1.18758,0.6212,0.7553,0.9788,0.08
u3202,0.014,-2.31959,-2.3784,4.98448,0.0582112,-0.19737,0.0797985,0.8911,0.8228,0.7089,0.08
u3203,0.014,16.4708,-12.332,-0.7653,1.26977,1.86794,0.0608892,0.6256,0.7564,0.9744,0.08
u3204,0.014,-0.259273,8.21607,-0.294729,-0.676355,0.413622,0.388888,0.8504,0.8126,0.7496,0.08
u3205,0.014,-12.0519,14.4116,-0.706985,-2.31575,-0.449909,0.684232,0.6582,0.7645,0.9418,0.08
u3206,0.014,7.18581,-3.89969,1.42029,-0.505917,0.864988,-0.260273,0.8491,0.8123,0.7509,0.08
u3207,0.014,-4.08768,-7.09154,-4.11659,1.73863,-0.719095,-0.494413,0.8334,0.8084,0.7666,0.08
u3208,0.014,-18.8803,3.3881,1.38622,0.976455,-2.12429,0.441933,0.6503,0.7626,0.9497,0.08
u3209,0.014,6.30409,-8.37838,9.94339,0.818066,0.229977,-0.620701,0.7373,0.7843,0.8627,0.08
u3210,0.014,-14.8891,-4.84551,-0.0883078,-0.473449,-0.730056,-0.657971,0.7153,0.7788,0.8847,0.08
u3211,0.014,1.83147,-18.0954,4.86162,2.54757,-0.728007,-0.132106,0.6577,0.7644,0.9423,0.08
u3212,0.014,-4.5073,-3.57352,-8.92388,0.391194,-0.722852,-0.220559,0.807,0.8017,0.793,0.08
u3213,0.014,-5.31863,-14.4217,3.4845,0.727276,-0.361164,0.0197386,0.7134,0.7784,0.8866,0.08
u3214,0.014,-5.66519,-10.1083,-0.196388,-0.863064,1.53109,0.787074,0.7893,0.7973,0.8107,0.08
u3215,0.014,8.10813,13.3223,7.22527,-1.06856,2.15227,-0.262172,0.6875,0.7719,0.9125,0.08
u3216,0.014,-1.84698,13.3499,-5.0019,-0.495645,0.503203,0.791088,0.7386,0.7847,0.8614,0.08
u3217,0.014,14.1476,-12.4887,-6.53472,0.308122,0.0267944,-0.514952,0.6369,0.7592,0.9631,0.08
u3218,0.014,-7.44843,-7.27515,1.05242,1.53251,1.31516,0.0620165,0.8097,0.8024,0.7903,0.08
u3219,0.014,14.1876,-8.82923,-3.26324,0.722435,0.251455,0.735255,0.6904,0.7726,0.9096,0.08
u3220,0.014,-4.03541,10.5409,-4.48696,-0.515964,-0.55529,-0.268271,0.7792,0.7948,0.8208,0.08
u3221,0.014,-10.6374,-8.2606,-0.46997,2.25665,-1.26751,-0.395127,0.755,0.7887,0.845,0.08
u3222,0.014,10.2072,12.1277,0.305241,0.106787,1.53138,0.221213,0.7117,0.7779,0.8883,0.08
u3223,0.014,-9.40447,4.19811,14.0496,-0.530489,0.854351,-0.382899,0.6833,0.7708,0.9167,0.08
u3224,0.014,6.12367,6.94466,3.73309,-0.947909,0.244328,0.0225451,0.8185,0.8046,0.7815,0.08
u3225,0.014,-4.8054,7.00938,-2.58027,-0.701473,-0.88806,-1.6116,0.8385,0.8096,0.7615,0.08
u3226,0.014,-10.4016,14.0687,0.797692,-1.66374,-0.143634,-0.420166,0.6816,0.7704,0.9184,0.08
u3227,0.014,-1.86946,1.40339,15.6969,0.0629368,-0.620227,0.361151,0.7115,0.7779,0.8885,0.08
u3228,0.014,-4.66882,4.52422,14.5883,-0.712597,-1.10301,0.100009,0.7096,0.7774,0.8904,0.08
u3229,0.014,9.39423,-6.9153,7.26268,-0.907214,-0.385584,-0.320161,0.7502,0.7875,0.8498,0.08
u3230,0.014,11.5215,3.65488,7.18714,-0.51721,-0.380656,-0.611258,0.7443,0.7861,0.8557,0.08
u3231,0.014,-4.81905,-8.29382,-11.8186,1.762,-0.436364,0.0690627,0.7232,0.7808,0.8768,0.08
u3232,0.014,1.04956,-7.52104,11.3033,0.73282,-0.964244,0.0997007,0.7524,0.7881,0.8476,0.08
u3233,0.014,-1.75141,2.62189,-14.868,-0.711524,-0.00947267,0.910691,0.7237,0.7809,0.8763,0.08
u3234,0.014,-9.85212,17.9819,1.86665,-0.70078,-0.535689,-0.630632,0.6257,0.7564,0.9743,0.08
u3235,0.014,1.85122,-6.21414,5.52817,1.87372,-1.11833,-0.566948,0.8451,0.8113,0.7549,0.08
u3236,0.014,12.0854,-11.9693,5.02718,0.920464,0.727473,-0.842764,0.6775,0.7694,0.9225,0.08
u3237,0.014,14.9926,-10.1836,5.80764,0.230355,1.52581,0.794006,0.654,0.7635,0.946,0.08
u3238,0.014,14.7179,-10.0822,8.10501,-0.0606793,0.655259,-1.03024,0.6437,0.7609,0.9563,0.08
u3239,0.014,-9.68429,1.44311,13.5492,1.17233,-1.4335,0.692857,0.6961,0.774,0.9039,0.08
u3240,0.014,-18.5373,9.59467,-2.68374,1.50377,-1.38968,-0.233909,0.6174,0.7543,0.9826,0.08
u3241,0.014,3.05739,-20.463,3.37445,0.419213,-0.71335,-1.09686,0.6188,0.7547,0.9812,0.08
u3242,0.014,-20.1367,-4.75746,-1.19293,0.314521,-0.588429,-0.273558,0.6232,0.7558,0.9768,0.08
u3243,0.014,-1.13392,9.12648,-1.01339,1.6555,0.642844,-0.541459,0.8318,0.8079,0.7682,0.08
u3244,0.014,14.8464,0.303941,-0.0826286,-0.511188,1.26954,-0.251504,0.73,0.7825,0.87,0.08
u3245,0.014,13.2491,3.02355,-8.08585,-0.144764,1.27972,0.544865,0.7125,0.7781,0.8875,0.08
u3246,0.014,4.83473,0.636246,15.971,0.402253,-1.37547,-0.580132,0.6964,0.7741,0.9036,0.08
u3247,0.014,-20.0577,-2.87635,-2.55036,-0.470356,-2.01836,1.58091,0.6287,0.7572,0.9713,0.08
u3248,0.014,-3.799,21.1017,-1.9976,-1.56918,-0.56069,0.752176,0.6085,0.7521,0.9915,0.08
u3249,0.014,11.7136,13.1505,3.73421,0.198043,1.75697,0.305203,0.6727,0.7682,0.9273,0.08
u3250,0.014,-4.5286,-17.088,-4.25227,-0.223301,0.216904,2.39747,0.6694,0.7674,0.9306,0.08
u3251,0.014,16.0609,1.54261,-1.66915,-0.162137,-0.403839,-0.191116,0.7051,0.7763,0.8949,0.08
u3252,0.014,-2.10698,-1.43849,1.64491,-0.675026,1.4343,0.675619,0.9448,0.8362,0.6552,0.08
u3253,0.014,-10.9411,-3.79355,-6.51821,0.286896,-1.2038,0.616823,0.7584,0.7896,0.8416,0.08
u3254,0.014,-12.2723,-5.03911,8.36069,-1.49231,0.802633,-1.32333,0.7149,0.7787,0.8851,0.08
u3255,0.014,-12.8104,5.23655,9.77724,-0.717594,-0.0150332,-1.60465,0.6919,0.773,0.9081,0.08
u3256,0.014,4.15659,20.7609,2.33417,-0.355244,-1.4382,-0.333091,0.6127,0.7532,0.9873,0.08
u3257,0.014,2.76383,9.52386,-9.40799,0.486657,-0.169363,-1.82391,0.7515,0.7879,0.8485,0.08
u3258,0.014,-2.31629,8.87047,10.2911,-0.503253,-1.48547,-0.89574,0.7494,0.7874,0.8506,0.08
u3259,0.014,9.86029,-1.20996,-6.70886,-0.889059,-0.713232,-1.44933,0.782,0.7955,0.818,0.08
u3260,0.014,-3.40852,-8.26562,-8.59513,1.19614,-1.38572,-0.330532,0.7745,0.7936,0.8255,0.08
u3261,0.014,2.1479,8.25915,7.0705,-0.559359,0.236455,0.618442,0.7985,0.7996,0.8015,0.08
u3262,0.014,-13.301,-11.6525,-2.18753,-0.765438,-0.298428,1.96883,0.676,0.769,0.924,0.08
u3263,0.014,-4.1982,-8.83627,14.5898,0.100537,-0.479489,1.21701,0.6806,0.7702,0.9194,0.08
u3264,0.014,-18.632,-9.30377,-4.46151,0.770607,-1.16656,-0.353462,0.6128,0.7532,0.9872,0.08
u3265,0.014,-4.48823,20.0497,3.37836,-1.67385,-0.483224,-0.404686,0.6214,0.7554,0.9786,0.08
u3266,0.014,10.7037,3.49458,13.5805,-0.869956,1.59576,0.570984,0.6793,0.7698,0.9207,0.08
u3267,0.014,6.77162,16.8035,5.69897,-0.903111,0.637021,-0.641583,0.6547,0.7637,0.9453,0.08
u3268,0.014,10.5763,0.828628,9.93022,1.43085,1.48939,-0.154887,0.7358,0.7839,0.8642,0.08
u3269,0.014,0.393973,1.58332,-6.36764,0.316932,0.608327,-0.231674,0.8805,0.8201,0.7195,0.08
u3270,0.014,-7.07125,-0.62664,-11.9242,-0.541383,-0.77153,0.346341,0.7477,0.7869,0.8523,0.08
u3271,0.014,2.153,-1.07592,-0.0192245,-0.863175,0.728916,0.912747,0.9562,0.8391,0.6438,0.08
u3272,0.014,0.303255,6.16771,-13.8074,-0.961288,-0.470272,0.958165,0.725,0.7812,0.875,0.08
u3273,0.014,4.0815,11.8477,6.732,-1.19625,1.15488,1.85207,0.7414,0.7853,0.8586,0.08
u3274,0.014,11.5536,-3.35293,1.99162,0.112192,0.898295,-1.41095,0.7783,0.7946,0.8217,0.08
u3275,0.014,-1.40698,-2.99571,5.70771,-0.285953,-0.907577,-0.214377,0.88,0.82,0.72,0.08
u3276,0.014,8.35045,18.7559,4.41353,-1.46318,0.63453,0.415271,0.6182,0.7545,0.9818,0.08
u3277,0.014,16.226,-8.73898,8.85699,0.336208,-0.63878,0.0704545,0.6282,0.7571,0.9718,0.08
u3278,0.014,-6.86023,4.06151,-10.5932,0.521979,-0.129759,0.64226,0.7589,0.7897,0.8411,0.08
u3279,0.014,-7.92071,-15.3125,9.70617,1.36214,-0.600232,-0.00603804,0.6403,0.7601,0.9597,0.08
u3280,0.014,-20.1495,4.79091,-2.75387,0.536266,-0.91749,-0.160386,0.6201,0.755,0.9799,0.08
u3281,0.014,15.0948,0.263425,4.72606,0.0760161,0.137081,-0.389771,0.7124,0.7781,0.8876,0.08
u3282,0.014,1.04361,-2.63924,1.42006,-1.64781,0.74423,-0.373213,0.9423,0.8356,0.6577,0.08
u3283,0.014,16.3578,0.977279,-8.10734,0.272253,1.29468,0.400617,0.6676,0.7669,0.9324,0.08
u3284,0.014,-0.865984,-1.02935,-15.5728,0.0941291,0.532387,-0.533675,0.7158,0.779,0.8842,0.08
u3285,0.014,13.4056,15.8482,-2.09085,-0.964511,-0.522325,0.243891,0.6207,0.7552,0.9793,0.08
u3286,0.014,10.6318,14.6294,-4.28957,0.654354,-0.511204,1.57267,0.6621,0.7655,0.9379,0.08
u3287,0.014,15.5275,-10.3898,-3.94219,-0.100645,0.51386,0.704908,0.6528,0.7632,0.9472,0.08
u3288,0.014,-9.69563,13.5798,-6.45427,0.413151,-1.20738,-0.589322,0.6747,0.7687,0.9253,0.08
u3289,0.014,-15.3458,-8.47463,-5.08318,-0.351221,-1.32911,1.23365,0.6681,0.767,0.9319,0.08
u3290,0.014,6.64268,5.55264,7.37217,-0.0853924,0.910947,-0.020861,0.7932,0.7983,0.8068,0.08
u3291,0.014,0.0388093,-6.14587,0.445986,0.465516,-0.445916,0.618051,0.888,0.822,0.712,0.08
u3292,0.014,15.6038,-3.08823,3.37655,-0.858673,2.02517,-0.699782,0.7043,0.7761,0.8957,0.08
u3293,0.014,4.24755,4.26733,3.70436,-1.37961,1.40413,-0.264104,0.8715,0.8179,0.7285,0.08
u3294,0.014,11.7119,12.0395,-1.87357,-0.428502,1.14852,1.12269,0.6927,0.7732,0.9073,0.08
u3295,0.014,5.05589,-12.9939,1.00192,2.91444,0.169342,-1.63666,0.7458,0.7865,0.8542,0.08
u3296,0.014,-7.20444,12.1324,-5.24644,-1.5235,-1.74146,0.0904788,0.7263,0.7816,0.8737,0.08
u3297,0.014,1.3809,-5.53465,1.45149,0.2121,-0.212974,0.932035,0.893,0.8232,0.707,0.08
u3298,0.014,-2.87021,5.6947,-15.0287,-0.323642,-0.386012,-1.72784,0.7032,0.7758,0.8968,0.08
u3299,0.014,6.68916,5.77421,-13.2001,0.222596,1.65755,0.260401,0.7112,0.7778,0.8888,0.08
u3300,0.014,-2.58346,-11.3698,10.9681,0.455267,-1.00671,0.361648,0.709,0.7772,0.891,0.08
u3301,0.014,12.5907,16.0031,-5.9249,-0.114847,2.54428,1.40825,0.6144,0.7536,0.9856,0.08
u3302,0.014,3.25037,-0.263404,6.88857,0.229539,-0.105075,0.0321041,0.8614,0.8154,0.7386,0.08
u3303,0.014,4.01709,-5.63309,4.78724,0.5211,1.20538,-0.108969,0.847,0.8118,0.753,0.08
u3304,0.014,-18.4329,2.69388,5.72925,-0.268542,-1.42549,-0.481597,0.6456,0.7614,0.9544,0.08
u3305,0.014,5.98247,3.75812,12.2644,0.0187474,0.131104,-0.675863,0.7427,0.7857,0.8573,0.08
u3306,0.014,-4.94315,-11.7687,12.9191,0.485958,0.416606,-1.09192,0.6698,0.7674,0.9302,0.08
u3307,0.014,-13.776,6.27376,-2.76949,-0.103671,-0.362722,-1.48476,0.7202,0.7801,0.8798,0.08
u3308,0.014,-1.52659,12.7725,10.3259,-0.296769,-0.477091,-0.00800799,0.7001,0.775,0.8999,0.08
u3309,0.014,-12.3588,5.43408,1.82343,-0.404563,-1.33304,0.822818,0.7523,0.7881,0.8477,0.08
u3310,0.014,0.72595,-9.12028,-9.22383,-0.372152,-1.56713,0.612376,0.7638,0.7909,0.8362,0.08
u3311,0.014,12.8021,13.0344,-9.17131,1.49978,1.00874,0.223443,0.6283,0.7571,0.9717,0.08
u3312,0.014,-8.81474,-0.370701,-4.16766,-0.913453,-0.90127,-0.296578,0.8226,0.8056,0.7774,0.08
u3313,0.014,-3.68219,-12.5418,0.196482,0.771209,-0.322227,-1.99834,0.7623,0.7906,0.8377,0.08
u3314,0.014,-0.934318,-7.18721,-4.80037,0.495887,-0.502161,0.0608419,0.8419,0.8105,0.7581,0.08
u3315,0.014,5.94931,2.56599,13.9997,0.330425,2.0771,0.975789,0.7195,0.7799,0.8805,0.08
u3316,0.014,6.72949,3.5736,-5.70603,-1.81722,0.188736,0.585726,0.8269,0.8067,0.7731,0.08
u3317,0.014,14.533,-15.6848,-0.509738,0.916658,0.540465,0.553457,0.6111,0.7528,0.9889,0.08
u3318,0.014,-6.89799,-15.7301,-6.41981,1.41854,-1.76453,0.403599,0.6666,0.7667,0.9334,0.08
u3319,0.014,9.42634,12.1309,1.41882,1.16418,0.73829,0.511855,0.7195,0.7799,0.8805,0.08
u3320,0.014,4.82217,-11.4811,12.5875,-0.67594,0.434095,0.800708,0.6781,0.7695,0.9219,0.08
u3321,0.014,-6.91442,-7.75616,-10.5416,0.544691,-1.63137,1.41487,0.7309,0.7827,0.8691,0.08
u3322,0.014,-14.7181,9.73076,-8.32084,-0.127484,-0.690099,-0.410583,0.6453,0.7613,0.9547,0.08
u3323,0.014,0.713005,9.25718,-0.866488,0.0567318,-1.39524,0.107501,0.8305,0.8076,0.7695,0.08
u3324,0.014,-10.2708,3.44106,2.84761,-0.216586,0.143777,1.02778,0.7964,0.7991,0.8036,0.08
u3325,0.014,-15.6532,11.424,-3.08754,-0.638574,0.183836,-0.890214,0.6432,0.7608,0.9568,0.08
u3326,0.014,-10.5321,-13.678,7.38672,0.20737,-0.455137,0.0810184,0.6586,0.7646,0.9414,0.08
u3327,0.014,11.2169,11.0052,-3.60564,-1.29738,0.312317,1.0168,0.7069,0.7767,0.8931,0.08
u3328,0.014,5.90649,8.92053,4.58212,-0.45079,0.312269,0.0872265,0.7884,0.7971,0.8116,0.08
u3329,0.014,11.7709,-2.29702,-6.03553,-1.75204,-0.161795,0.235993,0.7559,0.789,0.8441,0.08
u3330,0.014,-6.64515,17.1513,4.96421,-3.06826,-2.01685,0.87637,0.6536,0.7634,0.9464,0.08
u3331,0.014,13.1107,-3.71905,11.4459,0.29032,1.09836,1.33249,0.6764,0.7691,0.9236,0.08
u3332,0.014,16.0147,4.74139,-5.65481,-0.198265,0.990321,0.655644,0.6794,0.7698,0.9206,0.08
u3333,0.014,1.72924,17.1307,-9.34049,0.339711,0.106372,0.265248,0.6439,0.761,0.9561,0.08
u3334,0.014,-4.24187,8.27173,14.6041,-1.37457,-0.202004,-0.462637,0.6852,0.7713,0.9148,0.08
u3335,0.014,-4.58439,-0.41796,-5.75066,-1.01142,0.284502,0.660773,0.8661,0.8165,0.7339,0.08
u3336,0.014,0.89324,-8.89302,-10.9894,1.01503,-0.920217,0.488742,0.7425,0.7856,0.8575,0.08
u3337,0.014,5.17744,11.6479,6.13992,-1.96592,0.792742,1.74866,0.7428,0.7857,0.8572,0.08
u3338,0.014,4.97418,16.5331,-3.59211,-2.30432,0.482288,0.730561,0.6794,0.7698,0.9206,0.08
u3339,0.014,5.31936,13.5811,-5.41316,-1.00603,-0.874255,0.955642,0.7171,0.7793,0.8829,0.08
u3340,0.014,10.6422,-9.19353,6.76363,-0.885717,1.33341,-0.328457,0.7163,0.7791,0.8837,0.08
u3341,0.014,1.12567,4.53807,4.70654,-0.137751,0.525006,0.715616,0.8794,0.8198,0.7206,0.08
u3342,0.014,-0.984438,-18.048,-2.27266,0.187591,-0.479586,-0.496222,0.6688,0.7672,0.9312,0.08
u3343,0.014,-15.7336,8.88477,4.71533,-0.259353,-1.90295,-1.4867,0.6605,0.7651,0.9395,0.08
u3344,0.014,-8.86712,-0.592203,7.82234,0.697689,-0.355648,0.090594,0.7847,0.7962,0.8153,0.08
u3345,0.014,12.5288,-1.91976,-13.1596,0.684731,-0.202351,0.366088,0.6678,0.7669,0.9322,0.08
u3346,0.014,-3.98672,17.8434,8.3583,-0.878057,0.0239877,-1.00021,0.6345,0.7586,0.9655,0.08
u3347,0.014,11.9401,10.0045,2.69922,-0.297287,1.48611,0.45178,0.7126,0.7781,0.8874,0.08
u3348,0.014,11.2103,7.23007,-4.45545,-1.38631,1.146,0.879967,0.7443,0.7861,0.8557,0.08
u3349,0.014,-5.10246,-5.14401,15.4293,0.708605,-1.11199,-0.423043,0.6901,0.7725,0.9099,0.08
u3350,0.014,6.04755,-1.66049,-6.63681,0.250488,-0.529768,-1.43929,0.834,0.8085,0.766,0.08
u3351,0.014,-10.5141,11.3354,8.67911,1.58599,-1.46627,-0.605823,0.6776,0.7694,0.9224,0.08
u3352,0.014,4.81994,-20.2148,-1.81851,1.38071,-0.0400691,-1.9975,0.6207,0.7552,0.9793,0.08
u3353,0.014,-5.13559,6.48571,12.6098,1.24141,-0.371839,-0.960023,0.7258,0.7814,0.8742,0.08
u3354,0.014,14.4203,-11.8505,-4.11957,0.710645,1.54112,-0.835267,0.6525,0.7631,0.9475,0.08
u3355,0.014,-16.9734,-13.3871,0.34203,0.822454,-0.66656,-1.06675,0.6069,0.7517,0.9931,0.08
u3356,0.014,3.55158,0.111377,7.4593,-0.186568,-0.204296,-0.800972,0.8498,0.8124,0.7502,0.08
u3357,0.014,9.0734,-3.77484,-7.88794,0.111495,1.27087,-0.685143,0.7709,0.7927,0.8291,0.08
u3358,0.014,-8.76053,15.0019,-2.2069,0.0726472,-0.600211,1.07813,0.6816,0.7704,0.9184,0.08
u3359,0.014,-6.18622,-2.95247,-2.9952,0.86041,0.0257435,0.772624,0.864,0.816,0.736,0.08
u3360,0.014,3.42814,-16.7901,9.05538,1.12445,-0.0363504,-0.528596,0.6476,0.7619,0.9524,0.08
u3361,0.014,2.54387,-2.29742,15.691,0.476706,-0.128577,0.864086,0.708,0.777,0.892,0.08
u3362,0.014,-7.8347,-1.38721,-14.9134,-0.574009,-1.01292,0.477185,0.6927,0.7732,0.9073,0.08
u3363,0.014,-1.79028,4.13938,-8.21011,-0.887214,-1.05809,0.175894,0.8297,0.8074,0.7703,0.08
u3364,0.014,1.78746,-0.434848,12.53,1.52758,1.41081,0.332652,0.7697,0.7924,0.8303,0.08
u3365,0.014,-2.29241,-1.2755,-3.24313,0.126537,0.121368,-0.0923831,0.9242,0.831,0.6758,0.08
u3366,0.014,-11.0015,8.81265,-6.33746,0.224143,0.162022,0.4998,0.719,0.7797,0.881,0.08
u3367,0.014,-14.7315,-10.5633,-5.40586,1.12282,-0.912227,-0.511856,0.6561,0.764,0.9439,0.08
u3368,0.014,-7.33483,-6.68168,-5.63169,-0.00412647,0.454262,-0.663172,0.7926,0.7981,0.8074,0.08
u3369,0.014,4.99173,-12.3072,-6.49479,1.18731,-0.332548,-0.440002,0.7312,0.7828,0.8688,0.08
u3370,0.014,14.4554,6.8053,-10.6671,0.79436,2.27186,0.289886,0.6507,0.7627,0.9493,0.08
u3371,0.014,0.017714,-5.88739,0.942033,-0.443192,-0.657925,-0.633725,0.8916,0.8229,0.7084,0.08
u3372,0.014,-3.76015,3.31338,7.98049,0.641986,0.510593,0.270293,0.8287,0.8072,0.7713,0.08
u3373,0.014,-18.8557,-10.6544,2.59031,2.12953,-2.18991,0.0386655,0.6034,0.7509,0.9966,0.08
u3374,0.014,-12.1628,-3.42259,-2.51124,0.443521,-0.702715,1.26951,0.7658,0.7914,0.8342,0.08
u3375,0.014,17.5729,-1.45065,-6.1342,-0.249304,1.39193,-0.235798,0.6606,0.7651,0.9394,0.08
u3376,0.014,-17.578,6.35597,-1.29999,0.334794,-1.85261,0.527436,0.6593,0.7648,0.9407,0.08
u3377,0.014,7.53572,10.6962,-5.51495,-0.426403,0.196725,-0.971348,0.7418,0.7855,0.8582,0.08
u3378,0.014,14.6142,-7.00165,7.59619,0.35565,1.27933,0.474517,0.6746,0.7687,0.9254,0.08
u3379,0.014,-1.64802,11.5117,-0.210482,-1.37328,0.0276565,0.993371,0.7885,0.7971,0.8115,0.08
u3380,0.014,7.37869,13.7635,-11.0554,0.492194,-0.406813,-1.10166,0.6521,0.763,0.9479,0.08
u3381,0.014,-5.49356,8.63772,6.40669,0.179566,0.31464,-0.242366,0.7804,0.7951,0.8196,0.08
u3382,0.014,-9.47208,6.36952,-3.40628,-1.03304,1.14331,0.246991,0.7834,0.7959,0.8166,0.08
u3383,0.014,-16.9047,3.57264,2.3902,1.08684,0.461012,1.93151,0.6829,0.7707,0.9171,0.08
u3384,0.014,-1.65213,-19.8656,-5.69215,0.716975,-1.35419,0.725593,0.6231,0.7558,0.9769,0.08
u3385,0.014,-2.2463,-0.467577,-7.55627,0.206005,-1.34295,1.00208,0.8564,0.8141,0.7436,0.08
u3386,0.014,-0.42275,-7.49251,-12.6411,0.913139,-0.0577749,0.451902,0.7327,0.7832,0.8673,0.08
u3387,0.014,18.0777,2.26479,4.64678,1.11237,0.543683,-0.20974,0.6581,0.7645,0.9419,0.08
u3388,0.014,-20.1731,6.52533,0.470661,0.622792,-1.21317,-0.399755,0.6144,0.7536,0.9856,0.08
u3389,0.014,-3.95282,0.169272,-10.3049,-0.381387,-0.269212,0.42241,0.7993,0.7998,0.8007,0.08
u3390,0.014,3.23308,14.3557,3.78797,-2.00872,-2.28125,-0.732981,0.7237,0.7809,0.8763,0.08
u3391,0.014,1.88192,-0.0341917,7.28228,-0.171629,1.41549,1.22971,0.8632,0.8158,0.7368,0.08
u3392,0.014,1.53093,-2.58944,-2.66627,1.09262,-0.837007,1.363,0.9269,0.8317,0.6731,0.08
u3393,0.014,11.4254,-12.6699,-3.37553,0.453484,1.21946,0.520578,0.6838,0.7709,0.9162,0.08
u3394,0.014,-4.81198,9.55274,6.10117,-1.54868,-1.16008,0.0785382,0.7761,0.794,0.8239,0.08
u3395,0.014,5.80317,8.12554,0.648982,-0.105608,0.804505,0.0272628,0.8181,0.8045,0.7819,0.08
u3396,0.014,-12.6533,5.71268,-5.7914,0.0885853,0.174192,-1.03088,0.7265,0.7816,0.8735,0.08
u3397,0.014,0.0542756,-7.78368,1.34424,1.14704,0.851827,-0.74248,0.8564,0.8141,0.7436,0.08
u3398,0.014,12.0388,15.8109,-3.72939,-0.229202,0.813026,0.2018,0.6324,0.7581,0.9676,0.08
u3399,0.014,1.2361,20.2444,2.59103,-1.9679,-0.222054,1.15594,0.6282,0.7571,0.9718,0.08
u3400,0.014,1.96764,17.1572,8.82524,-0.416339,-0.589826,0.501402,0.6474,0.7618,0.9526,0.08
u3401,0.014,4.22964,-19.8673,5.92572,1.68052,1.74509,1.6833,0.6153,0.7538,0.9847,0.08
u3402,0.014,1.16054,5.16995,-10.3182,1.16334,0.0678859,-0.53352,0.7891,0.7973,0.8109,0.08
u3403,0.014,-12.302,-13.075,-3.71643,0.79411,0.12123,-0.50407,0.6667,0.7667,0.9333,0.08
u3404,0.014,-6.79084,2.83188,2.58293,-0.774454,0.476471,1.16295,0.8582,0.8146,0.7418,0.08
u3405,0.014,19.2111,8.6311,2.90199,0.412226,1.46253,0.360623,0.6135,0.7534,0.9865,0.08
u3406,0.014,-6.27048,11.3139,0.305831,-0.659383,0.872107,0.155205,0.7647,0.7912,0.8353,0.08
u3407,0.014,11.348,-3.41278,-0.454675,0.161663,0.751518,0.337872,0.7844,0.7961,0.8156,0.08
u3408,0.014,7.55614,-17.0685,8.06567,1.03149,-1.47667,-0.209062,0.6303,0.7576,0.9697,0.08
u3409,0.014,6.46812,0.627973,-4.93273,0.596438,0.761028,0.556004,0.8517,0.8129,0.7483,0.08
u3410,0.014,-4.06398,-18.7799,5.89693,2.38936,0.464646,0.0582626,0.6346,0.7586,0.9654,0.08
u3411,0.014,3.54486,10.7259,-8.86133,-0.514591,1.28163,-0.431911,0.739,0.7847,0.861,0.08
u3412,0.014,-7.26633,-17.8053,-6.48358,1.71064,-0.632896,-1.57464,0.631,0.7578,0.969,0.08
u3413,0.014,-14.4348,-8.46313,-8.47006,0.982937,-0.199412,1.12259,0.659,0.7648,0.941,0.08
u3414,0.014,-8.3433,-4.40292,-7.46148,0.0857189,-0.26933,0.0825481,0.7813,0.7953,0.8187,0.08
u3415,0.014,-11.4918,18.138,0.953447,-0.812155,-2.14035,0.672378,0.6092,0.7523,0.9908,0.08
u3416,0.014,-3.174,-2.70026,-3.84756,-0.782582,0.511528,0.356464,0.8969,0.8242,0.7031,0.08
u3417,0.014,7.5005,-5.15676,-9.6923,-0.649371,0.60852,-0.00191203,0.7583,0.7896,0.8417,0.08
u3418,0.014,-9.58192,10.7386,-3.08727,-0.266611,-0.953142,1.32818,0.7324,0.7831,0.8676,0.08
u3419,0.014,-8.61004,-17.0268,0.500438,-0.308147,-0.2333,-0.191327,0.653,0.7632,0.947,0.08
u3420,0.014,5.64449,-14.8016,6.51582,0.920558,1.44092,-0.0858401,0.6886,0.7721,0.9114,0.08
u3421,0.014,1.67915,-11.8265,-6.4407,1.43339,-0.217974,-0.766832,0.7533,0.7883,0.8467,0.08
u3422,0.014,-15.0616,11.9522,0.26955,-1.13127,-0.833178,0.41191,0.6504,0.7626,0.9496,0.08
u3423,0.014,-13.2718,-3.91999,2.35169,0.70892,0.109457,-1.07049,0.7448,0.7862,0.8552,0.08
u3424,0.014,9.47475,4.59592,4.92555,-0.228457,0.942903,1.80247,0.7886,0.7972,0.8114,0.08
u3425,0.014,-18.8356,-4.27238,3.77331,-0.38809,-1.01217,0.162819,0.6422,0.7605,0.9578,0.08
u3426,0.014,-4.56873,13.7748,-11.5657,-2.49475,0.37125,0.783893,0.6626,0.7656,0.9374,0.08
u3427,0.014,8.9023,5.17603,5.48717,-0.132856,0.630766,0.302351,0.7878,0.797,0.8122,0.08
u3428,0.014,15.6644,-3.10263,2.73893,0.835068,2.87234,-0.69904,0.7054,0.7764,0.8946,0.08
u3429,0.014,11.0872,-15.1297,-5.31409,0.0489792,1.05557,-0.224657,0.6455,0.7614,0.9545,0.08
u3430,0.014,-10.1129,-2.82368,-6.60897,-0.058084,0.147159,-0.070445,0.7744,0.7936,0.8256,0.08
u3431,0.014,8.48877,-3.67427,-4.1182,0.872994,-1.05005,0.789061,0.8159,0.804,0.7841,0.08
u3432,0.014,-1.62642,-4.69036,-3.73019,-0.546837,-2.05885,-0.824883,0.8871,0.8218,0.7129,0.08
u3433,0.014,11.2934,-12.7701,-7.13135,1.69607,-0.470547,1.0369,0.664,0.766,0.936,0.08
u3434,0.014,4.54365,-12.1325,-0.910637,-0.830618,0.40442,-0.467429,0.7639,0.791,0.8361,0.08
u3435,0.014,7.35289,6.17906,8.92265,0.976212,0.765541,-0.078534,0.7616,0.7904,0.8384,0.08
u3436,0.014,11.1789,0.205373,-2.42019,0.520517,0.99207,-0.257061,0.792,0.798,0.808,0.08
u3437,0.014,14.9247,-1.69101,3.60574,-1.02991,0.21742,-0.403175,0.7191,0.7798,0.8809,0.08
u3438,0.014,-8.28822,15.579,-3.06724,-1.29736,-0.59292,-0.814685,0.6743,0.7686,0.9257,0.08
u3439,0.014,2.59721,-1.22313,15.9885,0.282664,1.05016,1.15392,0.7047,0.7762,0.8953,0.08
u3440,0.014,19.2182,0.145747,-7.71789,0.723247,1.34523,0.496678,0.6234,0.7559,0.9766,0.08
u3441,0.014,5.08941,5.67285,8.46863,0.486849,0.485911,-1.00638,0.7929,0.7982,0.8071,0.08
u3442,0.014,-3.54819,-8.05498,14.1871,1.05735,-0.0789047,-0.26755,0.6964,0.7741,0.9036,0.08
u3443,0.014,-20.8412,-0.72598,-2.60421,0.383142,-1.06986,-0.930476,0.6179,0.7545,0.9821,0.08
u3444,0.014,10.7754,7.18994,-10.1276,1.45949,2.39813,-1.15185,0.701,0.7753,0.899,0.08
u3445,0.014,1.76238,-7.43371,-3.72506,1.22016,0.453532,0.425076,0.8455,0.8114,0.7545,0.08
u3446,0.014,-9.03653,-12.0622,4.94239,1.63227,-0.00749952,0.779974,0.7116,0.7779,0.8884,0.08
u3447,0.014,10.2377,6.27576,8.71575,-0.229591,1.58593,0.0844631,0.7302,0.7826,0.8698,0.08
u3448,0.014,0.171662,-7.17714,0.87565,-0.125122,-0.0266322,1.47228,0.8685,0.8171,0.7315,0.08
u3449,0.014,10.9552,-4.29541,5.42364,-0.288652,2.04542,0.413274,0.7644,0.7911,0.8356,0.08
u3450,0.014,-10.641,11.0007,6.55659,0.899641,-0.865167,-0.019019,0.6973,0.7743,0.9027,0.08
u3451,0.014,-4.90068,6.13074,9.01989,-0.630423,-0.372754,0.537805,0.7826,0.7957,0.8174,0.08
u3452,0.014,-1.4816,-9.59297,-14.7693,0.368124,0.365928,0.872107,0.6787,0.7697,0.9213,0.08
u3453,0.014,10.8755,-10.1973,-5.24141,0.197388,-0.509842,0.822927,0.7127,0.7782,0.8873,0.08
u3454,0.014,-6.5944,2.73974,-13.9551,-0.198741,-0.303378,0.707885,0.715,0.7787,0.885,0.08
u3455,0.014,-19.4684,-2.69565,-0.218123,0.0500775,-1.18115,0.0860916,0.6426,0.7607,0.9574,0.08
u3456,0.014,1.97484,7.74653,4.05077,0.608362,-1.22796,-0.250231,0.8371,0.8093,0.7629,0.08
u3457,0.014,9.65414,-15.425,3.25261,1.94014,0.341934,-1.28206,0.6639,0.766,0.9361,0.08
u3458,0.014,-17.0796,3.84625,3.76899,-1.38429,-2.06634,-0.537703,0.6744,0.7686,0.9256,0.08
u3459,0.014,-9.14517,-5.63712,-3.57842,1.79086,-2.19016,-0.629477,0.7941,0.7985,0.8059,0.08
u3460,0.014,2.02814,-10.2782,10.0004,-0.0883176,0.426192,-0.196104,0.7367,0.7842,0.8633,0.08
u3461,0.014,2.52776,7.38497,12.6307,0.182166,-0.0995816,1.53789,0.73,0.7825,0.87,0.08
u3462,0.014,-5.55009,17.1967,-4.82837,-1.66744,0.827131,0.957533,0.6599,0.765,0.9401,0.08
u3463,0.014,-2.00252,2.32846,-14.3343,-1.26168,-0.988955,-0.982663,0.7335,0.7834,0.8665,0.08
u3464,0.014,3.43707,4.20743,-1.02891,0.014615,0.427348,0.315056,0.8995,0.8249,0.7005,0.08
u3465,0.014,6.55225,-16.4948,9.5613,0.702332,0.410171,0.488201,0.6335,0.7584,0.9665,0.08
u3466,0.014,17.3835,-4.65116,4.34614,-0.816963,-0.0892359,-2.22608,0.6634,0.7659,0.9366,0.08
u3467,0.014,14.1758,-2.16315,0.773038,0.120659,0.381916,-0.740244,0.7389,0.7847,0.8611,0.08
u3468,0.014,-0.0213004,1.46159,11.2581,-0.51317,-0.850212,0.643861,0.7936,0.7984,0.8064,0.08
u3469,0.014,3.56164,-17.2605,4.40896,0.770419,1.13802,-0.649535,0.6697,0.7674,0.9303,0.08
u3470,0.014,14.157,-9.5415,-7.28186,0.0842849,0.980709,0.375574,0.6625,0.7656,0.9375,0.08
u3471,0.014,-5.15436,12.6683,-10.4743,-0.57012,-1.13576,-0.766072,0.6868,0.7717,0.9132,0.08
u3472,0.014,-3.53356,-0.861996,8.97103,-2.38524,0.52461,-0.517344,0.824,0.806,0.776,0.08
u3473,0.014,-5.31164,-12.8491,-0.25972,-0.824107,0.514313,0.341937,0.7472,0.7868,0.8528,0.08
u3474,0.014,0.730705,-8.5984,-2.62636,0.123484,0.037453,0.179442,0.836,0.809,0.764,0.08
u3475,0.014,-3.05668,2.47867,3.80013,0.0545556,0.346444,0.772288,0.9005,0.8251,0.6995,0.08
u3476,0.014,6.0886,9.87195,-1.03342,-0.192427,0.247413,-1.48221,0.7883,0.7971,0.8117,0.08
u3477,0.014,-12.6987,7.72278,2.87185,-1.76696,-0.504714,-1.25767,0.7248,0.7812,0.8752,0.08
u3478,0.014,-9.12237,16.6523,-3.89864,-1.58767,0.15841,0.190708,0.6476,0.7619,0.9524,0.08
u3479,0.014,-3.01286,8.58789,-3.52031,-0.290319,0.743277,-0.543,0.8226,0.8056,0.7774,0.08
u3480,0.014,-5.52231,8.57681,0.303842,-1.785,0.689404,-0.270546,0.8144,0.8036,0.7856,0.08
u3481,0.014,-6.75566,7.87299,13.2775,0.0474414,-0.778452,-0.56664,0.6936,0.7734,0.9064,0.08
u3482,0.014,-16.925,-10.0259,4.57167,1.57521,-0.265736,1.87004,0.6328,0.7582,0.9672,0.08
u3483,0.014,10.2738,2.17582,11.4833,-0.082803,1.41036,1.6746,0.7171,0.7793,0.8829,0.08
u3484,0.014,1.09691,-1.20546,9.60992,1.515,-0.324689,0.825519,0.8228,0.8057,0.7772,0.08
u3485,0.014,13.1746,4.86633,-11.8253,-0.922084,1.45628,0.430506,0.6662,0.7665,0.9338,0.08
u3486,0.014,-4.52127,-5.94907,3.60394,1.6792,-0.213812,-0.252251,0.8492,0.8123,0.7508,0.08
u3487,0.014,7.48587,-6.24953,10.4404,0.0461885,0.862793,0.354378,0.7402,0.7851,0.8598,0.08
u3488,0.014,13.135,8.90999,-10.986,1.58072,0.15135,0.148656,0.649,0.7623,0.951,0.08
u3489,0.014,14.5353,4.50038,-7.91217,-0.412091,-0.921454,-0.550568,0.6882,0.772,0.9118,0.08
u3490,0.014,1.30534,-18.8399,-7.71868,2.21439,0.11659,0.00958512,0.6291,0.7573,0.9709,0.08
u3491,0.014,-1.38967,8.38141,-6.51758,-0.899123,0.117563,0.694123,0.8053,0.8013,0.7947,0.08
u3492,0.014,13.1204,7.50775,-1.08581,-0.986716,1.32359,-1.18108,0.7244,0.7811,0.8756,0.08
u3493,0.014,4.41778,-13.8236,-9.15692,1.74782,0.836737,-0.0465295,0.688,0.772,0.912,0.08
u3494,0.014,-1.78021,-5.34656,-0.792572,1.52896,0.1791,-0.72988,0.8965,0.8241,0.7035,0.08
u3495,0.014,5.27977,15.1802,1.16019,-1.91418,0.541467,-0.126722,0.707,0.7768,0.893,0.08
u3496,0.014,-18.1486,2.69904,2.82851,-0.0720136,-1.42354,0.0478233,0.6625,0.7656,0.9375,0.08
u3497,0.014,2.19386,16.5994,-4.91444,-0.523977,-1.48429,0.997931,0.6827,0.7707,0.9173,0.08
u3498,0.014,-17.7788,7.77594,-4.82007,1.44838,-2.64976,-0.370322,0.6365,0.7591,0.9635,0.08
u3499,0.014,-14.0225,3.75428,6.28906,-0.58023,-0.920694,1.46099,0.7124,0.7781,0.8876,0.08
u3500,0.014,-10.399,9.55008,-3.30111,1.12417,-1.34345,0.650292,0.7364,0.7841,0.8636,0.08
u3501,0.014,4.00126,14.3856,6.63209,-1.6133,0.0283496,1.0226,0.7029,0.7757,0.8971,0.08
u3502,0.014,-14.6072,13.3606,-5.36384,-1.28128,-1.11899,0.145775,0.6271,0.7568,0.9729,0.08
u3503,0.014,-16.9678,-0.76357,-7.28187,0.332416,-1.08686,0.204949,0.664,0.766,0.936,0.08
u3504,0.014,-6.8609,0.516824,-14.67,-0.707292,-1.16081,1.56678,0.7054,0.7763,0.8946,0.08
u3505,0.014,9.61304,-2.53701,-10.0238,1.49248,0.976274,-0.0524875,0.7433,0.7858,0.8567,0.08
u3506,0.014,-1.57188,10.8592,-2.28342,-1.29218,-0.418286,0.367208,0.7962,0.7991,0.8038,0.08
u3507,0.014,-0.330186,-13.7782,12.7009,1.58653,0.732888,-1.14839,0.6592,0.7648,0.9408,0.08
u3508,0.014,-3.05964,3.34788,8.08874,-1.85139,-0.567252,1.48077,0.8314,0.8078,0.7686,0.08
u3509,0.014,-12.915,2.18234,11.035,-1.08925,0.782959,0.171015,0.6886,0.7722,0.9114,0.08
u3510,0.014,6.04226,14.8382,-8.65341,-0.134699,-1.35292,0.803593,0.6689,0.7672,0.9311,0.08
u3511,0.014,-11.8896,-0.802507,-8.8699,-1.16929,-0.499297,0.920772,0.7299,0.7825,0.8701,0.08
u3512,0.014,2.98495,0.857202,10.4425,-1.93097,-0.195233,1.65616,0.8019,0.8005,0.7981,0.08
u3513,0.014,-11.774,-1.36262,-3.32911,0.886124,0.482675,-0.828835,0.7762,0.794,0.8238,0.08
u3514,0.014,7.65837,-1.80847,-2.41223,0.602199,1.16752,-0.212323,0.8504,0.8126,0.7496,0.08
u3515,0.014,16.904,1.31441,-4.34767,-0.00865335,-0.245201,1.14447,0.6818,0.7704,0.9182,0.08
u3516,0.014,18.2759,-7.80359,-6.32442,0.789937,1.11965,-0.254773,0.6208,0.7552,0.9792,0.08
u3517,0.014,-10.5092,1.63537,4.75628,-1.22556,-0.389671,-0.395186,0.7882,0.797,0.8118,0.08
u3518,0.014,7.52832,-12.9721,-8.06815,1.26888,1.5689,-1.18664,0.6904,0.7726,0.9096,0.08
u3519,0.014,1.09932,-15.3018,10.4164,-0.900605,-2.57864,0.972705,0.6628,0.7657,0.9372,0.08
u3520,0.014,17.2503,7.23374,-7.47634,-0.527981,1.19328,-0.943034,0.6337,0.7584,0.9663,0.08
u3521,0.014,12.5902,10.9513,-2.19931,-1.26684,0.265936,-0.744055,0.694,0.7735,0.906,0.08
u3522,0.014,14.2732,-7.0968,-0.0191923,-0.611414,0.761657,0.0864094,0.7102,0.7775,0.8898,0.08
u3523,0.014,-2.86554,-12.113,-10.2341,1.61763,-0.308863,1.00155,0.707,0.7768,0.893,0.08
u3524,0.014,16.2937,-0.865127,9.27051,-0.194507,1.91186,0.360232,0.6588,0.7647,0.9412,0.08
u3525,0.014,16.8911,8.61692,5.87,-0.475738,1.48559,0.30453,0.6391,0.7598,0.9609,0.08
u3526,0.014,-16.9455,5.04083,-0.214633,-1.47409,-2.20548,-0.610359,0.6785,0.7696,0.9215,0.08
u3527,0.014,-14.7863,-7.91565,-7.6312,1.35447,-2.32271,1.00213,0.665,0.7662,0.935,0.08
u3528,0.014,-1.58228,4.37754,-14.4437,-0.711339,-2.24012,0.49129,0.7241,0.781,0.8759,0.08
u3529,0.014,-0.545179,-13.2539,2.64107,-0.790745,0.0933827,-0.94324,0.7541,0.7885,0.8459,0.08
u3530,0.014,-13.5244,1.47275,2.11522,0.307497,0.585375,0.724937,0.7497,0.7874,0.8503,0.08
u3531,0.014,-3.72696,-12.3469,-4.75304,0.46877,-1.04196,0.478047,0.7501,0.7875,0.8499,0.08
u3532,0.014,13.742,-1.16302,9.79057,0.105248,-0.00385725,2.53073,0.6925,0.7731,0.9075,0.08
u3533,0.014,15.6705,0.0897293,1.60932,-1.31455,0.674467,0.92191,0.7136,0.7784,0.8864,0.08
u3534,0.014,-17.1097,-5.45931,4.1103,0.00742486,-0.263439,-0.831738,0.665,0.7663,0.935,0.08
u3535,0.014,-0.574529,19.1626,-3.25248,0.080146,-0.100596,-1.27868,0.6465,0.7616,0.9535,0.08
u3536,0.014,18.9303,-8.52634,-2.71187,-0.670901,0.852347,-0.0662952,0.6193,0.7548,0.9807,0.08
u3537,0.014,-12.462,0.668908,-3.40274,-0.503589,-0.456056,1.66592,0.7648,0.7912,0.8352,0.08
u3538,0.014,7.41664,1.79972,-10.7297,-0.722178,-0.492735,-0.194303,0.7606,0.7901,0.8394,0.08
u3539,0.014,-6.4298,-3.16571,4.84301,-1.16749,-1.80469,0.505037,0.8427,0.8107,0.7573,0.08
u3540,0.014,7.28626,1.62435,5.51177,-0.301732,0.518141,-0.847006,0.8313,0.8078,0.7687,0.08
u3541,0.014,3.58927,16.9074,-8.45091,-1.11891,0.818653,-1.18525,0.6502,0.7625,0.9498,0.08
u3542,0.014,13.529,0.55408,0.954151,-1.36959,-0.120086,0.545242,0.7532,0.7883,0.8468,0.08
u3543,0.014,-14.7396,1.16067,-4.79723,0.171803,0.383176,-1.43176,0.7174,0.7793,0.8826,0.08
u3544,0.014,14.1468,-11.8729,-3.04826,1.3247,-0.271491,1.63296,0.6597,0.7649,0.9403,0.08
u3545,0.014,12.6548,-0.0959494,2.43312,-0.478757,1.81926,1.30345,0.7657,0.7914,0.8343,0.08
u3546,0.014,3.25282,-11.0934,10.3187,0.49825,0.319143,-1.09437,0.7183,0.7796,0.8817,0.08
u3547,0.014,-6.52854,6.20643,-13.6109,0.00984804,-1.95663,0.418575,0.7032,0.7758,0.8968,0.08
u3548,0.014,3.29553,7.38049,6.86946,-0.825726,0.603976,0.182381,0.8071,0.8018,0.7929,0.08
u3549,0.014,-10.7543,3.37462,13.6284,-0.302235,0.27324,-0.177157,0.6784,0.7696,0.9216,0.08
u3550,0.014,0.670986,-7.18297,-7.72472,0.287316,1.22683,0.470427,0.8078,0.802,0.7922,0.08
u3551,0.014,-7.70645,-15.1541,-5.80136,-0.7088,-0.860843,0.32377,0.6734,0.7683,0.9266,0.08
u3552,0.014,16.0805,-1.01864,-8.30626,0.277193,0.736082,-0.0893195,0.6704,0.7676,0.9296,0.08
u3553,0.014,-15.3306,-9.4853,5.02192,-0.168447,-1.70727,1.02655,0.6597,0.7649,0.9403,0.08
u3554,0.014,5.87041,13.5279,10.0239,-0.805687,0.23173,0.360953,0.6758,0.7689,0.9242,0.08
u3555,0.014,3.85771,-16.0951,-0.392629,0.839334,0.132606,-0.380615,0.699,0.7747,0.901,0.08
u3556,0.014,-0.218154,6.88995,-13.2752,-1.00834,0.554018,-0.531295,0.728,0.782,0.872,0.08
u3557,0.014,8.37199,6.17068,-0.830497,-0.0158185,0.521109,-0.914171,0.8103,0.8026,0.7897,0.08
u3558,0.014,-5.83536,-10.7698,-4.16664,0.604496,0.430019,-0.0436464,0.7648,0.7912,0.8352,0.08
u3559,0.014,-14.7244,-15.2966,1.16904,-0.0895547,-0.994574,-0.891226,0.6134,0.7533,0.9866,0.08
u3560,0.014,-0.573785,12.4204,13.2658,-1.60512,-0.537521,0.312407,0.6694,0.7674,0.9306,0.08
u3561,0.014,2.41485,-5.77313,-6.68124,0.110835,-1.48786,-0.458245,0.8336,0.8084,0.7664,0.08
u3562,0.014,-8.32367,0.42199,3.47943,-0.746401,0.0858358,-0.779411,0.8358,0.8089,0.7642,0.08
u3563,0.014,-5.76626,7.4944,3.21853,-0.651247,-0.614459,0.746514,0.8184,0.8046,0.7816,0.08
u3564,0.014,8.8462,2.90687,-1.09492,-0.926061,0.643375,1.21157,0.8295,0.8074,0.7705,0.08
u3565,0.014,4.11733,13.6554,-10.8681,-1.43108,1.33542,0.797095,0.674,0.7685,0.926,0.08
u3566,0.014,-8.77538,-10.7465,-10.3148,0.104678,-0.503345,2.75601,0.6857,0.7714,0.9143,0.08
u3567,0.014,7.62147,2.09224,-4.63797,-0.724957,-0.565399,0.274852,0.8334,0.8083,0.7666,0.08
u3568,0.014,8.92661,-12.0606,-0.23024,0.0846234,-0.169016,0.820057,0.7272,0.7818,0.8728,0.08
u3569,0.014,-10.8215,-0.115549,13.5266,0.383667,-1.03501,-0.312313,0.685,0.7713,0.915,0.08
u3570,0.014,13.5817,-7.76084,7.81698,0.0203304,0.52035,-0.279026,0.6821,0.7705,0.9179,0.08
u3571,0.014,2.09455,-16.4052,-7.03195,3.02731,1.14623,0.0148577,0.6733,0.7683,0.9267,0.08
u3572,0.014,-9.0566,11.2986,7.61031,-1.16484,-0.176294,1.4597,0.7026,0.7756,0.8974,0.08
u3573,0.014,-8.78884,-15.2148,8.13324,2.13587,-0.253185,-0.175175,0.648,0.762,0.952,0.08
u3574,0.014,16.1339,-5.20508,-10.1605,0.414216,0.099074,-1.25667,0.6406,0.7602,0.9594,0.08
u3575,0.014,3.20372,0.905607,-5.53347,0.0658507,-0.50559,0.958321,0.8826,0.8206,0.7174,0.08
u3576,0.014,-3.9199,0.103976,-14.4693,-1.91428,-0.859539,-0.485183,0.7274,0.7819,0.8726,0.08
u3577,0.014,-8.23494,-6.36067,10.6957,0.697838,-0.36745,0.711989,0.7287,0.7822,0.8713,0.08
u3578,0.014,-20.6729,-1.85756,-4.52803,-0.734439,-2.00213,0.474565,0.6137,0.7534,0.9863,0.08
u3579,0.014,5.70647,-3.17614,-8.42697,0.635356,-0.380878,-0.191303,0.8062,0.8015,0.7938,0.08
u3580,0.014,-6.78363,11.1033,0.645233,-1.66652,-1.48649,0.123289,0.7631,0.7908,0.8369,0.08
u3581,0.014,5.92654,-12.6299,3.96755,-0.0228713,-0.45005,0.474302,0.7363,0.7841,0.8637,0.08
u3582,0.014,3.29962,-10.5184,-5.39785,0.297719,0.998554,0.230291,0.7768,0.7942,0.8232,0.08
u3583,0.014,-12.6891,8.71455,6.1414,0.0934327,-0.863603,-1.03903,0.6987,0.7747,0.9013,0.08
u3584,0.014,1.87901,-1.26336,14.1453,1.87558,-0.285907,0.214769,0.7395,0.7849,0.8605,0.08
u3585,0.014,-2.36984,-0.0234619,15.073,0.0367433,-1.3651,-0.919689,0.7226,0.7806,0.8774,0.08
u3586,0.014,-17.8612,3.14011,-3.20278,-0.0193952,-1.8247,1.8908,0.6652,0.7663,0.9348,0.08
u3587,0.014,1.88883,-12.0931,1.06973,0.753196,-0.400657,-0.828352,0.7766,0.7942,0.8234,0.08
u3588,0.014,15.1682,-10.1445,-4.62217,0.874841,1.84683,-0.392788,0.6577,0.7644,0.9423,0.08
u3589,0.014,0.733194,0.931291,-0.711025,2.05369,0.088867,1.69921,0.9749,0.8437,0.6251,0.08
u3590,0.014,-11.0819,-8.07139,-9.41579,-1.89875,-0.38442,-0.023568,0.6976,0.7744,0.9024,0.08
u3591,0.014,14.043,-7.20489,-8.83828,0.240819,1.65492,-0.394062,0.6711,0.7678,0.9289,0.08
u3592,0.014,-5.29648,1.58077,13.3715,-1.37429,0.682857,-0.989262,0.7369,0.7842,0.8631,0.08
u3593,0.014,-7.77548,-5.97524,-4.82065,0.363065,-1.06112,0.963041,0.8013,0.8003,0.7987,0.08
u3594,0.014,-15.9038,-8.55015,-2.90734,-0.849076,-0.636796,0.547149,0.6675,0.7669,0.9325,0.08
u3595,0.014,8.75908,-18.1798,0.0419873,-0.0994876,2.09449,0.572278,0.6331,0.7583,0.9669,0.08
u3596,0.014,6.34633,-4.70674,-7.40739,1.76187,1.4769,-0.525617,0.8031,0.8008,0.7969,0.08
u3597,0.014,-0.367101,10.7625,-13.5225,-1.34333,-1.1188,0.0807574,0.6857,0.7714,0.9143,0.08
u3598,0.014,-14.304,-6.24263,-5.14588,0.414696,-0.17657,0.206441,0.7012,0.7753,0.8988,0.08
u3599,0.014,15.3181,2.05376,3.56021,0.502097,0.65135,-0.126761,0.7116,0.7779,0.8884,0.08
u3600,0.014,12.8447,-4.87885,-3.37037,0.839372,0.113032,-1.98215,0.7428,0.7857,0.8572,0.08
u3601,0.014,-1.28225,-1.2168,-6.65512,-1.06261,1.04068,0.77418,0.8748,0.8187,0.7252,0.08
u3602,0.014,-8.33179,-9.37031,-13.4156,0.99301,-0.517805,0.155701,0.6661,0.7665,0.9339,0.08
u3603,0.014,9.2312,-10.7269,5.25925,-0.0637299,2.26891,-1.54995,0.7255,0.7814,0.8745,0.08
u3604,0.014,-1.19461,9.8404,11.5257,-0.772989,-0.55502,-0.884738,0.7236,0.7809,0.8764,0.08
u3605,0.014,5.74566,1.098,-6.77829,0.0557915,-1.08038,-0.851847,0.8372,0.8093,0.7628,0.08
u3606,0.014,5.65445,17.631,3.27557,-0.483149,0.510299,0.889672,0.6581,0.7645,0.9419,0.08
u3607,0.014,-8.42422,-8.51508,4.79585,-0.47251,-0.418356,-0.0644888,0.7654,0.7914,0.8346,0.08
u3608,0.014,-1.51333,16.4333,-9.53676,0.0334875,-0.788714,-0.254414,0.6534,0.7634,0.9466,0.08
u3609,0.014,15.615,0.614562,6.74398,-0.0660945,1.79677,-1.53678,0.6905,0.7726,0.9095,0.08
u3610,0.014,2.05188,10.9758,-0.124853,-0.80319,0.978782,-0.3409,0.797,0.7992,0.803,0.08
u3611,0.014,-12.7803,6.99086,-3.86293,-0.939218,-1.73219,0.128989,0.726,0.7815,0.874,0.08
u3612,0.014,15.4585,2.97692,-8.26971,0.122,0.956169,0.0752927,0.6767,0.7692,0.9233,0.08
u3613,0.014,1.37013,-6.55077,8.43311,-0.0894788,-0.567703,0.818747,0.8043,0.8011,0.7957,0.08
u3614,0.014,10.0402,1.17832,-3.82126,-1.1153,0.463581,0.219094,0.8035,0.8009,0.7965,0.08
u3615,0.014,3.76917,9.25377,-10.8023,-0.0600832,-0.00909879,-1.07039,0.7325,0.7831,0.8675,0.08
u3616,0.014,-18.4814,-4.30635,5.24948,1.70134,-0.411385,1.19633,0.642,0.7605,0.958,0.08
u3617,0.014,-12.5579,-15.0327,-0.995806,1.4998,-0.333497,-0.435636,0.6434,0.7608,0.9566,0.08
u3618,0.014,0.489189,-9.12845,-7.34584,1.31982,-0.258564,-0.618897,0.7868,0.7967,0.8132,0.08
u3619,0.014,-6.89363,-9.94914,10.9237,0.766398,-1.20398,0.857931,0.7036,0.7759,0.8964,0.08
u3620,0.014,-1.95546,-5.76972,1.01268,1.07286,-0.308206,-0.801692,0.8877,0.8219,0.7123,0.08
u3621,0.014,-7.22644,7.60428,-13.4323,-0.729962,-1.72123,0.548104,0.6901,0.7725,0.9099,0.08
u3622,0.014,-4.9768,-15.2165,8.85573,-0.81854,0.447106,-0.365061,0.6674,0.7668,0.9326,0.08
u3623,0.014,-7.45199,19.6357,2.11977,-0.96746,-0.582285,-0.700059,0.6162,0.7541,0.9838,0.08
u3624,0.014,-5.08492,12.8726,12.4997,0.334325,0.44867,0.130668,0.6609,0.7652,0.9391,0.08
u3625,0.014,7.17668,-9.97875,-11.2364,-0.129684,0.701402,-1.66751,0.6972,0.7743,0.9028,0.08
u3626,0.014,11.481,-4.49347,-12.9686,0.0580879,0.442462,-0.637877,0.6747,0.7687,0.9253,0.08
u3627,0.014,1.8452,4.02858,-5.63832,-0.882392,-0.206085,-0.156283,0.8696,0.8174,0.7304,0.08
u3628,0.014,-17.5691,2.46348,-0.0140681,1.0882,-1.08751,-0.996767,0.6774,0.7694,0.9226,0.08
u3629,0.014,-18.6343,-2.30299,-7.88949,-0.0287455,-2.04676,-0.637684,0.6297,0.7574,0.9703,0.08
u3630,0.014,-3.42005,-0.616105,-2.52099,-0.371815,0.673589,-0.458856,0.9219,0.8305,0.6781,0.08
u3631,0.014,-3.07277,-0.340487,10.8951,-0.890206,-0.566152,-0.0910072,0.7941,0.7985,0.8059,0.08
u3632,0.014,-3.27975,-14.1725,-9.85687,-1.07478,-0.840972,-0.818055,0.6805,0.7701,0.9195,0.08
u3633,0.014,-5.90001,4.92633,10.1745,0.642889,1.21005,0.666565,0.7682,0.792,0.8318,0.08
u3634,0.014,7.32504,19.3676,-3.33413,-0.766471,-0.659329,0.881833,0.6187,0.7547,0.9813,0.08
u3635,0.014,6.20511,-18.4589,5.88747,1.50777,0.433668,-0.959608,0.6301,0.7575,0.9699,0.08
u3636,0.014,15.1381,-0.443196,-7.52942,1.08596,0.702787,-0.551056,0.6925,0.7731,0.9075,0.08
u3637,0.014,5.05175,-4.23381,-2.92634,1.38225,-0.599954,0.865963,0.8689,0.8172,0.7311,0.08
u3638,0.014,8.61638,-5.25168,-6.05673,0.808275,0.52723,2.23744,0.786,0.7965,0.814,0.08
u3639,0.014,11.4734,-9.36199,-10.4164,0.31034,0.179163,0.364087,0.6708,0.7677,0.9292,0.08
u3640,0.014,6.77985,7.52477,2.89776,-0.595679,0.658816,0.334207,0.8085,0.8021,0.7915,0.08
u3641,0.014,5.90718,14.0413,-1.18861,1.01951,1.14175,0.245646,0.7222,0.7805,0.8778,0.08
u3642,0.014,-14.5922,-10.0801,4.29445,1.06461,-0.529342,0.0974349,0.6682,0.7671,0.9318,0.08
u3643,0.014,1.58574,7.78354,-10.2597,-1.91217,0.201733,0.394207,0.7641,0.791,0.8359,0.08
u3644,0.014,-8.99826,-1.52192,14.7653,0.135666,-0.445206,-1.02505,0.6844,0.7711,0.9156,0.08
u3645,0.014,2.78311,-14.9393,-4.96509,1.5544,1.52723,-0.456879,0.7093,0.7773,0.8907,0.08
u3646,0.014,9.28472,-13.0661,-2.44746,0.738647,0.538677,-1.50368,0.7052,0.7763,0.8948,0.08
u3647,0.014,-4.53636,-5.78152,-7.45174,-0.35693,-0.359639,-0.0710166,0.8097,0.8024,0.7903,0.08
u3648,0.014,-11.4177,-7.75943,-8.52225,0.527946,-1.3854,0.303827,0.705,0.7763,0.895,0.08
u3649,0.014,-19.3267,0.290922,6.70805,-1.25052,-0.617677,1.26906,0.628,0.757,0.972,0.08
u3650,0.014,2.67186,-15.8951,-7.90828,1.46402,0.765863,0.509496,0.6736,0.7684,0.9264,0.08
u3651,0.014,3.47309,-3.53124,-11.5842,-0.256412,-0.0925722,0.862877,0.7709,0.7927,0.8291,0.08
u3652,0.014,5.28464,-18.29,2.78319,2.58651,1.04962,0.395877,0.6502,0.7625,0.9498,0.08
u3653,0.014,8.52639,1.01322,14.4986,-0.469288,1.80142,0.310751,0.6936,0.7734,0.9064,0.08
u3654,0.014,1.3485,1.65583,6.94365,1.00595,-0.00541399,-1.5395,0.8679,0.817,0.7321,0.08
u3655,0.014,7.37277,17.3092,-6.59451,-1.53085,0.686359,0.581233,0.6375,0.7594,0.9625,0.08
u3656,0.014,5.30791,-12.4463,-11.7915,1.2158,0.352375,-0.997468,0.6737,0.7684,0.9263,0.08
u3657,0.014,3.92608,-12.5293,6.33018,1.33393,-0.22032,-0.0375029,0.735,0.7837,0.865,0.08
u3658,0.014,1.98667,-11.5642,-7.30739,1.501,0.271105,-0.332097,0.7487,0.7872,0.8513,0.08
u3659,0.014,-0.260861,-6.24229,12.8129,1.30683,-1.27185,-0.362283,0.7408,0.7852,0.8592,0.08
u3660,0.014,8.8524,-8.84999,5.13106,0.367548,2.16893,0.243564,0.754,0.7885,0.846,0.08
u3661,0.014,15.107,8.81733,-0.481861,-0.00710491,1.2874,0.603774,0.6818,0.7705,0.9182,0.08
u3662,0.014,14.0011,1.97333,9.93562,1.7725,-0.392697,-1.23482,0.6858,0.7714,0.9142,0.08
u3663,0.014,-15.0934,6.01973,6.72723,0.503358,0.796244,-0.0850888,0.6802,0.7701,0.9198,0.08
u3664,0.014,19.2617,-4.40844,4.9273,0.0695519,0.155249,0.339318,0.6297,0.7574,0.9703,0.08
u3665,0.014,-9.62557,-12.5682,2.80875,1.38332,-0.54555,-2.62887,0.7077,0.7769,0.8923,0.08
u3666,0.014,1.36846,-4.81487,-11.6137,-0.497866,-0.299272,1.35282,0.7701,0.7925,0.8299,0.08
u3667,0.014,-1.85041,12.3788,10.0247,0.68725,-0.237716,-0.278934,0.7084,0.7771,0.8916,0.08
u3668,0.014,18.2356,-8.41733,-3.65301,1.32947,1.03881,1.22543,0.6288,0.7572,0.9712,0.08
u3669,0.014,-1.0767,3.37766,-13.9863,-0.740632,-0.928415,0.369017,0.7377,0.7844,0.8623,0.08
u3670,0.014,-9.61087,-15.4807,4.18933,0.743995,1.55645,0.151245,0.6601,0.765,0.9399,0.08
u3671,0.014,6.86899,12.029,11.994,-0.511867,1.55464,-0.263284,0.6669,0.7667,0.9331,0.08
u3672,0.014,14.1385,4.29147,10.7542,0.0639927,0.747484,-0.585772,0.6677,0.7669,0.9323,0.08
u3673,0.014,10.8546,9.9973,-11.7818,-0.580952,-0.301545,0.0571111,0.6567,0.7642,0.9433,0.08
u3674,0.014,17.5862,7.28108,2.27341,-0.0741027,1.22141,-0.502678,0.6515,0.7629,0.9485,0.08
u3675,0.014,11.4292,-3.46885,12.6581,-1.22342,0.779553,0.0610975,0.6836,0.7709,0.9164,0.08
u3676,0.014,-12.2279,-9.64293,10.9705,0.126373,-1.85632,-0.769117,0.6537,0.7634,0.9463,0.08
u3677,0.014,-4.63835,4.55476,-13.8766,0.133263,-1.83494,-0.00611094,0.7214,0.7803,0.8786,0.08
u3678,0.014,6.01295,4.94713,-0.750963,-0.390947,1.23504,0.729554,0.8578,0.8144,0.7422,0.08
u3679,0.014,-3.58258,-5.3378,-2.57152,-0.293151,-1.58146,1.3597,0.8741,0.8185,0.7259,0.08
u3680,0.014,8.87663,16.3788,-7.13808,0.430916,0.44191,0.476688,0.6373,0.7593,0.9627,0.08
u3681,0.014,5.19856,2.66412,-2.55854,0.391097,0.884605,0.31673,0.8841,0.821,0.7159,0.08
u3682,0.014,3.57528,-7.80195,5.48155,-0.178649,0.0471418,-0.480579,0.8148,0.8037,0.7852,0.08
u3683,0.014,-1.81159,1.71198,8.76504,0.205174,0.781678,0.564988,0.8343,0.8086,0.7657,0.08
u3684,0.014,13.9925,7.27181,2.01097,-0.426585,0.691317,0.531931,0.711,0.7777,0.889,0.08
u3685,0.014,-6.16543,18.0588,-4.72607,0.441947,-1.70465,-1.21029,0.6426,0.7606,0.9574,0.08
u3686,0.014,-4.77743,-7.80326,9.95406,0.217278,-0.0704128,-0.38377,0.7542,0.7885,0.8458,0.08
u3687,0.014,5.38239,-1.33129,-11.35,-0.0451137,1.06058,0.371972,0.7703,0.7926,0.8297,0.08
u3688,0.014,-0.280558,-0.958613,-10.7908,-0.688806,0.724819,0.0564419,0.803,0.8007,0.797,0.08
u3689,0.014,3.69773,-4.52002,-1.27489,-0.40656,1.23733,0.645906,0.8913,0.8228,0.7087,0.08
u3690,0.014,-13.8751,-13.2936,6.87797,-0.258565,0.157821,0.785965,0.6289,0.7572,0.9711,0.08
u3691,0.014,2.54707,-10.6574,-1.59225,1.36749,0.236125,0.546327,0.7987,0.7997,0.8013,0.08
u3692,0.014,-5.74327,-12.711,6.40044,2.39487,-0.835285,-0.266896,0.721,0.7802,0.879,0.08
u3693,0.014,-6.59371,0.0621744,5.73002,1.66038,-1.0724,0.246272,0.8412,0.8103,0.7588,0.08
u3694,0.014,-10.52,10.4697,0.206754,-2.60272,-1.3382,1.26683,0.7301,0.7825,0.8699,0.08
u3695,0.014,-7.02395,0.931968,3.62265,-0.87975,-0.292306,-0.0371234,0.8553,0.8138,0.7447,0.08
u3696,0.014,11.2807,10.5776,8.20435,-0.854527,-0.195543,0.309707,0.6817,0.7704,0.9183,0.08
u3697,0.014,-7.3028,-0.466959,-12.6081,1.07182,-0.0715917,0.166427,0.7349,0.7837,0.8651,0.08
u3698,0.014,-13.3383,9.2685,3.56058,-0.315493,-1.20492,-0.797709,0.6977,0.7744,0.9023,0.08
u3699,0.014,-14.9079,-2.42281,-10.884,-0.605407,-0.10604,-1.26912,0.6615,0.7654,0.9385,0.08
u3700,0.014,18.0756,1.43413,0.370563,0.126017,-0.784677,-0.787052,0.6703,0.7676,0.9297,0.08
u3701,0.014,2.43156,-1.55511,-6.43404,0.940293,-0.0321052,0.0354432,0.8718,0.8179,0.7282,0.08
u3702,0.014,-7.69517,-20.0458,1.52793,0.499783,0.898727,0.0208109,0.6086,0.7522,0.9914,0.08
u3703,0.014,7.32213,13.9203,9.82077,0.77379,-0.260006,0.531867,0.6629,0.7657,0.9371,0.08
u3704,0.014,-15.6214,-3.41987,1.41211,0.87129,0.120754,-0.895302,0.7081,0.777,0.8919,0.08
u3705,0.014,-1.30868,8.72551,0.0757736,-1.09699,-0.437812,-0.561715,0.8396,0.8099,0.7604,0.08
u3706,0.014,12.774,13.406,-2.65226,-1.3344,-0.703784,0.783142,0.6599,0.765,0.9401,0.08
u3707,0.014,6.5575,14.9107,1.40211,-1.71666,-1.21651,-0.0428976,0.7027,0.7757,0.8973,0.08
u3708,0.014,-6.13386,-13.9492,3.21537,0.131409,-0.727936,-1.53299,0.7168,0.7792,0.8832,0.08
u3709,0.014,-14.2304,6.19269,-6.7703,-0.476411,-0.0641775,-0.123254,0.6921,0.773,0.9079,0.08
u3710,0.014,-16.5028,10.2588,-5.02858,0.502674,-0.278602,-0.789455,0.6351,0.7588,0.9649,0.08
u3711,0.014,-17.1312,9.83738,-3.3243,-1.28452,-1.21786,0.840015,0.6358,0.7589,0.9642,0.08
u3712,0.014,12.0302,13.0833,-1.74298,-1.02261,-0.382451,0.350139,0.6753,0.7688,0.9247,0.08
u3713,0.014,4.027,-5.41167,-0.931234,0.207704,0.828003,0.780842,0.8762,0.819,0.7238,0.08
u3714,0.014,2.02538,8.03887,0.532756,-1.1213,-1.60422,0.430294,0.849,0.8122,0.751,0.08
u3715,0.014,4.74537,-5.6068,-11.1811,1.07915,-0.573893,-0.940442,0.7568,0.7892,0.8432,0.08
u3716,0.014,-0.994372,-8.5447,13.6284,1.73209,-0.851579,1.89435,0.707,0.7767,0.893,0.08
u3717,0.014,11.021,10.7218,-3.5793,-1.4486,1.26923,0.692996,0.713,0.7782,0.887,0.08
u3718,0.014,12.4765,-1.35083,-6.49894,0.550595,0.77444,0.92427,0.743,0.7858,0.857,0.08
u3719,0.014,12.5892,-13.8508,7.67987,-0.355377,1.89097,1.44978,0.6322,0.758,0.9678,0.08
u3720,0.014,-12.3642,15.7116,-4.35175,-0.360389,-0.216056,0.1485,0.628,0.757,0.972,0.08
u3721,0.014,-7.43383,5.38765,11.7951,-1.42192,1.31854,-1.23275,0.7282,0.7821,0.8718,0.08
u3722,0.014,5.89556,8.89457,-4.14723,-0.53193,1.09562,-0.931583,0.7918,0.798,0.8082,0.08
u3723,0.014,-11.7495,11.6773,3.14662,-0.640164,-0.337324,-1.04497,0.6934,0.7734,0.9066,0.08
u3724,0.014,7.33094,0.564478,0.575114,-0.786395,2.14751,0.281053,0.8659,0.8165,0.7341,0.08
u3725,0.014,-15.1422,-2.68944,9.46139,0.56118,-0.294713,1.06951,0.6717,0.7679,0.9283,0.08
u3726,0.014,12.9019,-9.5272,1.99001,0.185044,1.32077,-0.106063,0.7062,0.7765,0.8938,0.08
u3727,0.014,9.90464,-2.10425,-10.6329,0.584699,0.831155,-1.45067,0.733,0.7833,0.867,0.08
u3728,0.014,-17.132,4.41777,5.17601,0.554851,-1.61564,-0.595835,0.6648,0.7662,0.9352,0.08
u3729,0.014,-5.89325,16.0683,-8.72182,-0.626918,0.853854,0.210357,0.6507,0.7627,0.9493,0.08
u3730,0.014,5.56219,-2.62088,3.57774,0.629259,-0.314024,1.69592,0.8707,0.8177,0.7293,0.08
u3731,0.014,-1.01214,-3.07246,-12.1252,0.0622497,0.845901,-0.803108,0.7718,0.793,0.8282,0.08
u3732,0.014,16.5266,8.39191,4.46512,-0.0869292,0.290337,-0.756845,0.6534,0.7633,0.9466,0.08
u3733,0.014,6.28972,-12.6459,-3.52529,0.366506,1.28968,-0.275246,0.7353,0.7838,0.8647,0.08
u3734,0.014,7.38431,-19.6283,-3.76267,-0.544689,0.269669,-0.315762,0.6126,0.7532,0.9874,0.08
u3735,0.014,-12.0393,11.6562,1.03714,-1.28172,-1.32994,-0.238564,0.6947,0.7737,0.9053,0.08
u3736,0.014,-7.66626,-13.7989,0.469858,-0.616938,-0.13407,-0.874488,0.7129,0.7782,0.8871,0.08
u3737,0.014,2.67856,13.0233,-10.8048,-0.36408,-0.0572789,-0.0349265,0.6885,0.7721,0.9115,0.08
u3738,0.014,3.88344,7.54715,6.35387,-1.10159,0.457278,1.39642,0.8072,0.8018,0.7928,0.08
u3739,0.014,7.08323,-10.6526,9.96096,-1.50619,-0.0692184,-1.14293,0.7052,0.7763,0.8948,0.08
u3740,0.014,-7.70626,15.2415,4.15631,-0.08007,1.16374,-1.01203,0.6804,0.7701,0.9196,0.08
u3741,0.014,19.6952,2.64619,5.92573,-1.20706,1.17974,0.374597,0.623,0.7557,0.977,0.08
u3742,0.014,-2.92115,5.30241,4.47292,-0.0467184,-0.512732,0.155673,0.8631,0.8158,0.7369,0.08
u3743,0.014,-0.869519,-18.7018,7.97795,0.52234,0.295115,1.60885,0.63,0.7575,0.97,0.08
u3744,0.014,11.7602,-5.1419,-1.07132,-0.322131,-0.284759,1.3076,0.7658,0.7915,0.8342,0.08
u3745,0.014,-3.16835,18.9009,7.15779,-0.442903,0.64429,0.319312,0.628,0.757,0.972,0.08
u3746,0.014,8.70072,-17.7207,-6.80071,0.74013,1.34851,0.554921,0.6204,0.7551,0.9796,0.08
u3747,0.014,0.710929,2.86681,8.40543,-0.0768295,0.249151,0.555297,0.838,0.8095,0.762,0.08
u3748,0.014,-2.0013,10.5018,12.0188,-1.24876,0.211915,-0.235026,0.7075,0.7769,0.8925,0.08
u3749,0.014,2.16323,-16.1372,10.624,0.408014,-0.76686,0.936455,0.6465,0.7616,0.9535,0.08
u3750,0.014,-7.57051,5.98586,-0.933184,-1.88601,-0.76186,-0.305283,0.8237,0.8059,0.7763,0.08
u3751,0.014,-3.96095,0.0264786,-5.81282,-2.01915,1.66778,0.319458,0.8721,0.818,0.7279,0.08
u3752,0.014,11.238,0.472012,11.4795,-1.98994,1.37133,1.02188,0.7078,0.7769,0.8922,0.08
u3753,0.014,5.25841,-0.367567,5.47427,-1.34974,-0.697788,0.463846,0.8618,0.8155,0.7382,0.08
u3754,0.014,-14.0612,5.81414,3.11445,-0.311669,-0.0843264,0.401894,0.7176,0.7794,0.8824,0.08
u3755,0.014,-1.63262,8.57355,-6.30504,-1.57671,-1.58995,0.441851,0.8042,0.8011,0.7958,0.08
u3756,0.014,-10.4618,4.22787,7.24358,-0.265281,-1.04356,0.000579468,0.7562,0.7891,0.8438,0.08
u3757,0.014,13.9282,-1.13106,12.4889,-0.230308,0.978914,-1.18734,0.6592,0.7648,0.9408,0.08
u3758,0.014,-11.0032,-4.02213,3.83233,1.11509,-0.159123,0.386697,0.7759,0.794,0.8241,0.08
u3759,0.014,9.32118,1.74601,6.43741,-1.81541,0.514758,-0.941316,0.7916,0.7979,0.8084,0.08
u3760,0.014,8.71094,-10.8672,-6.07447,1.59036,-0.553194,0.246631,0.7237,0.7809,0.8763,0.08
u3761,0.014,3.00367,-6.06035,6.14684,-0.0598614,0.345326,-0.822452,0.8338,0.8085,0.7662,0.08
u3762,0.014,0.544907,10.9419,5.04059,0.476813,-0.554808,-0.438332,0.7807,0.7952,0.8193,0.08
u3763,0.014,-8.43476,-1.85453,-1.80515,1.49311,0.0947997,0.836373,0.8396,0.8099,0.7604,0.08
u3764,0.014,11.2376,2.80237,-4.78454,-0.457747,0.507179,1.85053,0.7722,0.793,0.8278,0.08
u3765,0.014,-13.1639,-1.60865,11.9354,0.619432,0.838833,-0.579166,0.6756,0.7689,0.9244,0.08
u3766,0.014,14.668,8.37542,-10.1245,-1.60443,1.10066,0.689009,0.642,0.7605,0.958,0.08
u3767,0.014,8.56357,-6.73416,-14.2552,-0.506556,0.253377,0.639086,0.6738,0.7684,0.9262,0.08
u3768,0.014,7.22986,-0.225257,13.9511,-1.4638,1.04952,0.736171,0.7143,0.7786,0.8857,0.08
u3769,0.014,11.9933,7.99323,-5.80267,0.415722,1.7032,-0.140292,0.7175,0.7794,0.8825,0.08
u3770,0.014,-6.00683,-8.00245,5.22327,0.0543251,-1.16643,0.0807102,0.7948,0.7987,0.8052,0.08
u3771,0.014,-5.78399,8.46073,13.4949,-1.06542,-1.3971,0.733705,0.6919,0.773,0.9081,0.08
u3772,0.014,-4.11524,9.47163,-12.1777,-0.951774,0.261046,-0.160505,0.7097,0.7774,0.8903,0.08
u3773,0.014,2.10467,-1.33979,14.9445,0.197983,0.558809,-1.52639,0.7245,0.7811,0.8755,0.08
u3774,0.014,0.988174,11.8058,-10.5166,-0.542038,0.553243,-0.266693,0.712,0.778,0.888,0.08
u3775,0.014,13.5528,-14.5142,1.39152,0.635936,0.648582,-0.688861,0.6381,0.7595,0.9619,0.08
u3776,0.014,1.1922,-7.40027,0.210015,-0.766435,-0.833616,0.0316058,0.8637,0.8159,0.7363,0.08
u3777,0.014,5.43367,7.53475,10.3194,0.0770697,0.45479,1.34305,0.7475,0.7869,0.8525,0.08
u3778,0.014,8.40929,12.2735,-2.76213,0.313036,-0.573656,-0.178507,0.7249,0.7812,0.8751,0.08
u3779,0.014,-10.6389,15.6853,-6.29547,0.0335685,-0.350156,-1.98613,0.6369,0.7592,0.9631,0.08
u3780,0.014,-9.18762,17.5434,-3.14407,-0.718154,0.381202,-0.710849,0.6354,0.7589,0.9646,0.08
u3781,0.014,-4.99014,11.1678,11.3298,-1.69874,-0.531662,0.0226,0.6969,0.7742,0.9031,0.08
u3782,0.014,-3.2698,16.4398,-3.47636,-1.72937,0.71342,-1.28054,0.6888,0.7722,0.9112,0.08
u3783,0.014,1.55576,-7.65751,3.08523,0.390172,0.52245,0.0178883,0.8473,0.8118,0.7527,0.08
u3784,0.014,2.60322,3.5861,4.20173,1.43881,0.686085,-0.894912,0.889,0.8222,0.711,0.08
u3785,0.014,19.3809,-2.43425,-1.25621,0.113976,1.91601,1.28643,0.6441,0.761,0.9559,0.08
u3786,0.014,-2.42029,-9.72926,-6.10155,1.32637,-1.11115,0.512913,0.7866,0.7967,0.8134,0.08
u3787,0.014,1.28565,12.6996,-5.8539,-2.84257,0.0253567,0.308294,0.7447,0.7862,0.8553,0.08
u3788,0.014,-9.18675,-4.88934,-14.2716,1.41895,-1.36114,-1.81501,0.6789,0.7697,0.9211,0.08
u3789,0.014,3.74164,0.226248,11.8169,-1.07815,-0.147874,-1.45446,0.7746,0.7936,0.8254,0.08
u3790,0.014,-2.77075,1.81613,12.4241,0.770718,-0.479858,0.00996574,0.7662,0.7916,0.8338,0.08
u3791,0.014,-7.64959,-17.9696,2.80573,1.37379,-0.928137,0.347793,0.6413,0.7603,0.9587,0.08
u3792,0.014,-5.10713,-15.6813,-4.22419,1.75349,-0.781841,-0.307367,0.6905,0.7726,0.9095,0.08
u3793,0.014,10.8894,10.0099,11.9882,-1.06095,0.611908,0.762221,0.6538,0.7635,0.9462,0.08
u3794,0.014,8.48704,-14.7273,-7.18979,0.590825,1.30218,1.33135,0.6644,0.7661,0.9356,0.08
u3795,0.014,8.93314,3.19822,8.029,0.707722,1.38194,-1.15522,0.774,0.7935,0.826,0.08
u3796,0.014,-17.9711,4.94422,7.11672,-1.18518,-1.39332,-1.29387,0.6372,0.7593,0.9628,0.08
u3797,0.014,-0.898439,-6.02422,-14.6216,2.88089,0.086333,0.920024,0.712,0.778,0.888,0.08
u3798,0.014,11.1004,-13.0768,4.82293,0.810868,0.847573,0.615963,0.676,0.769,0.924,0.08
u3799,0.014,19.4976,1.12616,3.39888,0.999434,1.63739,0.344695,0.6396,0.7599,0.9604,0.08
u3800,0.014,-18.4482,6.70821,4.1275,-0.252886,0.550358,-0.542868,0.6353,0.7588,0.9647,0.08
u3801,0.014,6.59482,13.9374,9.87333,-0.881756,-0.616249,-0.601856,0.6671,0.7668,0.9329,0.08
u3802,0.014,20.4291,-6.21818,-1.28471,-1.83277,1.49253,-1.37128,0.611,0.7528,0.989,0.08
u3803,0.014,-8.44704,-15.9324,-0.7009,2.32915,0.304764,-0.148845,0.6719,0.768,0.9281,0.08
u3804,0.014,-5.04852,3.71366,6.40689,0.0216461,0.31288,1.10459,0.837,0.8093,0.763,0.08
u3805,0.014,-6.11517,9.42019,-12.0405,-0.323058,-0.801465,0.489137,0.7006,0.7752,0.8994,0.08
u3806,0.014,-4.75028,-13.0835,-4.91298,0.102273,1.07184,0.378954,0.7316,0.7829,0.8684,0.08
u3807,0.014,6.87417,-11.2584,-11.8906,0.103402,1.00538,2.32868,0.6771,0.7693,0.9229,0.08
u3808,0.014,14.5577,-1.34756,6.20989,0.56458,0.926305,1.91349,0.7112,0.7778,0.8888,0.08
u3809,0.014,10.616,-5.701,4.35869,-0.309941,0.517904,-0.476817,0.767,0.7918,0.833,0.08
u3810,0.014,10.1574,0.324367,2.79678,0.11717,1.09382,1.15874,0.8084,0.8021,0.7916,0.08
u3811,0.014,-19.2183,0.715998,4.92251,0.313235,0.0489646,0.593192,0.6391,0.7598,0.9609,0.08
u3812,0.014,14.1995,0.447067,2.04235,-1.5833,1.7644,-0.131508,0.739,0.7848,0.861,0.08
u3813,0.014,2.00643,-10.2975,-9.77037,-0.644573,-1.06706,2.57967,0.7393,0.7848,0.8607,0.08
u3814,0.014,0.241512,2.68654,-4.54272,-2.60238,-0.665716,-1.1658,0.9039,0.826,0.6961,0.08
u3815,0.014,-4.05438,-0.222845,-14.8013,0.374867,-0.368878,0.852323,0.7209,0.7802,0.8791,0.08
u3816,0.014,9.75237,-10.0411,-7.47963,-0.216991,-1.37279,-1.09617,0.7114,0.7779,0.8886,0.08
u3817,0.014,-1.24087,16.7512,2.53482,-1.50124,0.577835,-1.69806,0.6911,0.7728,0.9089,0.08
u3818,0.014,-4.97789,3.36918,9.09051,0.442374,-1.6833,0.456631,0.8019,0.8005,0.7981,0.08
u3819,0.014,11.1933,-7.22183,4.05342,1.53079,-0.0416588,0.77707,0.7468,0.7867,0.8532,0.08
u3820,0.014,-3.67048,1.09173,14.7648,-0.266408,1.24444,0.526625,0.7227,0.7807,0.8773,0.08
u3821,0.014,-10.9055,-7.02312,-7.35192,-0.529381,-0.514765,0.915499,0.7289,0.7822,0.8711,0.08
u3822,0.014,13.9418,15.0832,5.0133,-0.373204,1.48279,0.1536,0.6156,0.7539,0.9844,0.08
u3823,0.014,-2.42265,0.299074,-14.178,0.734214,0.566832,-0.372203,0.7384,0.7846,0.8616,0.08
u3824,0.014,14.6205,4.09808,-3.03658,0.898322,1.42852,-0.30084,0.7185,0.7796,0.8815,0.08
u3825,0.014,-5.58101,7.36678,14.3334,0.440783,0.906548,0.461272,0.6899,0.7725,0.9101,0.08
u3826,0.014,13.2378,9.33823,-0.970388,-0.245991,0.758281,0.477493,0.7049,0.7762,0.8951,0.08
u3827,0.014,14.3553,-7.06659,11.1827,0.792903,0.633506,-0.0673857,0.6451,0.7613,0.9549,0.08
u3828,0.014,13.3167,-6.06222,3.15324,0.130967,1.23624,1.34742,0.7279,0.782,0.8721,0.08
u3829,0.014,1.49959,13.7183,-7.00506,-0.549828,-0.643143,-1.1008,0.7186,0.7797,0.8814,0.08
u3830,0.014,-4.62428,11.5451,1.09319,-1.33092,-0.218943,-0.0114714,0.773,0.7933,0.827,0.08
u3831,0.014,1.02352,-16.2808,4.99562,-0.0579477,0.372561,-1.07807,0.6898,0.7725,0.9102,0.08
u3832,0.014,7.8873,5.95421,13.5736,-1.13439,-0.0541768,0.566425,0.6947,0.7737,0.9053,0.08
u3833,0.014,12.5995,-12.2869,-4.77906,0.413323,-0.58368,-1.09913,0.6684,0.7671,0.9316,0.08
u3834,0.014,-20.4585,-1.39061,-2.51539,0.30283,-1.64453,0.653817,0.6244,0.7561,0.9756,0.08
u3835,0.014,2.93166,8.01075,-14.7284,1.40892,-0.620186,1.2507,0.6905,0.7726,0.9095,0.08
u3836,0.014,0.911752,-7.92601,12.2155,-0.91,1.2684,0.0907495,0.7347,0.7837,0.8653,0.08
u3837,0.014,-2.42273,20.1007,0.66594,-0.701046,-0.628418,-1.78676,0.6317,0.7579,0.9683,0.08
u3838,0.014,-1.33377,0.631054,1.58451,-1.92434,0.989858,-0.477598,0.9606,0.8402,0.6394,0.08
u3839,0.014,-14.7529,-12.0183,-6.48737,1.11746,0.110539,0.476267,0.6345,0.7586,0.9655,0.08
u3840,0.014,-2.64784,-10.7304,1.64093,1.43207,0.308004,0.619294,0.7968,0.7992,0.8032,0.08
u3841,0.014,3.95724,1.13138,7.9227,-0.750237,-0.220866,-0.16939,0.8377,0.8094,0.7623,0.08
u3842,0.014,-3.74207,-12.3673,-9.57248,-0.0906251,-0.696336,-0.934071,0.7076,0.7769,0.8924,0.08
u3843,0.014,1.40781,8.46794,0.946241,0.543745,-0.844219,-1.06389,0.843,0.8107,0.757,0.08
u3844,0.014,14.8637,-9.43554,-1.29191,0.00715962,1.95175,0.13967,0.679,0.7698,0.921,0.08
u3845,0.014,-10.3785,7.66613,-1.47465,-0.909484,-0.155968,-0.198282,0.7639,0.791,0.8361,0.08
u3846,0.014,8.27386,14.0367,1.31765,-1.13164,0.581739,0.330816,0.7028,0.7757,0.8972,0.08
u3847,0.014,14.553,-2.68686,2.9406,0.976607,-0.0151035,-0.497056,0.7257,0.7814,0.8743,0.08
u3848,0.014,-4.62881,-13.4351,-8.46295,-0.892584,-0.907183,0.82283,0.6993,0.7748,0.9007,0.08
u3849,0.014,-16.3858,0.252587,-1.59198,-0.178735,-0.751774,-1.98724,0.7006,0.7752,0.8994,0.08
u3850,0.014,-0.603185,8.62642,0.596045,-1.71194,0.301699,0.983049,0.8424,0.8106,0.7576,0.08
u3851,0.014,8.23444,3.18138,10.6479,0.291495,-0.0655154,-0.216651,0.7485,0.7871,0.8515,0.08
u3852,0.014,15.482,-0.267963,0.62859,1.58093,1.2174,-1.25256,0.7182,0.7796,0.8818,0.08
u3853,0.014,1.47565,4.36528,-10.463,-0.121909,1.29066,0.125426,0.7921,0.798,0.8079,0.08
u3854,0.014,10.0727,0.50836,-8.76065,0.58802,0.424237,0.122551,0.7571,0.7893,0.8429,0.08
u3855,0.014,-9.65909,0.31241,-10.1995,0.0418603,-1.6347,-0.934584,0.7445,0.7861,0.8555,0.08
u3856,0.014,12.1163,-0.800826,12.3695,0.807572,0.24191,1.00766,0.6848,0.7712,0.9152,0.08
u3857,0.014,-5.19397,10.4099,12.0284,-1.42366,0.0618962,-0.60154,0.6957,0.7739,0.9043,0.08
u3858,0.014,11.0893,17.3608,2.57803,-0.947659,1.25473,0.434518,0.6225,0.7556,0.9775,0.08
u3859,0.014,13.1122,-12.2813,-1.55886,0.653867,2.84104,-0.339585,0.6721,0.768,0.9279,0.08
u3860,0.014,7.75268,7.01497,-14.5154,0.949005,1.67441,-1.81074,0.6747,0.7687,0.9253,0.08
u3861,0.014,7.04012,4.73187,1.16952,0.205389,1.40539,-1.15952,0.8443,0.8111,0.7557,0.08
u3862,0.014,12.4279,12.9397,-3.19975,-0.576804,-0.0792785,0.215147,0.6686,0.7672,0.9314,0.08
u3863,0.014,-7.18851,5.60329,-6.11037,0.961513,0.110016,-0.191513,0.8005,0.8001,0.7995,0.08
u3864,0.014,15.6261,13.058,5.92657,-0.847798,0.612793,-0.388455,0.6144,0.7536,0.9856,0.08
u3865,0.014,-13.9088,-10.1607,5.01372,0.870157,-0.575178,1.18285,0.6738,0.7685,0.9262,0.08
u3866,0.014,10.0791,-13.6069,1.13763,0.924459,0.331184,-0.116355,0.6914,0.7729,0.9086,0.08
u3867,0.014,-6.06898,-5.88637,-2.01913,0.275851,-0.755085,-0.267891,0.842,0.8105,0.758,0.08
u3868,0.014,9.13419,1.33025,5.2164,0.153814,-0.19537,-0.553741,0.8072,0.8018,0.7928,0.08
u3869,0.014,-17.5553,0.517968,-6.01426,-1.23106,-0.804072,-0.260123,0.6625,0.7656,0.9375,0.08
u3870,0.014,10.5367,9.73402,8.36723,0.280153,1.28842,-0.291933,0.6981,0.7745,0.9019,0.08
u3871,0.014,9.53603,-8.15343,12.775,0.0786945,0.0708601,-0.0192801,0.6744,0.7686,0.9256,0.08
u3872,0.014,19.2068,5.17472,-3.54541,0.795854,1.69496,1.33623,0.6326,0.7582,0.9674,0.08
u3873,0.014,3.55215,-12.1588,-11.8156,1.41072,0.806096,0.405377,0.685,0.7713,0.915,0.08
u3874,0.014,7.12891,-18.0927,-6.82116,0.574647,-0.145988,-0.188456,0.6253,0.7563,0.9747,0.08
u3875,0.014,6.71368,6.4972,6.19348,0.0423855,1.53059,1.14272,0.7962,0.799,0.8038,0.08
u3876,0.014,-1.39376,4.68129,1.23176,0.485823,0.36875,0.39068,0.9084,0.8271,0.6916,0.08
u3877,0.014,-12.8038,-16.9853,-2.14472,0.929655,-0.91675,0.0906154,0.6113,0.7528,0.9887,0.08
u3878,0.014,-20.8722,2.0714,4.35194,-0.256109,-1.59717,0.048796,0.6105,0.7526,0.9895,0.08
u3879,0.014,8.34227,2.77698,-9.749,-0.606844,-0.343156,0.221535,0.7613,0.7903,0.8387,0.08
u3880,0.014,8.25714,-1.57002,7.15352,0.721397,-0.172635,0.30298,0.7993,0.7998,0.8007,0.08
u3881,0.014,17.1729,-8.32879,-7.55513,0.323089,1.48117,0.0711179,0.6268,0.7567,0.9732,0.08
u3882,0.014,-6.68115,3.36702,-12.1902,0.0123322,-0.945197,-0.0125599,0.7399,0.785,0.8601,0.08
u3883,0.014,5.72557,-1.99714,-15.0642,-0.613277,0.220674,-0.13135,0.7047,0.7762,0.8953,0.08
u3884,0.014,2.47048,16.1317,0.315845,0.720654,-0.228806,0.50889,0.7032,0.7758,0.8968,0.08
u3885,0.014,1.89705,-6.83607,-15.0117,-0.608986,0.94066,0.0742817,0.6981,0.7745,0.9019,0.08
u3886,0.014,0.87443,-10.7502,6.13817,1.75528,0.920596,-0.0042175,0.7744,0.7936,0.8256,0.08
u3887,0.014,-6.93207,1.79062,0.605911,-0.531711,-0.470938,-0.110314,0.8694,0.8173,0.7306,0.08
u3888,0.014,4.83323,-13.8234,-2.01718,2.35401,0.959178,0.752304,0.7312,0.7828,0.8688,0.08
u3889,0.014,10.6634,-8.75097,9.10253,0.337081,-0.157702,-1.43832,0.6995,0.7749,0.9005,0.08
u3890,0.014,0.582031,-8.20086,-8.45373,0.0382336,2.9847,0.161215,0.7856,0.7964,0.8144,0.08
u3891,0.014,-3.63016,-2.03698,0.326123,1.13646,-0.0515629,0.394228,0.9241,0.831,0.6759,0.08
u3892,0.014,6.27723,-4.39578,-5.34528,-2.10983,-0.0250708,-0.0140166,0.8301,0.8075,0.7699,0.08
u3893,0.014,1.63297,-6.24108,-4.73689,0.593185,-0.506776,-0.528417,0.8545,0.8136,0.7455,0.08
u3894,0.014,3.69289,-1.28424,-8.0169,0.111242,1.3254,-0.125201,0.8378,0.8095,0.7622,0.08
u3895,0.014,7.41318,7.22226,12.1062,-0.190115,0.0189682,-1.2391,0.7104,0.7776,0.8896,0.08
u3896,0.014,10.2079,12.9589,8.41283,0.129516,0.614807,-0.282094,0.6633,0.7658,0.9367,0.08
u3897,0.014,4.51399,-13.9666,0.867997,1.31843,0.572419,0.165944,0.7327,0.7832,0.8673,0.08
u3898,0.014,-2.08005,8.66188,11.6625,0.547489,-0.582321,1.49993,0.7332,0.7833,0.8668,0.08
u3899,0.014,-13.9153,0.601032,-11.8586,-1.06854,-1.21312,-0.566062,0.6674,0.7669,0.9326,0.08
u3900,0.014,0.0411906,-1.80187,12.3153,1.23652,1.69128,1.4594,0.7737,0.7934,0.8263,0.08
u3901,0.014,14.3342,-3.94531,-9.25482,-0.761409,1.42837,-0.921446,0.6816,0.7704,0.9184,0.08
u3902,0.014,1.38424,7.65497,6.93529,0.41564,0.435291,-1.50588,0.8105,0.8026,0.7895,0.08
u3903,0.014,9.72858,-7.19728,11.1063,-0.0798198,0.545507,-0.768349,0.7014,0.7753,0.8986,0.08
u3904,0.014,4.00713,16.5217,-3.92229,-0.839264,0.599229,1.99557,0.6828,0.7707,0.9172,0.08
u3905,0.014,-5.45586,14.467,11.1607,0.408786,-1.63326,1.11548,0.6533,0.7633,0.9467,0.08
u3906,0.014,7.9183,14.1003,10.3135,-0.404778,1.45803,0.234552,0.6513,0.7628,0.9487,0.08
u3907,0.014,-4.55689,-9.00595,-1.37113,0.222202,0.393707,-0.484072,0.8148,0.8037,0.7852,0.08
u3908,0.014,0.19531,9.76362,11.0228,-0.854312,0.326637,0.0490691,0.7322,0.7831,0.8678,0.08
u3909,0.014,-10.4698,-17.5358,-3.53006,-0.776415,0.0728696,-1.62698,0.6232,0.7558,0.9768,0.08
u3910,0.014,18.4948,-5.98605,6.18648,0.323002,-0.839832,-0.112606,0.6291,0.7573,0.9709,0.08
u3911,0.014,-12.6444,-5.15495,-5.2698,0.345665,-1.3586,0.569167,0.7339,0.7835,0.8661,0.08
u3912,0.014,-1.7784,-4.83367,-9.05936,0.648055,-0.44157,0.927463,0.8105,0.8026,0.7895,0.08
u3913,0.014,-3.38381,18.3685,0.107044,-1.70001,-0.481013,0.701312,0.6604,0.7651,0.9396,0.08
u3914,0.014,4.33361,-9.48498,-1.73784,0.24755,1.17308,0.275154,0.8078,0.8019,0.7922,0.08
u3915,0.014,-12.5524,10.8465,-5.45206,0.701513,-0.109722,1.8477,0.6825,0.7706,0.9175,0.08
u3916,0.014,7.58865,13.5225,5.39706,0.306782,-0.155627,0.88513,0.7015,0.7754,0.8985,0.08
u3917,0.014,6.05086,5.61713,-3.53884,-1.0553,-0.405569,-0.0508274,0.8367,0.8092,0.7633,0.08
u3918,0.014,-8.73329,12.6909,-0.197839,0.357313,-0.411058,1.57893,0.7199,0.78,0.8801,0.08
u3919,0.014,-13.0811,-14.5664,-7.15757,0.314792,-1.53483,-0.205607,0.621,0.7552,0.979,0.08
u3920,0.014,-3.95551,10.9025,-5.39124,-1.40749,0.159992,0.28229,0.7675,0.7919,0.8325,0.08
u3921,0.014,-0.502442,-15.0145,5.95993,0.774733,0.0669596,-1.90271,0.7061,0.7765,0.8939,0.08
u3922,0.014,7.316,-3.80537,7.0122,-1.49796,1.42116,-0.857602,0.8032,0.8008,0.7968,0.08
u3923,0.014,-1.33808,-16.799,-8.0801,1.08967,0.321855,-0.291922,0.6602,0.765,0.9398,0.08
u3924,0.014,3.61401,-10.7723,14.1033,0.48165,-0.323362,-0.417527,0.6707,0.7677,0.9293,0.08
u3925,0.014,-18.1569,-3.05876,1.25457,-0.880084,-0.204896,-0.474998,0.6644,0.7661,0.9356,0.08
u3926,0.014,-8.74486,1.11375,-14.0878,-1.64898,-1.30398,-0.643483,0.6978,0.7745,0.9022,0.08
u3927,0.014,0.56457,-18.876,2.04374,1.98518,0.369843,1.13644,0.6546,0.7637,0.9454,0.08
u3928,0.014,-11.4839,-16.9017,-3.50625,0.0404605,-0.119779,-0.833942,0.623,0.7558,0.977,0.08
u3929,0.014,1.89588,-5.03917,-3.38856,1.57077,-0.335065,0.303848,0.8843,0.8211,0.7157,0.08
u3930,0.014,-3.6655,3.16806,-14.4039,-0.0882873,-0.303682,-1.76285,0.7237,0.7809,0.8763,0.08
u3931,0.014,-2.60091,-6.22701,-3.79801,-0.16137,-1.27758,-0.414102,0.8592,0.8148,0.7408,0.08
u3932,0.014,11.871,-17.7026,-3.67358,-0.0262314,1.33187,0.376048,0.6068,0.7517,0.9932,0.08
u3933,0.014,13.1834,-4.51562,-5.68,0.200214,0.141171,-0.0894567,0.7264,0.7816,0.8736,0.08
u3934,0.014,0.657085,-21.1262,2.0429,2.69653,0.0954075,-0.643056,0.6139,0.7535,0.9861,0.08
u3935,0.014,16.2528,3.63767,6.90063,-0.100191,-0.179599,0.097564,0.6722,0.7681,0.9278,0.08
u3936,0.014,-14.5525,11.5804,-8.45373,-2.107,-0.361318,-1.09176,0.6286,0.7571,0.9714,0.08
u3937,0.014,-15.7394,2.99547,-8.91197,-0.423666,-1.49057,-1.22341,0.6667,0.7667,0.9333,0.08
u3938,0.014,14.4619,8.19603,-5.39047,1.14308,-0.157701,0.835543,0.6823,0.7706,0.9177,0.08
u3939,0.014,-6.95536,10.3223,13.4251,-1.32903,-0.270723,0.284972,0.6671,0.7668,0.9329,0.08
u3940,0.014,-16.5081,10.8508,-5.86134,-1.68605,0.0125573,-0.455516,0.6253,0.7563,0.9747,0.08
u3941,0.014,-2.4107,0.774896,10.8899,-1.4461,-0.92684,0.87894,0.7967,0.7992,0.8033,0.08
u3942,0.014,-3.31758,-2.87944,-14.949,0.920215,0.471345,0.474588,0.7167,0.7792,0.8833,0.08
u3943,0.014,-2.73411,3.75688,-8.95687,0.0820098,0.642244,0.492041,0.8165,0.8041,0.7835,0.08
u3944,0.014,2.6348,-6.50904,1.68017,0.336611,1.21915,-0.602287,0.8687,0.8172,0.7313,0.08
u3945,0.014,-3.1501,4.81417,-9.86174,-0.926135,-0.393921,0.478136,0.7924,0.7981,0.8076,0.08
u3946,0.014,-5.736,-2.33951,9.05562,0.933271,1.25098,-0.31635,0.8005,0.8001,0.7995,0.08
u3947,0.014,-3.30814,-5.2847,-10.3306,0.916432,-1.25708,-0.914285,0.7806,0.7952,0.8194,0.08
u3948,0.014,12.6714,7.20277,-1.68149,0.026732,1.14805,-1.21278,0.7332,0.7833,0.8668,0.08
u3949,0.014,7.72892,-19.7952,-3.35611,1.88659,0.15592,-0.142715,0.6088,0.7522,0.9912,0.08
u3950,0.014,-5.03212,2.16253,-2.10672,-0.317967,0.302262,2.02135,0.8933,0.8233,0.7067,0.08
u3951,0.014,3.78867,-12.0614,-4.48888,-0.657241,-0.348566,-0.803055,0.7561,0.789,0.8439,0.08
u3952,0.014,7.59514,15.1362,6.11116,-0.66042,0.902005,1.73471,0.6727,0.7682,0.9273,0.08
u3953,0.014,-0.131899,-3.19994,-7.1567,0.401259,0.314887,2.39764,0.8574,0.8144,0.7426,0.08
u3954,0.014,1.86942,-3.91277,15.7943,0.266641,0.286448,-0.105545,0.7022,0.7756,0.8978,0.08
u3955,0.014,-16.3709,-4.38462,0.251434,-0.428377,-1.88223,-0.860386,0.6918,0.773,0.9082,0.08
u3956,0.014,10.8163,-9.91967,-6.86883,1.21155,0.301862,0.37594,0.7054,0.7763,0.8946,0.08
u3957,0.014,-18.6227,-3.0447,7.24563,0.09203,-1.06739,-1.09849,0.6325,0.7581,0.9675,0.08
u3958,0.014,-11.1595,-5.39137,1.66363,-0.319779,-0.68249,1.35287,0.7726,0.7932,0.8274,0.08
u3959,0.014,1.36258,5.09264,-14.7029,-0.496416,1.02074,0.158695,0.716,0.779,0.884,0.08
u3960,0.014,-1.23875,-11.4373,0.167263,-0.339582,0.219057,0.928277,0.7908,0.7977,0.8092,0.08
u3961,0.014,-10.1749,0.333236,-5.22514,-1.34328,-2.13354,-0.252838,0.7919,0.798,0.8081,0.08
u3962,0.014,-5.63124,-2.15783,-7.17824,1.24184,-1.1152,0.122331,0.8295,0.8074,0.7705,0.08
u3963,0.014,2.55225,-5.8422,0.391872,-0.323569,1.24671,-0.36032,0.8839,0.821,0.7161,0.08
u3964,0.014,8.18575,-1.96926,9.93651,-0.286,-0.101628,-0.993488,0.7632,0.7908,0.8368,0.08
u3965,0.014,-3.27474,-19.8206,1.17797,0.954532,-0.0426477,-0.92773,0.6341,0.7585,0.9659,0.08
u3966,0.014,-11.9092,8.93881,2.96801,0.515533,-1.64491,-1.34666,0.7239,0.781,0.8761,0.08
u3967,0.014,11.3206,-10.9069,-0.690299,0.98695,0.0637715,-0.330142,0.7139,0.7785,0.8861,0.08
u3968,0.014,3.73044,18.742,4.35339,-1.20821,-0.336192,0.104584,0.6437,0.7609,0.9563,0.08
u3969,0.014,17.5079,-11.8225,-1.85734,-0.58405,1.1952,-0.172377,0.6144,0.7536,0.9856,0.08
u3970,0.014,-8.3586,-6.68684,-12.1726,0.81886,0.450442,1.03065,0.7053,0.7763,0.8947,0.08
u3971,0.014,-7.64052,-14.3923,4.97715,0.366824,-0.732739,-0.167373,0.6902,0.7726,0.9098,0.08
u3972,0.014,9.33659,-6.75107,12.831,-0.424717,1.13079,0.476284,0.6865,0.7716,0.9135,0.08
u3973,0.014,15.2067,-5.09644,7.69611,-0.995888,1.14454,0.149168,0.6766,0.7691,0.9234,0.08
u3974,0.014,-0.0452881,2.27299,-1.5651,-0.871005,1.82705,-0.19974,0.9498,0.8375,0.6502,0.08
u3975,0.014,-7.61639,-3.89953,12.5303,-0.165836,-0.836147,0.27516,0.7241,0.781,0.8759,0.08
u3976,0.014,10.3155,6.07703,-0.233923,-0.376614,-0.219827,0.103288,0.7823,0.7956,0.8177,0.08
u3977,0.014,-5.12392,-4.79207,13.2501,1.19444,-1.55926,0.644246,0.7274,0.7819,0.8726,0.08
u3978,0.014,6.08865,9.54469,-7.34979,-0.811362,0.183915,0.695998,0.7546,0.7886,0.8454,0.08
u3979,0.014,3.43086,0.316032,12.7761,-0.670976,1.2019,-0.75498,0.7594,0.7899,0.8406,0.08
u3980,0.014,4.15084,0.558627,6.28738,-0.890047,0.318271,0.988852,0.8626,0.8157,0.7374,0.08
u3981,0.014,16.4036,1.45937,4.33433,1.13738,-1.00169,-0.128478,0.6904,0.7726,0.9096,0.08
u3982,0.014,-0.661267,-20.7841,3.04294,1.57013,0.00115066,0.171876,0.6179,0.7545,0.9821,0.08
u3983,0.014,-0.46489,-8.11209,1.33198,1.54342,-0.110444,-0.367812,0.8503,0.8126,0.7497,0.08
u3984,0.014,-3.2554,-6.86693,-3.61181,0.299595,-1.75924,0.51517,0.847,0.8118,0.753,0.08
u3985,0.014,4.13246,-4.33157,4.97285,-0.520623,1.02896,-0.572169,0.8585,0.8146,0.7415,0.08
u3986,0.014,-11.8575,9.45656,9.00419,0.689549,-1.07158,0.428795,0.6793,0.7698,0.9207,0.08
u3987,0.014,6.2094,14.1261,5.54895,-0.628331,0.770585,-0.387397,0.7019,0.7755,0.8981,0.08
u3988,0.014,7.11448,17.4929,1.39199,-1.52193,0.0918085,-0.514225,0.6557,0.7639,0.9443,0.08
u3989,0.014,0.39917,-8.13802,14.2544,-0.201647,-0.382475,1.56251,0.7015,0.7754,0.8985,0.08
u3990,0.014,-8.82004,11.4988,4.24153,-0.129322,-0.696724,-1.89913,0.7255,0.7814,0.8745,0.08
u3991,0.014,7.46821,-2.92691,-6.07753,0.206384,0.38558,-0.854239,0.817,0.8043,0.783,0.08
u3992,0.014,0.899805,4.43115,-6.62576,-0.475032,1.10039,2.0036,0.8542,0.8135,0.7458,0.08
u3993,0.014,-11.72,4.84814,-12.8981,0.545218,-0.251686,-0.103689,0.6711,0.7678,0.9289,0.08
u3994,0.014,-1.03357,7.39345,-2.37593,0.780308,-0.637253,-0.373309,0.8576,0.8144,0.7424,0.08
u3995,0.014,-14.62,12.745,-6.1667,-2.17164,-1.20619,-0.8866,0.63,0.7575,0.97,0.08
u3996,0.014,-4.15818,-10.8933,-9.27638,0.148949,0.0303117,-0.374758,0.7291,0.7823,0.8709,0.08
u3997,0.014,-6.58562,-5.84834,-2.81967,-0.00648771,-1.07962,-0.926575,0.8319,0.808,0.7681,0.08
u3998,0.014,0.336101,1.25404,7.47295,1.36576,-0.132955,-0.611094,0.8621,0.8155,0.7379,0.08
u3999,0.014,6.46944,-18.8429,5.81723,1.15772,1.08663,-0.748057,0.6226,0.7557,0.9774,0.08
u4000,0.014,15.5637,8.64767,-3.1854,-0.211933,0.989317,-0.305468,0.6711,0.7678,0.9289,0.08
u4001,0.014,2.0454,0.0541806,-0.405947,-1.57235,-0.602431,1.30673,0.9621,0.8405,0.6379,0.08
u4002,0.014,11.4973,-6.18542,2.95636,1.17771,1.39515,-0.55139,0.7566,0.7892,0.8434,0.08
u4003,0.014,6.50633,-19.0226,-4.48628,1.24383,1.78192,0.783672,0.6255,0.7564,0.9745,0.08
u4004,0.014,3.13621,-9.17856,-2.17099,0.0534436,0.943262,-0.592351,0.8193,0.8048,0.7807,0.08
u4005,0.014,13.6392,-13.4776,-1.84135,1.6392,1.74366,0.0270172,0.6498,0.7624,0.9502,0.08
u4006,0.014,5.86921,-14.373,-0.961632,1.27522,0.182945,0.870114,0.7172,0.7793,0.8828,0.08
u4007,0.014,-15.5923,8.15801,8.17033,-0.500993,0.533397,-1.20699,0.6472,0.7618,0.9528,0.08
u4008,0.014,-17.1789,2.24314,-9.82964,-1.19605,-1.55386,-0.523782,0.6378,0.7595,0.9622,0.08
u4009,0.014,3.95481,-13.5582,-4.97813,0.553654,-1.04111,-0.0357739,0.7277,0.7819,0.8723,0.08
u4010,0.014,1.29645,-15.7738,-5.56796,0.500259,-0.226373,-1.01972,0.6949,0.7737,0.9051,0.08
u4011,0.014,-0.370554,-13.3018,-12.2058,0.552858,-1.20577,-0.140795,0.6717,0.7679,0.9283,0.08
u4012,0.014,-12.0976,-13.9441,6.58501,0.0330138,-0.4361,0.285302,0.6436,0.7609,0.9564,0.08
u4013,0.014,-1.21997,-5.6121,-5.97639,-1.40688,0.00379169,-0.182526,0.8493,0.8123,0.7507,0.08
u4014,0.014,18.7631,8.32435,-0.452408,-0.745577,1.3925,1.86096,0.6267,0.7567,0.9733,0.08
u4015,0.014,-1.02027,13.0481,-11.2812,-0.906365,-0.750129,-0.853641,0.6858,0.7715,0.9142,0.08
u4016,0.014,8.36258,16.058,-0.924876,-1.778,0.116423,-1.21915,0.6704,0.7676,0.9296,0.08
u4017,0.014,11.0379,-8.63204,-0.0624885,1.10861,0.375083,0.955246,0.7452,0.7863,0.8548,0.08
u4018,0.014,-5.73165,-1.49438,-1.49337,0.49763,0.427498,0.917169,0.8889,0.8222,0.7111,0.08
u4019,0.014,-6.80746,-2.15523,-8.06175,-0.477317,-0.656406,2.01028,0.8042,0.801,0.7958,0.08
u4020,0.014,-5.38257,4.02946,14.3781,-0.641886,1.4079,0.688122,0.7114,0.7779,0.8886,0.08
u4021,0.014,13.4892,-5.55537,11.9998,-0.235612,0.686658,-0.26948,0.6566,0.7641,0.9434,0.08
u4022,0.014,4.46616,18.0933,0.264112,-1.47643,-0.0498589,1.30258,0.6611,0.7653,0.9389,0.08
u4023,0.014,-1.22466,19.3138,5.39553,-1.03421,0.487502,0.123547,0.6347,0.7587,0.9653,0.08
u4024,0.014,15.9187,-10.1413,2.46618,1.05408,-0.0983199,1.08292,0.6539,0.7635,0.9461,0.08
u4025,0.014,3.14459,4.38904,-8.4594,0.930396,-0.00998098,-0.050944,0.8175,0.8044,0.7825,0.08
u4026,0.014,7.35745,12.1791,3.60095,0.110607,0.317036,0.729802,0.7331,0.7833,0.8669,0.08
u4027,0.014,-7.56343,-17.4501,2.81879,-1.48144,-1.06484,-0.523675,0.6504,0.7626,0.9496,0.08
u4028,0.014,5.66424,-11.2361,-11.5734,1.27957,-0.313922,0.648783,0.6892,0.7723,0.9108,0.08
u4029,0.014,2.55175,2.54211,-6.22141,-0.149334,-0.567802,-0.370028,0.8693,0.8173,0.7307,0.08
u4030,0.014,-12.6627,12.4777,7.2366,-1.71335,0.598221,-1.07773,0.651,0.7628,0.949,0.08
u4031,0.014,8.34658,3.93379,-12.1966,2.00151,-0.371894,-0.177033,0.7219,0.7805,0.8781,0.08
u4032,0.014,4.097,-10.9056,-13.0336,0.987722,-0.748052,-0.429012,0.6822,0.7705,0.9178,0.08
u4033,0.014,-0.387481,-6.4867,14.114,0.191012,-2.60342,-1.58528,0.7175,0.7794,0.8825,0.08
u4034,0.014,2.06071,14.2109,4.41821,-0.840255,-0.143755,-1.18802,0.7268,0.7817,0.8732,0.08
u4035,0.014,-6.73065,-1.172,1.6249,0.538238,-0.175907,-0.328083,0.8723,0.8181,0.7277,0.08
u4036,0.014,-8.06769,2.38636,-13.1907,0.364362,-1.92138,1.56951,0.7155,0.7789,0.8845,0.08
u4037,0.014,-9.13859,-14.172,-2.63845,1.10301,-0.931786,0.223039,0.6897,0.7724,0.9103,0.08
u4038,0.014,4.05705,-8.56981,-13.7816,0.77926,-0.19575,-1.23449,0.6959,0.774,0.9041,0.08
u4039,0.014,11.0411,8.23495,-10.6708,-0.449246,0.143769,1.0372,0.6832,0.7708,0.9168,0.08
u4040,0.014,2.60353,-11.8399,-5.06593,0.269111,-0.221706,-0.0300353,0.7611,0.7903,0.8389,0.08
u4041,0.014,-1.63943,3.58889,4.79627,-0.909279,0.289511,0.857536,0.8871,0.8218,0.7129,0.08
u4042,0.014,-13.3234,-11.6996,-2.79194,1.06564,-0.319405,-0.267814,0.6736,0.7684,0.9264,0.08
u4043,0.014,14.2888,5.70484,-11.0069,0.228105,1.50226,0.881059,0.656,0.764,0.944,0.08
u4044,0.014,10.8408,11.3437,9.62362,-2.30892,1.57415,0.353839,0.6653,0.7663,0.9347,0.08
u4045,0.014,-18.5929,-2.51097,4.57811,0.0139796,-1.86103,1.57881,0.6489,0.7622,0.9511,0.08
u4046,0.014,3.91971,3.3715,-14.2944,-0.813778,-0.46748,-0.0864286,0.7236,0.7809,0.8764,0.08
u4047,0.014,-14.6713,0.161141,9.153,0.170781,-0.489922,-0.119883,0.6856,0.7714,0.9144,0.08
u4048,0.014,0.937013,-4.60771,9.96881,0.332396,0.311838,-1.05864,0.7996,0.7999,0.8004,0.08
u4049,0.014,-2.69176,3.93315,-7.11976,-0.103,0.791661,-0.274039,0.8442,0.8111,0.7558,0.08
u4050,0.014,-5.21673,1.6753,9.68444,0.618985,0.400732,0.00352917,0.7977,0.7994,0.8023,0.08
u4051,0.014,2.90493,2.44383,9.69453,-0.429371,-0.228948,1.27855,0.8107,0.8027,0.7893,0.08
u4052,0.014,-7.07032,4.2305,10.446,-1.8837,-0.0206986,1.33421,0.7581,0.7895,0.8419,0.08
u4053,0.014,-8.74826,16.1617,3.76561,-1.17171,-0.660164,-0.190362,0.6589,0.7647,0.9411,0.08
u4054,0.014,10.2074,9.7271,-0.77637,0.927674,0.648311,0.632986,0.7432,0.7858,0.8568,0.08
u4055,0.014,17.3238,2.2288,-4.75033,-1.60977,-0.750171,0.880915,0.6709,0.7677,0.9291,0.08
u4056,0.014,-5.40584,15.0131,11.3372,1.16698,-0.455655,-0.494026,0.6441,0.761,0.9559,0.08
u4057,0.014,-7.45422,2.31576,-13.1882,-1.01107,-1.01255,0.659424,0.7214,0.7803,0.8786,0.08
u4058,0.014,11.4977,-11.005,-0.898592,1.75895,-0.0516847,0.0830165,0.7102,0.7775,0.8898,0.08
u4059,0.014,-15.6664,0.0267978,-5.87796,0.822873,-0.360789,-0.81948,0.6958,0.7739,0.9042,0.08
u4060,0.014,6.68025,2.697,12.8686,0.630653,-0.0839647,1.54539,0.7319,0.783,0.8681,0.08
u4061,0.014,-8.02482,-10.533,-1.11043,0.550027,-0.959201,1.26679,0.7584,0.7896,0.8416,0.08
u4062,0.014,-8.90769,1.09531,-7.96887,0.491518,-0.732624,-0.568916,0.7818,0.7954,0.8182,0.08
u4063,0.014,10.7929,-14.6017,-3.33775,0.388736,0.0578966,0.299094,0.6643,0.7661,0.9357,0.08
u4064,0.014,0.981427,9.44143,-8.96797,-0.044462,-0.364163,-0.236654,0.7626,0.7906,0.8374,0.08
u4065,0.014,5.09093,-8.61299,-13.8784,1.7154,1.81196,-0.903265,0.6889,0.7722,0.9111,0.08
u4066,0.014,3.24848,15.1485,3.86751,-1.69464,0.388928,-0.157094,0.7097,0.7774,0.8903,0.08
u4067,0.014,-5.74155,5.16782,15.3081,-0.589971,-0.546809,-0.332083,0.6882,0.7721,0.9118,0.08
u4068,0.014,18.1132,7.62026,-0.245334,-1.79986,1.44224,-1.18002,0.6427,0.7607,0.9573,0.08
u4069,0.014,12.5573,7.30129,0.807718,-0.687283,0.935558,-0.410245,0.7355,0.7839,0.8645,0.08
u4070,0.014,-7.9398,-8.85283,10.4167,1.58615,-0.0284952,1.23762,0.7126,0.7781,0.8874,0.08
u4071,0.014,-10.037,9.0107,5.49955,-2.03608,1.2085,0.0405826,0.7352,0.7838,0.8648,0.08
u4072,0.014,16.0804,-3.68381,2.21279,1.82841,0.135585,0.539332,0.6974,0.7743,0.9026,0.08
u4073,0.014,10.3019,15.9127,0.689222,-2.07858,0.534635,-0.917399,0.6551,0.7638,0.9449,0.08
u4074,0.014,-1.75709,2.58275,-15.6567,-0.485457,-0.637556,0.145574,0.7097,0.7774,0.8903,0.08
u4075,0.014,7.88138,19.7086,-0.138023,-0.888539,0.948411,-0.00423665,0.6141,0.7535,0.9859,0.08
u4076,0.014,-0.0710334,5.8567,8.62065,1.2749,0.319535,-0.281425,0.8105,0.8026,0.7895,0.08
u4077,0.014,4.00093,-7.49274,11.4819,0.90902,-0.660325,-0.147678,0.7403,0.7851,0.8597,0.08
u4078,0.014,-2.28346,-10.6315,-4.20045,0.590896,-0.369085,0.178732,0.7881,0.797,0.8119,0.08
u4079,0.014,-2.20867,18.2561,8.96545,-0.338744,-0.293517,0.636604,0.628,0.757,0.972,0.08
u4080,0.014,-6.24079,-12.3972,-0.877066,0.0339054,0.895659,0.101944,0.7471,0.7868,0.8529,0.08
u4081,0.014,-10.7073,0.656484,12.9061,-0.100767,0.060961,0.832876,0.6949,0.7737,0.9051,0.08
u4082,0.014,12.221,8.15106,2.3947,-0.648335,-0.311688,-0.167657,0.7294,0.7823,0.8706,0.08
u4083,0.014,11.2825,-2.93608,3.29238,-0.200726,1.03944,-0.0324101,0.7797,0.7949,0.8203,0.08
u4084,0.014,-1.48535,-3.35218,14.4597,-1.3205,-0.215002,-0.683643,0.7288,0.7822,0.8712,0.08
u4085,0.014,8.4677,-3.96663,7.23345,-0.658031,-0.413211,0.0860338,0.7851,0.7963,0.8149,0.08
u4086,0.014,0.312351,0.319171,0.852178,-1.50042,-0.0779443,0.0588125,0.9825,0.8456,0.6175,0.08
u4087,0.014,-6.98247,-19.5658,-1.6254,1.93934,-1.41175,-0.275887,0.6211,0.7553,0.9789,0.08
u4088,0.014,4.81479,13.3226,-0.704125,-2.23093,-0.10275,0.510316,0.7421,0.7855,0.8579,0.08
u4089,0.014,8.26303,15.4368,3.08825,-1.20673,0.701288,-0.0705399,0.6767,0.7692,0.9233,0.08
u4090,0.014,-1.90485,-17.2367,-6.1443,-0.348691,0.42175,0.0182114,0.6655,0.7664,0.9345,0.08
u4091,0.014,-18.9847,-3.33939,0.653737,1.13797,-0.918763,0.0979089,0.6493,0.7623,0.9507,0.08
u4092,0.014,-4.71596,17.0718,-8.79994,-0.455356,-0.234404,1.48471,0.6404,0.7601,0.9596,0.08
u4093,0.014,3.74496,1.10165,-1.35214,-0.396491,0.618249,0.490692,0.9249,0.8312,0.6751,0.08
u4094,0.014,-0.24473,6.31848,-3.90808,-0.00915692,0.207576,-0.232743,0.8648,0.8162,0.7352,0.08
u4095,0.014,-3.17967,-10.513,-9.98856,-0.458474,1.44147,-0.906784,0.7301,0.7825,0.8699,0.08
u4096,0.014,11.9701,-7.2334,-10.5485,-0.85554,0.966386,-0.528305,0.6815,0.7704,0.9185,0.08
u4097,0.014,-3.38091,16.1109,-2.10324,-0.459791,0.328086,-0.615994,0.6983,0.7746,0.9017,0.08
u4098,0.014,-10.9919,-9.52767,4.49911,1.02614,-1.52335,-0.356369,0.7232,0.7808,0.8768,0.08
u4099,0.014,-2.52878,3.6564,-1.60922,-0.645343,-0.833499,0.362075,0.914,0.8285,0.686,0.08
u4100,0.014,8.92174,-8.82653,1.72517,0.978653,-0.254944,0.255137,0.7697,0.7924,0.8303,0.08
u4101,0.014,1.12074,-11.3634,2.99924,0.379898,-0.0207565,-0.248566,0.7853,0.7963,0.8147,0.08
u4102,0.014,12.6499,0.0746984,2.53303,-1.2246,1.19911,0.0654769,0.7654,0.7914,0.8346,0.08
u4103,0.014,6.23815,-11.9896,-3.07566,0.754918,-1.3105,-0.199471,0.748,0.787,0.852,0.08
u4104,0.014,-9.35552,4.76613,3.4574,-0.810372,-0.463504,-0.665662,0.799,0.7998,0.801,0.08
u4105,0.014,-0.424524,-14.5548,-6.93388,0.853737,-1.97078,0.612318,0.7068,0.7767,0.8932,0.08
u4106,0.014,3.18075,-7.47089,11.8492,0.197821,1.55856,-0.583862,0.7388,0.7847,0.8612,0.08
u4107,0.014,-15.0778,-1.90886,-3.23835,0.350428,-0.901761,1.86577,0.7175,0.7794,0.8825,0.08
u4108,0.014,-14.3416,1.91203,-0.720841,0.179622,-0.508704,1.10438,0.7366,0.7842,0.8634,0.08
u4109,0.014,15.0575,-9.38797,-6.27089,0.357557,0.128621,-0.848924,0.6578,0.7645,0.9422,0.08
u4110,0.014,3.63286,-12.6198,10.9354,0.618215,0.423365,0.502913,0.6893,0.7723,0.9107,0.08
u4111,0.014,5.2216,4.41479,4.57247,-0.192656,-0.47279,0.600381,0.8504,0.8126,0.7496,0.08
u4112,0.014,-7.92347,-16.4048,4.09266,0.307352,-0.648253,0.766668,0.6605,0.7651,0.9395,0.08
u4113,0.014,0.0922513,-8.77259,-12.6352,1.01806,0.106466,-1.39751,0.7203,0.7801,0.8797,0.08
u4114,0.014,-8.3675,-13.9305,-2.72462,0.197545,1.33981,0.0399842,0.7004,0.7751,0.8996,0.08
u4115,0.014,-10.1373,-2.11954,6.67186,-0.197446,-1.75074,0.64852,0.776,0.794,0.824,0.08
u4116,0.014,4.48594,1.75501,-7.74504,-0.0672398,0.55462,0.0555448,0.8342,0.8085,0.7658,0.08
u4117,0.014,-16.3805,-4.69468,-3.31138,-0.59229,-1.11174,0.715971,0.6844,0.7711,0.9156,0.08
u4118,0.014,-4.85117,4.91459,15.614,0.894127,-0.321231,0.0315229,0.6896,0.7724,0.9104,0.08
u4119,0.014,14.9314,10.2267,-8.58885,-1.47365,1.74729,-0.256042,0.6358,0.7589,0.9642,0.08
u4120,0.014,4.28893,-16.053,1.28143,1.10118,-0.204335,0.341963,0.697,0.7742,0.903,0.08
u4121,0.014,-11.4046,7.5726,7.71394,-0.051633,0.336641,0.511108,0.7143,0.7786,0.8857,0.08
u4122,0.014,-0.425973,17.1992,9.75868,0.0283528,0.310024,0.0768923,0.6404,0.7601,0.9596,0.08
u4123,0.014,-5.0843,20.1143,4.33067,-0.581147,-0.0755241,0.788038,0.6147,0.7537,0.9853,0.08
u4124,0.014,-0.930141,0.0673992,-8.33472,0.0189444,0.661345,0.103098,0.8475,0.8119,0.7525,0.08
u4125,0.014,-12.4587,-16.0099,5.23121,1.99988,-0.827918,0.335036,0.6191,0.7548,0.9809,0.08
u4126,0.014,1.21749,-8.571,-7.52068,1.7284,-0.786645,0.225347,0.7915,0.7979,0.8085,0.08
u4127,0.014,13.4252,13.2784,6.44836,0.45584,0.572371,-0.994981,0.6372,0.7593,0.9628,0.08
u4128,0.014,7.01924,-9.68132,10.3123,0.926875,1.14603,0.224152,0.7129,0.7782,0.8871,0.08
u4129,0.014,-0.33975,-14.9183,0.420809,2.27164,-0.489698,-0.024591,0.7286,0.7821,0.8714,0.08
u4130,0.014,11.4746,-12.3035,-0.327487,0.557622,1.63718,0.637054,0.6941,0.7735,0.9059,0.08
u4131,0.014,4.67009,4.88429,-3.05223,-1.6595,-0.498008,0.2989,0.8652,0.8163,0.7348,0.08
u4132,0.014,11.8839,4.13969,-7.12427,-0.262021,0.156981,1.8008,0.7371,0.7843,0.8629,0.08
u4133,0.014,-1.61626,-12.2102,-11.6547,0.58239,-0.543501,-0.189411,0.6917,0.7729,0.9083,0.08
u4134,0.014,-12.6193,-0.651843,-4.85126,0.938156,-0.713477,-1.03994,0.7539,0.7885,0.8461,0.08
u4135,0.014,-12.3691,1.82044,-13.4517,-1.23831,-0.0988295,-0.105974,0.6661,0.7665,0.9339,0.08
u4136,0.014,-4.86686,-12.5143,-11.7121,1.19693,-0.565937,1.18634,0.676,0.769,0.924,0.08
u4137,0.014,5.07675,-2.42824,-4.8842,-0.361522,-0.467652,0.272066,0.8645,0.8161,0.7355,0.08
u4138,0.014,5.37147,-18.1785,1.31692,2.16973,-0.52348,0.116896,0.6545,0.7636,0.9455,0.08
u4139,0.014,-14.6566,5.821,9.79833,0.485812,-0.976856,0.363721,0.6624,0.7656,0.9376,0.08
u4140,0.014,-7.24995,2.2459,-12.763,0.085891,-1.66277,0.0293586,0.73,0.7825,0.87,0.08
u4141,0.014,1.71362,5.69641,12.2509,0.351964,-1.20369,-0.477007,0.7524,0.7881,0.8476,0.08
u4142,0.014,-3.79114,-11.864,8.25165,1.7679,-0.0754215,-0.581427,0.7284,0.7821,0.8716,0.08
u4143,0.014,4.17738,4.86533,11.7146,0.101974,-0.123063,0.813944,0.7572,0.7893,0.8428,0.08
u4144,0.014,19.6598,3.35135,4.12454,-0.0962682,-0.0706127,0.343651,0.6297,0.7574,0.9703,0.08
u4145,0.014,-21.2078,5.2059,0.841129,-0.353262,-1.58873,-0.279355,0.6027,0.7507,0.9973,0.08
u4146,0.014,-16.346,9.63593,3.51793,0.297958,-1.96501,0.458949,0.6491,0.7623,0.9509,0.08
u4147,0.014,-4.56155,-7.79144,-9.99293,1.58542,0.297547,0.993882,0.7551,0.7888,0.8449,0.08
u4148,0.014,-5.27283,16.8978,8.72852,-0.119978,-0.363215,0.820853,0.6412,0.7603,0.9588,0.08
u4149,0.014,-15.5214,5.36048,9.14028,-0.304192,0.202946,-0.494787,0.6583,0.7646,0.9417,0.08
u4150,0.014,2.704,-2.9687,-15.8797,0.0838691,0.127631,-0.533025,0.7022,0.7755,0.8978,0.08
u4151,0.014,1.24263,11.9784,1.03494,-0.464393,0.836701,-0.948022,0.7802,0.7951,0.8198,0.08
u4152,0.014,-10.2348,-1.78129,-12.616,0.222361,-0.642314,-0.70823,0.7029,0.7757,0.8971,0.08
u4153,0.014,1.27449,7.02858,-9.18541,0.439315,0.157344,-1.15942,0.7884,0.7971,0.8116,0.08
u4154,0.014,-11.5197,-3.47929,-2.2651,0.194618,-0.764676,1.77919,0.7774,0.7943,0.8226,0.08
u4155,0.014,5.77098,-12.8999,1.04408,0.319658,1.76141,0.672755,0.7424,0.7856,0.8576,0.08
u4156,0.014,13.5452,-8.69082,-0.588958,2.38644,1.02012,-0.822531,0.7072,0.7768,0.8928,0.08
u4157,0.014,3.59115,7.62093,14.8904,-1.38846,0.610346,-0.734717,0.6889,0.7722,0.9111,0.08
u4158,0.014,12.7587,9.1894,-7.31104,-0.0899408,1.0912,-0.704194,0.6847,0.7712,0.9153,0.08
u4159,0.014,-0.809809,8.5434,4.74138,0.898689,-0.58372,0.78587,0.8217,0.8054,0.7783,0.08
u4160,0.014,-5.36715,-15.2917,-8.96985,1.79394,0.758582,0.678879,0.6632,0.7658,0.9368,0.08
u4161,0.014,3.58894,-9.97722,-6.31487,0.0848439,0.662779,-0.433904,0.7756,0.7939,0.8244,0.08
u4162,0.014,12.9116,7.30133,-7.04605,-1.79426,-0.125842,0.112334,0.7014,0.7754,0.8986,0.08
u4163,0.014,-0.664201,-1.53348,-11.4841,0.0737732,0.515771,-0.473387,0.789,0.7972,0.811,0.08
u4164,0.014,-5.62395,-10.5009,-8.54718,0.649741,0.114622,0.174075,0.7334,0.7834,0.8666,0.08
u4165,0.014,-12.684,0.586835,1.89289,-0.375538,-0.282722,0.276845,0.7666,0.7916,0.8334,0.08
u4166,0.014,-7.86297,-2.56727,0.646605,0.708894,0.696401,0.551142,0.8492,0.8123,0.7508,0.08
u4167,0.014,-7.18418,-3.10754,-9.42692,-0.0891102,0.0862885,-0.0529728,0.7772,0.7943,0.8228,0.08
u4168,0.014,14.1887,12.5002,8.41252,-0.771401,0.77145,0.0372811,0.6237,0.7559,0.9763,0.08
u4169,0.014,6.06583,-6.28482,-12.3992,-0.0720192,0.27717,0.704716,0.7242,0.7811,0.8758,0.08
u4170,0.014,-16.5124,1.82369,-8.76136,-1.26055,-1.90914,1.57058,0.6585,0.7646,0.9415,0.08
u4171,0.014,8.71543,2.95273,-8.28527,-0.868231,1.36609,0.668225,0.7749,0.7937,0.8251,0.08
u4172,0.014,-10.5034,-2.99461,0.56373,0.201073,-1.0143,0.596494,0.8012,0.8003,0.7988,0.08
u4173,0.014,10.1764,-1.07947,8.01461,-1.02112,-0.137938,0.968362,0.7637,0.7909,0.8363,0.08
u4174,0.014,-15.5158,-0.368559,9.9485,-0.735368,-2.51829,0.736171,0.6648,0.7662,0.9352,0.08
u4175,0.014,8.39409,-1.9296,-2.44966,0.0299264,0.665707,-1.0465,0.8372,0.8093,0.7628,0.08
u4176,0.014,18.4616,-5.82544,5.85884,0.147115,0.770321,-0.467476,0.6323,0.7581,0.9677,0.08
u4177,0.014,15.0339,-1.98253,-6.68514,-0.0500422,-0.270617,-0.916886,0.6987,0.7747,0.9013,0.08
u4178,0.014,-9.19817,-8.20903,-3.99147,0.00449989,0.987025,-1.41306,0.7644,0.7911,0.8356,0.08
u4179,0.014,0.978338,-11.6806,-12.2405,-1.89356,-0.0989516,1.69832,0.6919,0.773,0.9081,0.08
u4180,0.014,12.9915,-1.99972,1.67048,1.25038,-0.311737,1.27222,0.7591,0.7898,0.8409,0.08
u4181,0.014,14.9583,9.78042,4.51247,-0.113442,1.01754,0.262213,0.6649,0.7662,0.9351,0.08
u4182,0.014,-6.14327,-13.4158,-8.37779,0.404557,-0.397192,-0.685154,0.6915,0.7729,0.9085,0.08
u4183,0.014,-7.10485,18.868,-2.33401,-1.2961,-0.141354,0.361617,0.631,0.7577,0.969,0.08
u4184,0.014,1.51771,-9.46428,8.11236,1.26783,0.352559,0.636554,0.7717,0.7929,0.8283,0.08
u4185,0.014,9.06564,-2.95154,4.50045,-0.358044,1.07089,-2.05341,0.8083,0.8021,0.7917,0.08
u4186,0.014,-7.80662,-4.44284,-13.6824,0.959001,-0.422518,1.24835,0.7024,0.7756,0.8976,0.08
u4187,0.014,15.0149,-0.771001,-7.5051,-1.31817,0.840813,-0.297068,0.6945,0.7736,0.9055,0.08
u4188,0.014,-8.65205,-6.01387,-8.72585,-1.58024,0.169789,0.00569059,0.7513,0.7878,0.8487,0.08
u4189,0.014,6.03241,-12.9737,-5.263,-0.300537,-0.298054,0.0972366,0.7228,0.7807,0.8772,0.08
u4190,0.014,-13.4572,-7.7455,-6.69578,0.0657839,-1.12653,0.539006,0.6926,0.7731,0.9074,0.08
u4191,0.014,-0.288131,-3.83305,-12.2283,-0.0108114,0.368565,-1.10944,0.7669,0.7917,0.8331,0.08
u4192,0.014,-2.84238,-2.25106,3.50603,0.0207352,0.667892,-0.227876,0.9083,0.8271,0.6917,0.08
u4193,0.014,-7.24955,11.3729,7.90148,-0.482324,-0.955411,-0.338502,0.7158,0.7789,0.8842,0.08
u4194,0.014,2.61457,4.8183,2.02567,0.452965,1.12825,0.472095,0.8937,0.8234,0.7063,0.08
u4195,0.014,18.4245,-2.39973,-6.44675,0.690121,1.15634,-1.13959,0.6424,0.7606,0.9576,0.08
u4196,0.014,-10.5214,-6.82875,4.39841,0.937694,-1.36663,0.222143,0.7583,0.7896,0.8417,0.08
u4197,0.014,-5.11125,-11.786,-8.813,0.54015,0.930491,0.099302,0.7167,0.7792,0.8833,0.08
u4198,0.014,-13.1679,-7.79416,9.77556,-0.241457,-0.819468,0.0990251,0.6699,0.7675,0.9301,0.08
u4199,0.014,11.4274,-10.6589,-7.69323,1.06158,-0.111895,0.706058,0.6833,0.7708,0.9167,0.08
u4200,0.014,-4.16987,3.74346,-7.47864,1.05228,-1.00023,0.839948,0.8301,0.8075,0.7699,0.08
u4201,0.014,4.93704,-6.0877,-1.11121,-0.518551,0.162194,-0.130051,0.8561,0.814,0.7439,0.08
u4202,0.014,-0.584317,14.3899,-8.17426,0.258245,0.654523,1.72812,0.6989,0.7747,0.9011,0.08
u4203,0.014,8.62733,1.36307,-11.0328,-1.59086,1.54593,1.47357,0.7442,0.786,0.8558,0.08
u4204,0.014,3.71796,8.8039,-14.2913,-2.99122,0.578007,-1.13726,0.6874,0.7719,0.9126,0.08
u4205,0.014,15.0461,7.89454,8.08133,-0.322847,-0.577567,-1.27966,0.6579,0.7645,0.9421,0.08
u4206,0.014,11.2076,-3.45715,9.77809,-0.958531,0.988318,-0.316673,0.7224,0.7806,0.8776,0.08
u4207,0.014,-20.7366,-4.2455,-3.35416,-0.574766,-0.509118,0.69298,0.6103,0.7526,0.9897,0.08
u4208,0.014,-16.0817,-3.86227,2.7066,1.68008,-0.197276,1.3486,0.6953,0.7738,0.9047,0.08
u4209,0.014,16.0439,0.0836554,4.279,0.594017,1.65158,1.61722,0.6981,0.7745,0.9019,0.08
u4210,0.014,12.6165,13.8771,-7.43214,0.611699,-0.0980315,1.08021,0.6332,0.7583,0.9668,0.08
u4211,0.014,-0.0380906,-5.08071,-0.439487,-0.321016,-0.238378,0.353484,0.9073,0.8268,0.6927,0.08
u4212,0.014,-3.4214,1.2126,3.53165,0.77444,-0.788543,-0.413498,0.9079,0.827,0.6921,0.08
u4213,0.014,-5.44876,17.9597,6.13018,-1.43535,1.21161,-0.371645,0.641,0.7603,0.959,0.08
u4214,0.014,-2.19219,13.7663,3.64415,-1.32936,0.102727,0.315445,0.738,0.7845,0.862,0.08
u4215,0.014,0.969896,19.1885,0.110719,-0.74348,2.74042,1.21453,0.6507,0.7627,0.9493,0.08
u4216,0.014,-14.5904,5.72742,8.83613,0.0579099,0.638416,0.703888,0.6728,0.7682,0.9272,0.08
u4217,0.014,9.66257,-14.9554,-5.35906,0.73049,0.842117,-0.268045,0.6619,0.7655,0.9381,0.08
u4218,0.014,20.1295,7.13614,1.45556,-0.613441,1.41171,0.519078,0.6108,0.7527,0.9892,0.08
u4219,0.014,-8.32482,13.979,2.70674,-0.989259,-1.71445,0.398651,0.7001,0.775,0.8999,0.08
u4220,0.014,14.2822,-10.6663,4.08736,-0.210864,-0.0344767,-0.972708,0.6675,0.7669,0.9325,0.08
u4221,0.014,6.91063,-11.9828,9.58663,0.411107,0.231498,-0.499205,0.694,0.7735,0.906,0.08
u4222,0.014,3.63199,16.3697,-6.27138,-0.821212,-0.315161,-0.765237,0.6745,0.7686,0.9255,0.08
u4223,0.014,7.24119,2.80243,1.17961,-0.213857,-0.247673,-1.76851,0.8572,0.8143,0.7428,0.08
u4224,0.014,-10.1047,-18.6254,-2.03923,0.654869,-0.669976,0.99184,0.6129,0.7532,0.9871,0.08
u4225,0.014,-3.75945,-9.63125,-1.9192,0.261674,-0.101897,0.00261785,0.8088,0.8022,0.7912,0.08
u4226,0.014,2.70496,-0.614302,12.6114,-1.34576,0.91653,-0.0278022,0.7652,0.7913,0.8348,0.08
u4227,0.014,-15.4981,3.1128,10.3544,-1.20367,-0.413179,0.141644,0.6564,0.7641,0.9436,0.08
u4228,0.014,0.816573,13.8653,-1.19645,-1.51854,0.932636,-0.166872,0.7465,0.7866,0.8535,0.08
u4229,0.014,-15.3863,0.157744,10.9036,-0.909502,-0.910552,-0.1108,0.6571,0.7643,0.9429,0.08
u4230,0.014,-3.55504,17.4914,4.71952,-1.35399,-0.934996,0.452758,0.6643,0.7661,0.9357,0.08
u4231,0.014,-15.3975,8.04096,-0.227724,-0.818993,-1.57469,0.481184,0.6841,0.771,0.9159,0.08
u4232,0.014,13.2355,-2.42055,-8.777,-0.701231,-0.00644315,-0.83187,0.7079,0.777,0.8921,0.08
u4233,0.014,7.88041,8.7384,4.28328,1.03892,-1.01661,0.694521,0.7723,0.7931,0.8277,0.08
u4234,0.014,1.7545,3.98227,-12.8386,-0.44441,1.38684,0.788291,0.7535,0.7884,0.8465,0.08
u4235,0.014,0.310031,3.36757,2.19733,1.30769,0.120312,1.94278,0.9267,0.8317,0.6733,0.08
u4236,0.014,16.6721,7.74552,-7.44108,0.708947,2.28555,-0.15418,0.6394,0.7599,0.9606,0.08
u4237,0.014,2.26656,-1.40068,4.26295,1.55152,-0.599564,0.469572,0.9086,0.8271,0.6914,0.08
u4238,0.014,-16.5151,1.56149,-1.20882,-0.0896413,-1.22099,1.07796,0.6976,0.7744,0.9024,0.08
u4239,0.014,-2.50324,18.223,-2.08997,-0.801793,-0.667137,1.11386,0.6634,0.7659,0.9366,0.08
u4240,0.014,-5.0709,-0.153283,5.88733,1.31915,-1.78938,1.11927,0.8587,0.8147,0.7413,0.08
u4241,0.014,-11.8775,-0.991198,9.80012,-0.414324,0.14788,1.39029,0.7194,0.7799,0.8806,0.08
u4242,0.014,-6.85168,8.5381,-12.5079,-0.264535,-1.6294,1.71115,0.6978,0.7744,0.9022,0.08
u4243,0.014,-20.6653,4.33277,3.42216,0.638713,-0.31173,1.47322,0.6111,0.7528,0.9889,0.08
u4244,0.014,-7.64234,0.873873,-1.49852,0.192255,-0.654274,0.287551,0.8575,0.8144,0.7425,0.08
u4245,0.014,15.0208,3.53596,0.375677,-0.409259,-0.114362,-0.715285,0.7193,0.7798,0.8807,0.08
u4246,0.014,-7.82216,-7.66804,-7.40518,-1.08486,0.806269,-0.598054,0.7596,0.7899,0.8404,0.08
u4247,0.014,-4.79813,-1.51572,12.2133,-0.482552,0.506263,-0.127226,0.7598,0.79,0.8402,0.08
u4248,0.014,-7.42625,8.57264,10.8516,-0.935913,-2.29837,0.234874,0.7146,0.7786,0.8854,0.08
u4249,0.014,1.163,-3.93916,-6.90812,-0.741098,0.430679,-0.60218,0.8539,0.8135,0.7461,0.08
u4250,0.014,-10.3722,12.1028,-4.77281,-1.13377,0.0469148,0.0516688,0.6975,0.7744,0.9025,0.08
u4251,0.014,-3.17219,2.58269,6.75887,0.159071,-0.883774,1.82487,0.8564,0.8141,0.7436,0.08
u4252,0.014,-1.12649,-2.44303,-14.1635,-1.98457,-0.37049,0.360931,0.7379,0.7845,0.8621,0.08
u4253,0.014,-13.0793,4.79512,-0.145686,0.471268,-0.675673,0.912308,0.7467,0.7867,0.8533,0.08
u4254,0.014,-7.3147,6.45159,10.5251,-1.76956,0.447081,-0.221965,0.7391,0.7848,0.8609,0.08
u4255,0.014,-14.4439,13.2973,-4.59697,0.38407,-1.44757,1.25918,0.6334,0.7583,0.9666,0.08
u4256,0.014,-9.58852,5.07223,-13.029,-0.275245,-1.21592,0.253632,0.6918,0.7729,0.9082,0.08
u4257,0.014,14.8892,7.56049,2.36226,-0.331349,1.6833,0.818458,0.6934,0.7733,0.9066,0.08
u4258,0.014,7.60203,3.93218,-14.4631,-0.420374,0.29246,-0.892893,0.6944,0.7736,0.9056,0.08
u4259,0.014,9.99248,5.45042,13.4436,0.0603759,-1.22077,-0.781345,0.6797,0.7699,0.9203,0.08
u4260,0.014,-13.0846,-8.98732,-4.28693,0.539227,-0.622543,-0.371025,0.701,0.7753,0.899,0.08
u4261,0.014,14.8631,-2.13657,6.03856,-1.58633,1.0753,0.625762,0.7057,0.7764,0.8943,0.08
u4262,0.014,4.79704,12.9659,7.30962,-1.55046,-0.868204,-0.450278,0.7157,0.7789,0.8843,0.08
u4263,0.014,10.3376,-0.631734,1.80134,0.138384,1.52372,0.491266,0.8089,0.8022,0.7911,0.08
u4264,0.014,7.90081,-16.0022,3.42233,2.30485,0.669989,-0.823696,0.6696,0.7674,0.9304,0.08
u4265,0.014,-10.8707,15.3185,-6.91059,-0.225908,-2.55234,-0.41837,0.6361,0.759,0.9639,0.08
u4266,0.014,16.3068,-5.90451,7.53529,0.757804,1.80978,-0.717598,0.6562,0.764,0.9438,0.08
u4267,0.014,-5.00848,18.6217,-1.91294,-0.82297,-0.533748,0.897016,0.6477,0.7619,0.9523,0.08
u4268,0.014,-0.980508,5.34081,-0.553368,-0.0873997,-0.995467,-0.139311,0.9008,0.8252,0.6992,0.08
u4269,0.014,13.1404,2.5058,-5.98345,-0.237285,0.522905,-0.465975,0.7336,0.7834,0.8664,0.08
u4270,0.014,-2.12682,-17.3376,-4.65479,1.70736,-0.640749,-0.275276,0.6713,0.7678,0.9287,0.08
u4271,0.014,10.2472,-13.004,8.50292,-0.219605,3.34412,1.61335,0.6616,0.7654,0.9384,0.08
u4272,0.014,16.3029,-4.49928,-8.25285,0.49743,1.27615,-0.907103,0.6578,0.7645,0.9422,0.08
u4273,0.014,5.41195,16.1506,9.88845,-0.0564353,0.419799,-0.557408,0.6419,0.7605,0.9581,0.08
u4274,0.014,13.1151,12.0806,6.73602,-1.01044,0.782457,-1.93314,0.6534,0.7634,0.9466,0.08
u4275,0.014,-3.01003,20.7463,-2.03522,-0.299927,0.312921,0.210498,0.6171,0.7543,0.9829,0.08
u4276,0.014,-5.29463,-17.8382,-7.56225,-0.0354694,0.150762,-1.062,0.6348,0.7587,0.9652,0.08
u4277,0.014,3.54553,-20.194,-1.80885,1.74442,2.46994,-1.04338,0.6258,0.7564,0.9742,0.08
u4278,0.014,15.1243,11.2022,-1.36294,0.103434,1.3388,0.183592,0.6569,0.7642,0.9431,0.08
u4279,0.014,2.96788,-15.411,11.1812,1.40347,0.745964,0.759581,0.6496,0.7624,0.9504,0.08
u4280,0.014,-3.77739,-17.9406,-1.73224,0.989321,-0.289592,-0.239258,0.6652,0.7663,0.9348,0.08
u4281,0.014,-17.3417,10.4006,0.408402,0.196008,-1.51769,0.0938385,0.6323,0.7581,0.9677,0.08
u4282,0.014,15.4668,14.7894,-1.44436,0.27765,1.56669,-0.806989,0.61,0.7525,0.99,0.08
u4283,0.014,-6.27249,0.263345,-9.40847,0.878774,0.934867,-0.128256,0.7944,0.7986,0.8056,0.08
u4284,0.014,-18.6255,-0.374185,7.3964,-0.746645,-1.37062,-1.35207,0.6356,0.7589,0.9644,0.08
u4285,0.014,10.0564,9.11112,-3.60239,0.266871,1.62642,-0.0378776,0.7447,0.7862,0.8553,0.08
u4286,0.014,-0.914782,-8.12851,5.22487,-0.257309,0.867202,0.378611,0.8235,0.8059,0.7765,0.08
u4287,0.014,20.9678,-3.17393,4.17356,-1.07662,-0.838557,0.402162,0.607,0.7518,0.993,0.08
u4288,0.014,6.97772,-0.624907,3.74354,-0.043107,1.03437,0.920877,0.8556,0.8139,0.7444,0.08
u4289,0.014,8.8015,17.5902,-3.09893,-0.920438,0.558731,-0.953679,0.638,0.7595,0.962,0.08
u4290,0.014,-2.81624,-0.843626,7.05282,-0.28611,-1.10116,0.713342,0.8611,0.8153,0.7389,0.08
u4291,0.014,9.16542,-4.36314,-3.51919,0.352636,0.710732,-1.3148,0.8047,0.8012,0.7953,0.08
u4292,0.014,-6.39228,-3.93123,3.33279,1.35631,0.0618891,0.0399109,0.8507,0.8127,0.7493,0.08
u4293,0.014,2.39949,-19.4239,-2.33937,0.867393,-0.46721,0.948054,0.6416,0.7604,0.9584,0.08
u4294,0.014,6.2295,14.8634,6.0118,-0.459313,0.729284,0.10689,0.6873,0.7718,0.9127,0.08
u4295,0.014,-7.24558,10.4809,4.3445,0.185799,0.146848,2.00486,0.7552,0.7888,0.8448,0.08
u4296,0.014,9.54112,1.1145,11.4763,0.380252,0.648035,0.0111246,0.7279,0.782,0.8721,0.08
u4297,0.014,-8.54704,10.6041,-2.88375,-1.48662,-0.0730635,-0.140947,0.7469,0.7867,0.8531,0.08
u4298,0.014,1.08908,-0.212448,-5.99894,0.920433,1.03825,-0.652589,0.8891,0.8223,0.7109,0.08
u4299,0.014,6.86657,14.7991,-4.29721,-1.48627,1.07921,-0.559295,0.6933,0.7733,0.9067,0.08
u4300,0.014,-0.357634,-3.74975,-6.39628,-0.253932,0.422198,0.0859187,0.865,0.8163,0.735,0.08
u4301,0.014,-8.61607,13.1013,2.31342,-1.19774,-1.04498,1.50047,0.7118,0.778,0.8882,0.08
u4302,0.014,-13.3959,-5.90286,8.06561,3.04689,0.799354,-0.376287,0.6961,0.774,0.9039,0.08
u4303,0.014,5.22086,-3.5226,-12.0642,-1.37885,0.356311,0.666304,0.7526,0.7881,0.8474,0.08
u4304,0.014,4.85514,19.6538,-4.60112,-1.26847,-1.63673,-0.517209,0.6225,0.7556,0.9775,0.08
u4305,0.014,-12.2177,7.91965,1.26393,0.0651601,-0.62693,-0.950485,0.7343,0.7836,0.8657,0.08
u4306,0.014,0.365078,-3.13882,-16.1094,0.159017,0.733606,-0.3154,0.7015,0.7754,0.8985,0.08
u4307,0.014,-4.97004,-8.9508,-14.4011,0.513317,-0.0415179,-0.165996,0.6787,0.7697,0.9213,0.08
u4308,0.014,9.43418,-8.03375,6.61768,0.159352,0.19966,0.0849214,0.7446,0.7861,0.8554,0.08
u4309,0.014,12.5775,3.64473,-5.44536,0.00496932,1.19867,-0.179868,0.7421,0.7855,0.8579,0.08
u4310,0.014,15.9801,-3.76217,6.49623,0.437975,0.755366,-0.685368,0.679,0.7697,0.921,0.08
u4311,0.014,-3.85372,11.3746,8.60542,-0.866473,0.565634,-1.16215,0.7314,0.7828,0.8686,0.08
u4312,0.014,-6.21464,-15.193,-4.09763,2.16117,0.552659,-1.00931,0.6924,0.7731,0.9076,0.08
u4313,0.014,9.69831,-1.59693,14.0942,1.16459,-1.1416,0.579175,0.6876,0.7719,0.9124,0.08
u4314,0.014,-1.24437,-9.22972,-2.25098,0.637698,-0.12668,1.09595,0.8258,0.8064,0.7742,0.08
u4315,0.014,9.14476,-10.9017,4.09297,0.196807,0.123438,0.73664,0.7308,0.7827,0.8692,0.08
u4316,0.014,16.1366,-0.604603,10.3972,-0.334914,0.689528,0.16592,0.6508,0.7627,0.9492,0.08
u4317,0.014,-3.72578,0.184683,-10.7176,0.28126,-0.463275,0.599004,0.7937,0.7984,0.8063,0.08
u4318,0.014,8.96949,10.7052,8.88568,0.252881,0.0466466,0.846995,0.699,0.7748,0.901,0.08
u4319,0.014,15.6897,-6.74632,10.091,-1.40201,-0.736608,0.106796,0.6393,0.7598,0.9607,0.08
u4320,0.014,-6.76056,-15.8614,6.59029,0.376587,1.70329,1.08385,0.6644,0.7661,0.9356,0.08
u4321,0.014,1.81254,9.07212,-2.43898,-1.494,-0.164058,-1.08985,0.826,0.8065,0.774,0.08
u4322,0.014,-3.91606,5.05499,-8.37688,-0.479368,-1.5275,0.886102,0.8084,0.8021,0.7916,0.08
u4323,0.014,-17.9761,-5.18691,-5.79958,-0.520469,0.511048,1.0769,0.6439,0.761,0.9561,0.08
u4324,0.014,5.05484,0.553582,-3.75133,1.23038,0.66262,-1.23659,0.8851,0.8213,0.7149,0.08
u4325,0.014,-2.32113,-17.8974,-4.55033,1.18551,0.522163,-0.513187,0.6616,0.7654,0.9384,0.08
u4326,0.014,-0.143911,-8.41798,-3.01813,1.58717,-0.0130688,-0.132087,0.8374,0.8093,0.7626,0.08
u4327,0.014,-1.91099,12.9929,3.93982,-2.2445,-0.93703,-2.53654,0.7507,0.7877,0.8493,0.08
u4328,0.014,10.1888,3.50043,-12.5367,-0.459001,-1.34071,0.709261,0.6995,0.7749,0.9005,0.08
u4329,0.014,-16.1034,8.55374,7.69561,-0.310935,-0.476898,0.126819,0.6402,0.76,0.9598,0.08
u4330,0.014,-3.56786,5.46998,-2.6409,-1.35974,-1.71945,-0.0808793,0.8719,0.818,0.7281,0.08
u4331,0.014,5.01915,-2.90897,-10.8535,0.178785,-0.269854,2.45442,0.7762,0.7941,0.8238,0.08
u4332,0.014,-11.7373,5.57467,-5.18966,-1.45378,-0.549519,-0.521139,0.7456,0.7864,0.8544,0.08
u4333,0.014,-8.4454,4.07403,-7.23162,0.676651,-0.914835,-0.483998,0.7847,0.7962,0.8153,0.08
u4334,0.014,-5.50546,-3.09665,-3.22611,-0.544726,-0.555394,-1.51797,0.871,0.8178,0.729,0.08
u4335,0.014,8.30867,-13.9007,-3.33365,0.0732832,0.971434,1.86862,0.6994,0.7748,0.9006,0.08
u4336,0.014,-5.98924,-6.33326,-7.62237,1.0025,0.190755,0.818731,0.7895,0.7974,0.8105,0.08
u4337,0.014,9.86729,3.07874,-4.29802,-0.494087,0.434721,0.452586,0.7965,0.7991,0.8035,0.08
u4338,0.014,15.6168,2.55304,-1.44902,-0.88073,2.00223,0.624126,0.7111,0.7778,0.8889,0.08
u4339,0.014,5.48338,-20.3759,2.68233,0.99951,-0.88526,-1.30954,0.6133,0.7533,0.9867,0.08
u4340,0.014,-1.13737,-16.7982,-4.88523,1.56912,1.78294,0.0645062,0.6813,0.7703,0.9187,0.08
u4341,0.014,12.8671,3.53152,4.1619,1.12184,1.24499,-1.24921,0.7459,0.7865,0.8541,0.08
u4342,0.014,16.9568,-3.52757,2.56684,-0.755713,0.902718,0.768162,0.6817,0.7704,0.9183,0.08
u4343,0.014,-11.4146,15.3717,1.27215,-1.65995,-0.463255,-1.00128,0.6511,0.7628,0.9489,0.08
u4344,0.014,11.8655,-13.4424,3.13737,1.17386,0.963056,-0.445946,0.669,0.7673,0.931,0.08
u4345,0.014,-6.34818,11.3771,-6.54322,-1.41605,-0.317881,2.02698,0.7349,0.7837,0.8651,0.08
u4346,0.014,-0.463814,4.72793,-8.13204,0.201048,0.636448,0.371968,0.8288,0.8072,0.7712,0.08
u4347,0.014,-5.06522,4.76112,5.59656,1.14469,-1.84031,0.130472,0.8377,0.8094,0.7623,0.08
u4348,0.014,-7.78214,0.914051,8.50432,0.0729774,-1.76149,0.737512,0.7897,0.7974,0.8103,0.08
u4349,0.014,-20.795,3.50144,2.78586,-0.675649,-0.937158,0.862336,0.6133,0.7533,0.9867,0.08
u4350,0.014,-12.2472,-2.54075,-6.69673,-0.321747,0.551305,-0.801333,0.742,0.7855,0.858,0.08
u4351,0.014,16.682,-12.2427,2.57417,-0.859152,1.10496,0.922105,0.6209,0.7552,0.9791,0.08
u4352,0.014,6.76494,20.1643,2.79384,-0.315578,1.97628,0.424379,0.61,0.7525,0.99,0.08
u4353,0.014,10.0342,-1.08407,-6.73296,0.649819,1.0205,1.07945,0.7794,0.7949,0.8206,0.08
u4354,0.014,-6.1878,-9.39154,5.70897,0.64255,-0.141576,-0.542176,0.7707,0.7927,0.8293,0.08
u4355,0.014,-6.01668,-6.37965,1.3681,1.15123,-0.880543,0.921803,0.8386,0.8097,0.7614,0.08
u4356,0.014,-10.217,-1.79424,14.2867,-0.077091,0.613288,-0.975948,0.679,0.7697,0.921,0.08
u4357,0.014,2.41417,-12.6906,3.55301,2.0084,0.181159,-0.387839,0.7564,0.7891,0.8436,0.08
u4358,0.014,0.76181,13.8639,-9.28987,0.0251753,0.537294,0.41818,0.6963,0.7741,0.9037,0.08
u4359,0.014,-2.4388,13.2703,8.52654,-0.875111,-0.931844,-0.672888,0.7098,0.7775,0.8902,0.08
u4360,0.014,6.75233,-0.9164,13.1905,-0.579739,1.1437,1.41646,0.7301,0.7825,0.8699,0.08
u4361,0.014,-5.06115,12.0444,2.40932,-0.285165,-0.399099,1.24894,0.7585,0.7896,0.8415,0.08
u4362,0.014,-3.0384,-6.1734,14.253,-1.19788,-0.79147,0.700765,0.7122,0.7781,0.8878,0.08
u4363,0.014,2.53145,-6.06331,-1.0718,0.379616,0.317509,0.775587,0.879,0.8197,0.721,0.08
u4364,0.014,4.45249,-4.01517,5.31938,-0.00140802,0.0354447,-0.940506,0.8543,0.8136,0.7457,0.08
u4365,0.014,-3.7277,-16.3401,-10.3485,0.956528,0.0170377,-0.111525,0.6419,0.7605,0.9581,0.08
u4366,0.014,4.97453,-4.18904,-11.6701,1.94531,0.0847665,-0.116531,0.7571,0.7893,0.8429,0.08
u4367,0.014,15.5448,-9.49273,-0.805582,0.673308,1.73078,-0.389384,0.6685,0.7671,0.9315,0.08
u4368,0.014,-8.25492,-7.88343,3.86114,1.12497,-1.08243,0.709855,0.7809,0.7952,0.8191,0.08
u4369,0.014,0.225128,7.10741,-0.545955,-1.05297,-0.418874,2.9437,0.8703,0.8176,0.7297,0.08
u4370,0.014,-11.7543,-4.5788,-0.680778,-0.0732747,-1.44667,1.04793,0.7703,0.7926,0.8297,0.08
u4371,0.014,-4.01482,16.7594,6.90463,-1.54525,-1.17967,-0.495794,0.6624,0.7656,0.9376,0.08
u4372,0.014,-10.9623,-4.21757,-4.31698,0.740709,-0.455528,0.954995,0.7725,0.7931,0.8275,0.08
u4373,0.014,-5.78218,-11.8108,-6.18972,0.557496,0.629588,0.459961,0.7357,0.7839,0.8643,0.08
u4374,0.014,-1.15819,-0.43911,14.2703,-0.267961,0.982129,-0.38745,0.7396,0.7849,0.8604,0.08
u4375,0.014,1.59477,-5.32076,8.49715,0.103397,1.17838,0.0361988,0.8154,0.8039,0.7846,0.08
u4376,0.014,10.9273,3.78977,-10.1298,0.920331,0.702762,-0.292674,0.7205,0.7801,0.8795,0.08
u4377,0.014,-7.23159,9.2202,3.32412,0.828692,0.110076,0.213889,0.7785,0.7946,0.8215,0.08
u4378,0.014,-13.5319,1.94014,6.23472,-0.644231,-0.58027,-0.17508,0.7268,0.7817,0.8732,0.08
u4379,0.014,6.3375,16.4956,0.0299448,-2.52083,0.540793,0.819748,0.6787,0.7697,0.9213,0.08
u4380,0.014,0.479961,-6.8255,7.74344,-1.72132,1.01407,0.191838,0.8121,0.803,0.7879,0.08
u4381,0.014,-21.0074,0.169773,3.93898,1.14806,-1.69746,-0.0800324,0.6114,0.7528,0.9886,0.08
u4382,0.014,-15.9528,2.13676,4.91167,0.705292,-1.19125,0.0801914,0.694,0.7735,0.906,0.08
u4383,0.014,1.51297,0.486253,-16.0797,-0.0750083,-0.531433,-1.08627,0.7062,0.7766,0.8938,0.08
u4384,0.014,6.23264,-6.80283,11.4242,0.472737,1.41957,0.503703,0.733,0.7833,0.867,0.08
u4385,0.014,2.85697,-2.28603,-9.88492,-0.321324,0.780036,0.0622546,0.8084,0.8021,0.7916,0.08
u4386,0.014,13.2115,2.12465,-3.66113,0.529367,2.84663,-0.457236,0.7478,0.7869,0.8522,0.08
u4387,0.014,8.36048,-17.6494,-1.60148,2.43136,0.807702,-0.519806,0.6437,0.7609,0.9563,0.08
u4388,0.014,-7.92339,0.544319,3.6491,-0.614335,-0.441458,-0.692717,0.8411,0.8103,0.7589,0.08
u4389,0.014,-9.47313,6.20142,0.718717,-0.819827,-0.432263,-0.788763,0.7937,0.7984,0.8063,0.08
u4390,0.014,1.40297,17.5621,-8.6906,-1.33262,0.37662,0.58256,0.6428,0.7607,0.9572,0.08
u4391,0.014,-0.38145,-19.4012,5.34663,1.17784,-0.237655,-0.358123,0.634,0.7585,0.966,0.08
u4392,0.014,4.90349,-6.25813,-13.6512,0.984902,0.479214,-1.31834,0.7128,0.7782,0.8872,0.08
u4393,0.014,-0.145937,15.6558,-8.77541,0.647752,-1.6025,0.0302794,0.6737,0.7684,0.9263,0.08
u4394,0.014,-3.98381,-10.5538,7.50386,0.330139,1.12488,0.946329,0.7537,0.7884,0.8463,0.08
u4395,0.014,-6.47211,13.4416,3.62953,0.0030365,-1.52729,-0.270126,0.7208,0.7802,0.8792,0.08
u4396,0.014,4.42633,7.87249,5.74107,-1.84809,1.23927,0.312147,0.8054,0.8014,0.7946,0.08
u4397,0.014,-1.80449,-3.83791,-1.0974,0.369187,-2.07936,0.139734,0.9204,0.8301,0.6796,0.08
u4398,0.014,-14.5761,8.40062,0.422117,-0.433159,-0.309029,-0.129047,0.694,0.7735,0.906,0.08
u4399,0.014,7.44965,-18.2476,-0.743722,1.7356,-0.017106,0.00161445,0.6414,0.7603,0.9586,0.08
u4400,0.014,-4.91493,13.1774,7.55074,0.224893,-0.526858,-0.577298,0.7098,0.7774,0.8902,0.08
u4401,0.014,-2.7289,-21.0525,-2.50404,1.75725,0.440576,0.262764,0.6113,0.7528,0.9887,0.08
u4402,0.014,10.8944,-4.85196,-7.15708,-0.263769,1.40223,1.26064,0.7471,0.7868,0.8529,0.08
u4403,0.014,-10.1004,-6.18896,-4.11433,0.371151,0.189843,-0.0571063,0.772,0.793,0.828,0.08
u4404,0.014,-4.06773,-11.1131,-1.16398,0.159835,-0.621467,-0.936896,0.7838,0.7959,0.8162,0.08
u4405,0.014,-13.9462,-12.1872,8.34539,0.560526,-0.0177032,-1.10979,0.6306,0.7577,0.9694,0.08
u4406,0.014,2.25547,14.0708,-9.77805,-0.865694,0.563789,-0.107709,0.6858,0.7714,0.9142,0.08
u4407,0.014,0.026118,15.5685,5.88558,-1.09239,0.586229,0.554476,0.6974,0.7743,0.9026,0.08
u4408,0.014,11.4395,-6.59513,-12.0543,-0.736962,0.170047,1.0907,0.6749,0.7687,0.9251,0.08
u4409,0.014,-16.6056,3.97111,6.54996,-1.50637,0.416341,0.0362207,0.6675,0.7669,0.9325,0.08
u4410,0.014,12.2104,-4.84526,-7.6734,-0.882631,1.26762,-0.978058,0.7234,0.7808,0.8766,0.08
u4411,0.014,-13.4747,3.14067,-10.0854,0.0267417,-1.25271,0.238061,0.6887,0.7722,0.9113,0.08
u4412,0.014,4.13471,-12.5339,11.1916,-0.118672,-0.00278176,-1.01844,0.6854,0.7713,0.9146,0.08
u4413,0.014,1.84035,-2.64757,16.0557,0.527334,-0.869616,0.0752603,0.7022,0.7756,0.8978,0.08
u4414,0.014,-17.2827,-7.28824,-6.8708,-0.344092,-1.26014,0.0427886,0.6368,0.7592,0.9632,0.08
u4415,0.014,-10.4811,-4.74613,-3.74905,0.719399,0.264926,0.63997,0.78,0.795,0.82,0.08
u4416,0.014,5.91091,-7.68727,1.08781,0.357203,0.271095,-0.96512,0.8226,0.8056,0.7774,0.08
u4417,0.014,6.39256,-14.9813,-9.82724,-0.094557,0.702548,1.06204,0.6541,0.7635,0.9459,0.08
u4418,0.014,1.74567,-19.768,5.23693,1.98526,-1.96,0.041017,0.6268,0.7567,0.9732,0.08
u4419,0.014,5.51322,-9.47233,-0.751022,1.05224,0.0129394,0.414621,0.8003,0.8001,0.7997,0.08
u4420,0.014,5.09044,18.3154,6.61552,-1.70512,0.825616,0.535106,0.634,0.7585,0.966,0.08
u4421,0.014,-13.6432,11.2273,2.27578,-1.5967,-0.429304,-1.56685,0.6761,0.769,0.9239,0.08
u4422,0.014,-17.5028,1.73628,9.10097,-1.22782,0.313664,-0.00220793,0.6399,0.76,0.9601,0.08
u4423,0.014,-6.3963,-2.28821,-9.49799,1.0381,-2.05786,1.34917,0.7877,0.7969,0.8123,0.08
u4424,0.014,-2.84433,-1.70373,6.09812,0.467232,-1.01042,0.620874,0.8738,0.8184,0.7262,0.08
u4425,0.014,8.49026,-9.38059,-11.4881,0.895148,-0.577266,-1.73153,0.6893,0.7723,0.9107,0.08
u4426,0.014,9.77982,-5.8187,-0.804518,1.38608,-0.550354,0.961352,0.7926,0.7981,0.8074,0.08
u4427,0.014,16.7212,9.69302,6.42915,0.946749,-0.0413177,0.534595,0.6297,0.7574,0.9703,0.08
u4428,0.014,3.35533,-9.97062,-6.15533,0.0695501,-1.79218,0.282968,0.7784,0.7946,0.8216,0.08
u4429,0.014,-17.4971,-1.36646,-2.86845,-0.363818,-1.06836,-0.469459,0.6767,0.7692,0.9233,0.08
u4430,0.014,12.544,-10.1702,5.01738,0.519988,0.980565,0.532973,0.6925,0.7731,0.9075,0.08
u4431,0.014,-0.278659,-19.5191,-1.82806,1.25532,0.651498,-0.514678,0.6435,0.7609,0.9565,0.08
u4432,0.014,14.318,3.58525,8.68612,-0.767628,1.01776,0.303578,0.6886,0.7722,0.9114,0.08
u4433,0.014,-6.30861,-2.85998,-5.03986,0.173422,-0.0610908,-0.700264,0.8443,0.8111,0.7557,0.08
u4434,0.014,-4.05859,7.24217,-12.4524,0.475903,1.18076,1.68001,0.7279,0.782,0.8721,0.08
u4435,0.014,-3.54734,-7.8919,-6.0545,0.48912,0.0590629,-0.102436,0.808,0.802,0.792,0.08
u4436,0.014,-9.76154,5.59468,3.154,-0.767563,-0.597558,-0.8657,0.7875,0.7969,0.8125,0.08
u4437,0.014,-1.08199,17.7773,3.49784,-2.31576,0.115196,0.756344,0.67,0.7675,0.93,0.08
u4438,0.014,6.7512,-14.2513,-10.9816,0.145302,0.120867,0.357704,0.6506,0.7627,0.9494,0.08
u4439,0.014,-0.58136,19.372,6.24782,-1.25309,0.970974,-0.301676,0.6298,0.7574,0.9702,0.08
u4440,0.014,0.97499,3.86695,-8.48964,0.107916,1.27814,0.743769,0.8295,0.8074,0.7705,0.08
u4441,0.014,11.8451,-13.5983,4.20581,-0.417408,1.52431,-0.353028,0.6633,0.7658,0.9367,0.08
u4442,0.014,8.36392,-16.1198,1.93654,1.38074,0.630811,-1.39312,0.6679,0.767,0.9321,0.08
u4443,0.014,16.2194,2.31759,0.984259,-0.183181,0.96768,-0.620242,0.7016,0.7754,0.8984,0.08
u4444,0.014,-12.3567,-11.7416,-10.1602,2.09382,0.470315,0.815755,0.6392,0.7598,0.9608,0.08
u4445,0.014,10.042,11.4566,8.23107,-0.315508,-0.461794,-1.74078,0.6852,0.7713,0.9148,0.08
u4446,0.014,2.33024,5.08197,-8.76152,0.297108,0.0022254,-0.411911,0.811,0.8028,0.789,0.08
u4447,0.014,7.41658,-11.8906,8.09749,-0.255089,1.84985,0.570219,0.7057,0.7764,0.8943,0.08
u4448,0.014,2.17627,4.9514,10.9316,-1.1344,-0.413766,-0.392528,0.7782,0.7946,0.8218,0.08
u4449,0.014,0.166245,-9.54222,0.576463,-0.513017,2.00634,0.151642,0.8262,0.8065,0.7738,0.08
u4450,0.014,-7.29148,-6.60035,-2.95234,0.233942,0.320174,0.966678,0.8133,0.8033,0.7867,0.08
u4451,0.014,-1.64547,-19.6982,-2.80242,-0.393556,-0.805872,0.585237,0.637,0.7593,0.963,0.08
u4452,0.014,-9.77316,1.0535,-14.5234,0.465081,-1.38628,-1.53697,0.6811,0.7703,0.9189,0.08
u4453,0.014,5.69509,-2.51168,-9.42215,-1.42957,-0.310557,-0.690479,0.7947,0.7987,0.8053,0.08
u4454,0.014,11.9723,3.18021,-8.59516,0.468939,0.693441,-0.227589,0.7259,0.7815,0.8741,0.08
u4455,0.014,4.17122,-1.41047,9.43517,0.149264,-1.48305,0.491003,0.8107,0.8027,0.7893,0.08
u4456,0.014,0.894379,-18.839,2.10722,0.974246,0.482516,0.524922,0.655,0.7637,0.945,0.08
u4457,0.014,8.69438,0.358844,3.83564,0.245333,0.713838,-0.165189,0.8271,0.8068,0.7729,0.08
u4458,0.014,6.02264,-6.58502,9.74584,0.178132,-0.753451,-1.22277,0.7597,0.7899,0.8403,0.08
u4459,0.014,10.1104,-8.39822,-4.49932,0.367445,0.0863711,1.53789,0.7474,0.7869,0.8526,0.08
u4460,0.014,3.08261,17.4834,4.62931,-0.69835,-0.378499,-0.118284,0.6664,0.7666,0.9336,0.08
u4461,0.014,12.7523,-11.7777,-4.81512,0.323733,-0.392541,1.30854,0.6725,0.7681,0.9275,0.08
u4462,0.014,3.94962,-20.8389,-1.01067,0.666126,-0.512854,0.787342,0.6139,0.7535,0.9861,0.08
u4463,0.014,5.05319,-16.1994,7.50443,-0.591867,-0.0190867,-0.185849,0.6626,0.7657,0.9374,0.08
u4464,0.014,17.6465,-0.841931,-6.02797,0.678257,0.253198,-1.63667,0.6606,0.7652,0.9394,0.08
u4465,0.014,-0.343308,-17.8314,9.18033,1.1086,0.664684,0.982447,0.6353,0.7588,0.9647,0.08
u4466,0.014,-7.89001,-13.7285,-1.5297,0.351743,-0.856955,-0.119288,0.7108,0.7777,0.8892,0.08
u4467,0.014,5.20474,-4.62279,-6.27186,0.536126,0.255186,0.179551,0.8296,0.8074,0.7704,0.08
u4468,0.014,-7.53154,3.70933,-0.407781,-0.751908,-0.565369,0.37582,0.8472,0.8118,0.7528,0.08
u4469,0.014,-21.4284,-1.48341,-2.15008,-0.268936,-1.23508,0.201112,0.6075,0.7519,0.9925,0.08
u4470,0.014,1.64264,-4.17455,-5.04948,0.468622,0.499161,-0.517632,0.8772,0.8193,0.7228,0.08
u4471,0.014,-1.54345,14.2968,-7.86689,0.751199,-2.40519,-0.322652,0.702,0.7755,0.898,0.08
u4472,0.014,-7.20693,2.66714,-8.67749,-0.417375,-1.95774,-1.73995,0.7893,0.7973,0.8107,0.08
u4473,0.014,8.32955,7.90733,12.7776,-0.716035,0.294701,0.273405,0.6876,0.7719,0.9124,0.08
u4474,0.014,3.05752,-14.9586,3.49673,0.636913,0.953516,0.0313459,0.7152,0.7788,0.8848,0.08
u4475,0.014,3.89425,10.505,14.0733,-0.379338,1.1523,0.162736,0.6729,0.7682,0.9271,0.08
u4476,0.014,-6.20703,-16.981,6.66465,1.79069,-0.530413,-0.866008,0.6497,0.7624,0.9503,0.08
u4477,0.014,3.46775,-0.226928,-10.1662,-0.103261,-0.304362,-0.178509,0.8047,0.8012,0.7953,0.08
u4478,0.014,-4.30802,5.48243,-12.5618,-0.506042,0.0761022,-0.665025,0.7388,0.7847,0.8612,0.08
u4479,0.014,15.1592,0.665606,-4.6965,0.0588516,1.09973,0.821209,0.7112,0.7778,0.8888,0.08
u4480,0.014,9.96407,7.45549,3.59841,-0.468374,0.562005,0.0733108,0.7645,0.7911,0.8355,0.08
u4481,0.014,2.91367,20.3163,0.993012,-0.90309,1.34852,-0.492452,0.6264,0.7566,0.9736,0.08
u4482,0.014,-1.73305,-19.4673,-6.36435,-0.762204,1.0964,-0.837385,0.6263,0.7566,0.9737,0.08
u4483,0.014,0.028717,16.885,-9.99335,0.602116,-0.309186,0.0184326,0.6433,0.7608,0.9567,0.08
u4484,0.014,13.1421,-12.9817,-6.36742,1.89845,1.47824,-0.695367,0.6447,0.7612,0.9553,0.08
u4485,0.014,9.30037,-3.52527,-14.6605,0.0941128,0.67252,-0.960076,0.6779,0.7695,0.9221,0.08
u4486,0.014,0.308337,-6.91044,-7.20527,0.156092,0.55067,0.57035,0.8184,0.8046,0.7816,0.08
u4487,0.014,-6.43208,-11.5342,11.2947,1.64812,-0.304475,0.207918,0.684,0.771,0.916,0.08
u4488,0.014,17.4977,6.15952,-7.45327,-0.321339,1.33765,-0.441267,0.6365,0.7591,0.9635,0.08
u4489,0.014,11.9683,-13.8263,8.37086,0.755198,0.965928,0.403885,0.6343,0.7586,0.9657,0.08
u4490,0.014,11.9831,-11.6624,8.07339,0.685438,0.551419,0.150046,0.6624,0.7656,0.9376,0.08
u4491,0.014,6.62344,-15.9281,0.0503707,1.99367,-0.966397,-0.281387,0.6864,0.7716,0.9136,0.08
u4492,0.014,-15.8865,-3.36735,8.60617,1.72951,-0.517915,-0.396623,0.6658,0.7665,0.9342,0.08
u4493,0.014,13.6179,-5.02329,2.75056,1.92311,0.172634,-0.817205,0.7314,0.7828,0.8686,0.08
u4494,0.014,8.22742,-1.67284,-10.2918,0.75883,1.23225,0.426169,0.7585,0.7896,0.8415,0.08
u4495,0.014,-1.29668,18.6633,7.62859,0.14776,0.482687,0.712131,0.6327,0.7582,0.9673,0.08
u4496,0.014,-1.26244,15.7696,0.488926,-0.897546,-0.206543,-0.217766,0.7122,0.7781,0.8878,0.08
u4497,0.014,-12.1682,4.48922,-2.01282,-1.51257,-0.740269,-2.07089,0.7614,0.7903,0.8386,0.08
u4498,0.014,11.3694,6.55786,-2.1182,0.475992,-0.150545,0.239833,0.7583,0.7896,0.8417,0.08
u4499,0.014,-7.95893,8.87831,7.05763,-0.321057,-0.246442,-1.17543,0.7481,0.787,0.8519,0.08
u4500,0.014,2.70575,-9.39768,-13.9013,-0.397591,0.850178,-1.20742,0.691,0.7727,0.909,0.08
u4501,0.014,-11.2655,2.28038,-8.8153,-0.0474352,-0.805624,-1.21944,0.7366,0.7842,0.8634,0.08
u4502,0.014,6.85925,3.60463,10.0757,-0.860378,0.661895,0.907393,0.7689,0.7922,0.8311,0.08
u4503,0.014,4.27858,-15.5013,4.96784,1.26494,0.405654,0.0899605,0.694,0.7735,0.906,0.08
u4504,0.014,11.1595,-9.39514,-0.460324,1.06636,0.659885,-1.20673,0.7346,0.7837,0.8654,0.08
u4505,0.014,-0.130306,-0.71883,-7.66605,-0.399707,-0.44447,1.66678,0.86,0.815,0.74,0.08
u4506,0.014,-13.9664,-15.7275,-4.28882,0.903316,0.231862,-0.441325,0.6097,0.7524,0.9903,0.08
u4507,0.014,8.48534,11.4255,-3.25731,-0.25424,1.77029,-0.661838,0.7346,0.7836,0.8654,0.08
u4508,0.014,-16.6246,1.4579,-4.43854,-0.833524,-0.861292,1.15106,0.686,0.7715,0.914,0.08
u4509,0.014,19.3679,-2.84261,-4.3081,-0.21797,-0.535111,-1.13746,0.6356,0.7589,0.9644,0.08
u4510,0.014,-12.596,-10.3906,5.92564,0.0029392,-0.623115,-0.0362946,0.6842,0.771,0.9158,0.08
u4511,0.014,3.76234,3.96273,14.8384,1.13949,0.387593,0.607157,0.7125,0.7781,0.8875,0.08
u4512,0.014,-5.0089,11.7655,9.0779,-2.0406,0.66072,-0.246605,0.7149,0.7787,0.8851,0.08
u4513,0.014,-0.425164,16.5461,1.69152,-0.196062,0.70306,-0.0522537,0.6975,0.7744,0.9025,0.08
u4514,0.014,11.2288,-4.2167,1.23122,1.17496,0.722371,-0.470332,0.7808,0.7952,0.8192,0.08
u4515,0.014,10.779,-1.79262,-12.3957,1.28934,-0.341891,0.205945,0.6996,0.7749,0.9004,0.08
u4516,0.014,-20.3511,-3.1943,-0.781406,0.387197,-0.802539,0.950617,0.6252,0.7563,0.9748,0.08
u4517,0.014,-2.3763,-6.234,-0.415999,-0.502614,-0.878694,0.352331,0.8785,0.8196,0.7215,0.08
u4518,0.014,-1.97361,0.976606,6.29537,-0.483972,1.249,-0.324763,0.8787,0.8197,0.7213,0.08
u4519,0.014,-14.5915,-4.54367,6.52603,-0.636003,-1.68572,0.824504,0.6979,0.7745,0.9021,0.08
u4520,0.014,-2.35586,17.6613,-2.39286,-0.0514041,1.76047,1.1196,0.6731,0.7683,0.9269,0.08
u4521,0.014,-10.8862,-10.8873,-4.99554,-1.2175,-0.271079,-0.783624,0.7057,0.7764,0.8943,0.08
u4522,0.014,14.5139,10.9718,3.42454,-0.781764,0.378159,-0.460274,0.6634,0.7658,0.9366,0.08
u4523,0.014,5.12116,-15.8065,5.56081,1.47542,0.647216,0.380336,0.6814,0.7704,0.9186,0.08
u4524,0.014,9.11425,-2.92766,-1.0037,-1.23914,-0.659247,-1.03334,0.825,0.8062,0.775,0.08
u4525,0.014,-1.59307,-4.99792,5.3302,-0.122603,0.917908,1.50911,0.864,0.816,0.736,0.08
u4526,0.014,-0.277925,-0.596024,12.3745,-0.465385,-0.156851,0.175647,0.7747,0.7937,0.8253,0.08
u4527,0.014,-3.71136,-16.9136,-5.20532,2.79497,-0.300507,-1.09734,0.6712,0.7678,0.9288,0.08
u4528,0.014,7.36071,-0.981018,-10.2015,0.132314,0.296996,-0.326229,0.7706,0.7926,0.8294,0.08
u4529,0.014,-10.361,7.33988,-0.708321,-0.418623,-0.692754,-0.941419,0.7688,0.7922,0.8312,0.08
u4530,0.014,-5.36016,12.6638,3.75843,-2.87679,1.58899,-0.137731,0.7408,0.7852,0.8592,0.08
u4531,0.014,0.743278,-1.94557,-9.76582,0.641803,0.896722,0.253507,0.8184,0.8046,0.7816,0.08
u4532,0.014,5.68746,-8.72819,-3.30274,0.802443,0.261378,-0.904435,0.8013,0.8003,0.7987,0.08
u4533,0.014,6.38947,-11.153,2.57074,0.750064,0.272703,0.658114,0.7617,0.7904,0.8383,0.08
u4534,0.014,-8.41296,-14.7517,9.59679,-0.283356,0.687202,-0.958183,0.6453,0.7613,0.9547,0.08
u4535,0.014,4.81142,8.11401,-5.57472,-0.86081,0.510877,-0.185361,0.8008,0.8002,0.7992,0.08
u4536,0.014,-9.40719,-6.43296,1.57253,2.44102,0.103401,1.46413,0.7908,0.7977,0.8092,0.08
u4537,0.014,0.828056,21.3082,-1.35836,-1.15309,0.1796,0.356236,0.6115,0.7529,0.9885,0.08
u4538,0.014,11.1085,7.67371,-11.9453,0.122415,-1.62384,1.49463,0.6722,0.7681,0.9278,0.08
u4539,0.014,-7.61944,17.2965,0.290688,-0.685432,-1.61734,0.800355,0.6563,0.7641,0.9437,0.08
u4540,0.014,13.6886,13.6397,-7.86835,-1.4694,1.01749,0.773086,0.6206,0.7552,0.9794,0.08
u4541,0.014,3.49025,-11.0592,5.36623,0.712991,1.14036,0.401607,0.7677,0.7919,0.8323,0.08
u4542,0.014,3.13773,-0.841601,6.74161,0.627282,-0.332059,-0.594871,0.8639,0.816,0.7361,0.08
u4543,0.014,-7.60263,-16.4544,-7.67787,0.739936,-0.661227,-0.217611,0.6421,0.7605,0.9579,0.08
u4544,0.014,17.7615,2.418,-8.75326,-1.18336,0.616832,0.430979,0.6373,0.7593,0.9627,0.08
u4545,0.014,5.22478,2.60965,-4.42486,0.774597,-1.05947,-0.105009,0.8668,0.8167,0.7332,0.08
u4546,0.014,3.02896,17.013,-1.50787,-0.502849,1.37056,-0.155255,0.6846,0.7712,0.9154,0.08
u4547,0.014,-5.14722,0.908133,-15.4246,-1.18341,0.421966,-0.258091,0.7039,0.776,0.8961,0.08
u4548,0.014,8.27472,6.98213,-3.03397,-0.603579,0.766886,-1.29852,0.7956,0.7989,0.8044,0.08
u4549,0.014,6.59233,0.24917,9.90308,1.193,1.22578,1.05318,0.7837,0.7959,0.8163,0.08
u4550,0.014,-5.49345,-8.60588,7.95116,1.2828,0.984076,0.978045,0.7647,0.7912,0.8353,0.08
u4551,0.014,-7.8286,14.8998,-5.83798,-0.447654,-1.44863,0.155287,0.6761,0.769,0.9239,0.08
u4552,0.014,-14.0703,-4.5563,10.7765,-0.945607,-0.226639,0.454476,0.6673,0.7668,0.9327,0.08
u4553,0.014,7.4867,10.1077,3.83477,-0.416892,1.92424,-1.60571,0.7609,0.7902,0.8391,0.08
u4554,0.014,19.6041,4.79784,-5.74489,-0.518131,1.12415,-0.774068,0.6185,0.7546,0.9815,0.08
u4555,0.014,-4.40978,-7.03518,-8.06584,1.12474,0.021042,-0.0772472,0.7895,0.7974,0.8105,0.08
u4556,0.014,15.1663,-15.7644,-1.18193,1.17853,1.53205,0.924854,0.6017,0.7504,0.9983,0.08
u4557,0.014,7.43228,5.56558,3.90607,-0.558952,2.14099,-2.37277,0.8168,0.8042,0.7832,0.08
u4558,0.014,3.02245,7.0496,-8.49544,1.44461,0.00088448,1.30688,0.7919,0.798,0.8081,0.08
u4559,0.014,1.71802,-11.246,-6.90898,0.709923,-0.453447,-0.322673,0.758,0.7895,0.842,0.08
u4560,0.014,-5.05089,-13.0386,0.0589417,0.430568,-0.511897,1.01874,0.7458,0.7864,0.8542,0.08
u4561,0.014,-1.21355,5.82349,10.804,1.06742,-0.786286,-1.50515,0.7758,0.7939,0.8242,0.08
u4562,0.014,12.3175,-13.3984,-7.06791,0.0881841,0.797479,0.542008,0.645,0.7613,0.955,0.08
u4563,0.014,-14.959,3.90409,-9.83922,-0.826209,0.16453,0.602002,0.6668,0.7667,0.9332,0.08
u4564,0.014,-6.8945,5.79185,5.53498,1.24727,-1.4929,-0.203589,0.8078,0.802,0.7922,0.08
u4565,0.014,12.0058,7.97339,2.00754,-0.135872,-0.0953696,0.2862,0.7354,0.7839,0.8646,0.08
u4566,0.014,8.00475,-12.3134,10.4777,0.0313156,-1.62095,-1.51725,0.672,0.768,0.928,0.08
u4567,0.014,-17.3974,-8.40198,-3.58018,-0.392697,-1.05223,0.577721,0.6427,0.7607,0.9573,0.08
u4568,0.014,-12.0186,3.43605,-5.43059,0.180388,1.58892,0.166578,0.7522,0.7881,0.8478,0.08
u4569,0.014,7.22397,-6.12409,10.6787,0.729542,0.886454,0.0422286,0.7405,0.7851,0.8595,0.08
u4570,0.014,1.22386,0.232902,5.02024,-0.589,-0.0592741,-0.570208,0.906,0.8265,0.694,0.08
u4571,0.014,7.72035,11.6494,-3.71411,-0.114072,2.18065,-0.854198,0.7371,0.7843,0.8629,0.08
u4572,0.014,-13.0719,-4.03268,7.83487,-0.889971,0.335258,-0.622829,0.7134,0.7783,0.8866,0.08
u4573,0.014,-15.6317,7.59701,-0.232567,0.164568,-0.976839,0.421863,0.684,0.771,0.916,0.08
u4574,0.014,-3.84549,-14.086,-6.47571,1.58906,0.0151957,-1.26656,0.7096,0.7774,0.8904,0.08
u4575,0.014,-0.169231,-0.818209,12.4172,-0.338467,1.03963,-0.564498,0.7737,0.7934,0.8263,0.08
u4576,0.014,2.1146,-4.86318,3.14148,-0.0288563,0.133405,-1.46171,0.8879,0.822,0.7121,0.08
u4577,0.014,3.36491,11.9854,8.00959,-0.0887993,0.220083,1.31766,0.7309,0.7827,0.8691,0.08
u4578,0.014,-3.92586,0.111151,15.2549,0.120823,0.571468,0.387686,0.7136,0.7784,0.8864,0.08
u4579,0.014,-8.04427,-4.90563,12.5791,-0.487474,-1.84974,-1.36917,0.7142,0.7786,0.8858,0.08
u4580,0.014,-5.53367,6.60282,14.1356,-0.0872895,-1.08395,0.151688,0.699,0.7748,0.901,0.08
u4581,0.014,-10.1753,-2.8674,4.38089,0.15654,0.817425,0.171559,0.7919,0.798,0.8081,0.08
u4582,0.014,5.47267,13.0489,8.11844,-0.352653,0.862161,-0.793027,0.7034,0.7758,0.8966,0.08
u4583,0.014,-3.6228,-1.95485,9.91108,0.546857,0.26777,-0.643864,0.8049,0.8012,0.7951,0.08
u4584,0.014,-11.2362,11.5593,7.60864,0.516746,-1.70625,1.41096,0.6759,0.769,0.9241,0.08
u4585,0.014,10.1708,-11.6613,-0.13524,1.35793,1.11284,1.36031,0.7187,0.7797,0.8813,0.08
u4586,0.014,3.88152,5.46894,2.67749,-0.986806,1.80331,-0.715277,0.8687,0.8172,0.7313,0.08
u4587,0.014,-3.37169,14.2473,-4.00405,-0.697902,0.16865,-0.21051,0.724,0.781,0.876,0.08
u4588,0.014,-4.57936,12.9081,-10.4037,-1.648,-0.629351,-0.544879,0.6873,0.7718,0.9127,0.08
u4589,0.014,1.53331,3.18221,1.91548,-0.505985,0.761029,-0.187631,0.9269,0.8317,0.6731,0.08
u4590,0.014,11.6654,8.43713,-4.74282,-0.88494,0.547738,0.101427,0.7244,0.7811,0.8756,0.08
u4591,0.014,8.16368,-14.931,-9.41428,0.70549,-0.568544,2.41039,0.6464,0.7616,0.9536,0.08
u4592,0.014,12.1179,3.30518,6.31231,-0.375964,0.603684,0.453681,0.7444,0.7861,0.8556,0.08
u4593,0.014,8.58044,-20.0032,-0.71502,1.76424,0.779245,0.642681,0.604,0.751,0.996,0.08
u4594,0.014,3.77024,-2.48336,5.31606,0.117153,-1.01209,0.00868429,0.8732,0.8183,0.7268,0.08
u4595,0.014,9.7892,1.53081,0.669932,-0.397679,0.434297,-0.346709,0.8194,0.8049,0.7806,0.08
u4596,0.014,6.40636,-4.73772,14.4281,-0.479939,-0.279473,0.0176326,0.7003,0.7751,0.8997,0.08
u4597,0.014,-17.9887,2.98825,8.52193,-0.610986,-1.38442,1.02022,0.634,0.7585,0.966,0.08
u4598,0.014,-5.80747,10.7659,10.4486,-1.21136,-1.70398,-0.112525,0.7075,0.7769,0.8925,0.08
u4599,0.014,5.11018,-10.7334,6.63566,0.597498,0.0758736,-0.258765,0.7525,0.7881,0.8475,0.08
u4600,0.014,-7.26397,-18.8341,5.44368,2.31646,-1.3817,0.429198,0.6199,0.755,0.9801,0.08
u4601,0.014,8.1419,-17.1702,-4.05938,0.489262,0.186416,0.0396705,0.6467,0.7617,0.9533,0.08
u4602,0.014,-0.590349,-2.99903,-1.1104,-0.768153,0.828235,-0.51885,0.9409,0.8352,0.6591,0.08
u4603,0.014,0.115474,-14.4611,-0.584405,1.44475,1.15841,-0.143047,0.7368,0.7842,0.8632,0.08
u4604,0.014,-2.96902,11.5571,10.2633,-1.002,-0.437573,-0.17137,0.7138,0.7785,0.8862,0.08
u4605,0.014,12.992,-8.11351,3.33491,1.78827,-0.61942,0.0381106,0.715,0.7787,0.885,0.08
u4606,0.014,3.45849,-13.2759,-8.0638,0.810049,-0.342463,1.03466,0.7107,0.7777,0.8893,0.08
u4607,0.014,-18.1102,-0.497018,-3.38898,-0.150458,-0.958538,1.37675,0.6649,0.7662,0.9351,0.08
u4608,0.014,11.7061,-2.97526,12.7577,-0.899498,-0.303641,0.00281611,0.6806,0.7701,0.9194,0.08
u4609,0.014,-14.0077,6.45155,-1.44595,-1.50405,-1.6574,-0.113018,0.7184,0.7796,0.8816,0.08
u4610,0.014,-7.4896,7.15162,-1.89716,-0.192088,-0.65746,1.14938,0.8086,0.8021,0.7914,0.08
u4611,0.014,-3.59592,-3.37917,5.12687,0.934263,0.189151,-0.108174,0.8706,0.8177,0.7294,0.08
u4612,0.014,8.17063,13.929,-2.20056,-1.87048,-0.607186,-1.64294,0.7037,0.7759,0.8963,0.08
u4613,0.014,-16.0528,-6.39944,5.50813,-0.713916,-1.68079,0.70708,0.6702,0.7676,0.9298,0.08
u4614,0.014,1.50745,18.1028,-6.18601,-0.394243,0.494828,-0.52809,0.6511,0.7628,0.9489,0.08
u4615,0.014,-13.0998,-12.2097,8.3236,0.28491,0.10366,-0.849947,0.641,0.7602,0.959,0.08
u4616,0.014,-5.96355,8.14515,2.5686,-0.797785,-1.20569,0.506714,0.8106,0.8027,0.7894,0.08
u4617,0.014,18.7897,-9.97707,4.05006,-0.449787,2.12275,-0.0244857,0.6062,0.7516,0.9938,0.08
u4618,0.014,15.7316,-2.03726,-6.3052,0.694599,0.479008,0.220772,0.6896,0.7724,0.9104,0.08
u4619,0.014,-5.26096,14.189,-5.75516,-1.13732,1.40231,-1.33818,0.7056,0.7764,0.8944,0.08
u4620,0.014,-16.065,-1.64746,2.87078,-1.19405,-0.713703,1.36152,0.7018,0.7754,0.8982,0.08
u4621,0.014,-14.0551,0.444013,-7.29235,0.506223,-0.0394393,-1.58032,0.712,0.778,0.888,0.08
u4622,0.014,-10.662,2.85527,4.59511,-0.737888,-1.03814,0.471496,0.7826,0.7957,0.8174,0.08
u4623,0.014,-0.674891,-11.5906,7.21358,1.37189,-1.10739,-1.07555,0.7515,0.7879,0.8485,0.08
u4624,0.014,-3.63636,-16.3141,10.441,0.738867,-1.38537,0.0906768,0.6417,0.7604,0.9583,0.08
u4625,0.014,-10.6034,11.9486,-1.56892,0.207573,0.0835469,0.830439,0.7081,0.777,0.8919,0.08
u4626,0.014,10.8485,2.54182,-10.6834,-0.070892,-0.882852,0.0055015,0.7193,0.7798,0.8807,0.08
u4627,0.014,3.0045,11.1627,-1.46083,-0.410315,1.12709,1.83353,0.7881,0.797,0.8119,0.08
u4628,0.014,-8.80888,-2.64058,8.90645,0.107618,1.47805,1.32506,0.7672,0.7918,0.8328,0.08
u4629,0.014,-3.71951,0.339012,14.2407,-0.163889,-0.281667,0.488974,0.7323,0.7831,0.8677,0.08
u4630,0.014,0.830794,-16.0598,-1.26371,1.10866,1.41337,0.025304,0.7067,0.7767,0.8933,0.08
u4631,0.014,-0.817927,4.59703,4.65796,-0.934253,-0.130744,0.945351,0.8801,0.82,0.7199,0.08
u4632,0.014,7.95704,-1.30155,-7.5901,-0.885606,0.647356,0.163704,0.7987,0.7997,0.8013,0.08
u4633,0.014,-5.17803,14.6359,7.39505,-0.664033,-1.76403,-0.445306,0.6873,0.7718,0.9127,0.08
u4634,0.014,4.87961,5.86441,1.64672,-2.01177,-0.366357,-0.682688,0.8581,0.8145,0.7419,0.08
u4635,0.014,-12.4832,1.65361,-6.72491,1.01504,-1.38573,0.731672,0.7404,0.7851,0.8596,0.08
u4636,0.014,7.65726,-11.652,-11.9277,0.906736,0.382338,0.298546,0.6664,0.7666,0.9336,0.08
u4637,0.014,-10.2116,-12.559,-8.02357,0.455143,-0.820841,-0.872444,0.6715,0.7679,0.9285,0.08
u4638,0.014,-11.0943,-5.10422,9.19712,0.379242,0.421019,0.447165,0.722,0.7805,0.878,0.08
u4639,0.014,3.57092,7.59645,-2.96512,-1.00712,-0.49429,-0.755784,0.8381,0.8095,0.7619,0.08
u4640,0.014,8.99986,-17.6396,-3.05527,0.586157,-0.940585,-0.540726,0.6357,0.7589,0.9643,0.08
u4641,0.014,-8.12172,0.924496,11.833,0.358651,-0.416581,0.621981,0.7385,0.7846,0.8615,0.08
u4642,0.014,-5.37583,-11.166,0.516911,1.71976,-1.11389,0.414524,0.7745,0.7936,0.8255,0.08
u4643,0.014,16.9191,3.54034,-0.919312,-0.463426,0.285094,0.166649,0.6853,0.7713,0.9147,0.08
u4644,0.014,1.4292,-8.26059,-10.55,0.584693,-0.630252,1.45742,0.755,0.7887,0.845,0.08
u4645,0.014,16.2678,12.5095,-3.72228,-0.0639349,0.887407,1.37304,0.6208,0.7552,0.9792,0.08
u4646,0.014,-5.47228,-16.2525,-8.05324,-0.571083,-1.13287,0.435293,0.6555,0.7639,0.9445,0.08
u4647,0.014,7.77801,-13.6717,5.399,0.985383,0.374414,0.421323,0.6976,0.7744,0.9024,0.08
u4648,0.014,6.18465,3.38457,-8.05369,-0.597247,0.106713,-1.16241,0.8054,0.8013,0.7946,0.08
u4649,0.014,-7.96439,-17.4407,1.04164,1.58432,-1.0624,-1.98434,0.6509,0.7627,0.9491,0.08
u4650,0.014,-12.6479,-7.7389,9.25033,1.01853,0.415759,-0.0518065,0.6822,0.7706,0.9178,0.08
u4651,0.014,3.05251,-3.92548,-11.3474,-0.842221,0.58622,-0.220376,0.7747,0.7937,0.8253,0.08
u4652,0.014,-8.90842,-11.818,7.73267,-0.596906,-1.2766,1.15538,0.6964,0.7741,0.9036,0.08
u4653,0.014,8.69752,2.31672,11.5833,-0.0321195,-0.0116474,0.258869,0.7333,0.7833,0.8667,0.08
u4654,0.014,-10.9734,-6.77344,8.02469,0.304126,-1.16076,0.741128,0.7238,0.781,0.8762,0.08
u4655,0.014,0.289951,11.1143,-7.89268,-0.569956,1.14244,0.0590791,0.7521,0.788,0.8479,0.08
u4656,0.014,-2.18945,-1.21199,4.38294,-0.339663,-0.290293,0.316394,0.9082,0.8271,0.6918,0.08
u4657,0.014,9.79029,-9.54109,9.51746,0.922155,-0.523693,0.125761,0.6971,0.7743,0.9029,0.08
u4658,0.014,-10.0248,-18.733,-1.97608,1.41156,0.0228104,0.890577,0.612,0.753,0.988,0.08
u4659,0.014,9.94537,5.73153,6.75753,-0.152775,-0.63048,0.402603,0.7578,0.7895,0.8422,0.08
u4660,0.014,0.839978,19.1884,-6.60283,-0.475541,-1.56608,-0.73573,0.6307,0.7577,0.9693,0.08
u4661,0.014,4.32232,10.8149,-10.1948,-0.192007,0.0597253,-0.0791643,0.7186,0.7796,0.8814,0.08
u4662,0.014,7.52876,-5.16495,6.62121,1.29277,-0.59386,-0.295036,0.7949,0.7987,0.8051,0.08
u4663,0.014,8.19535,11.5069,-12.3755,-0.171696,2.4881,0.806071,0.6585,0.7646,0.9415,0.08
u4664,0.014,13.4689,14.9712,4.34817,-0.746322,1.08274,1.08147,0.6254,0.7564,0.9746,0.08
u4665,0.014,-8.05112,1.01461,-3.96517,-0.81353,-1.56812,-0.749649,0.8358,0.8089,0.7642,0.08
u4666,0.014,-19.5808,8.43731,2.57204,-1.3012,0.43103,0.935163,0.6095,0.7524,0.9905,0.08
u4667,0.014,-2.46883,-8.61109,0.0292673,1.64861,-2.44371,-0.168523,0.8371,0.8093,0.7629,0.08
u4668,0.014,2.0731,3.79983,15.6622,-0.917573,1.72657,1.04884,0.7046,0.7761,0.8954,0.08
u4669,0.014,-0.332402,2.29501,5.18763,-0.941166,-1.81329,-0.0471399,0.8967,0.8242,0.7033,0.08
u4670,0.014,7.65926,9.84602,11.7268,-1.6096,1.42912,-0.4538,0.6887,0.7722,0.9113,0.08
u4671,0.014,-15.0563,13.7938,-0.386149,-1.59543,-0.545216,-1.09385,0.6287,0.7572,0.9713,0.08
u4672,0.014,-4.08373,2.51603,-1.24616,-1.83089,-0.0378813,-1.18283,0.9099,0.8275,0.6901,0.08
u4673,0.014,3.45947,-15.3401,5.3099,1.57297,0.485837,1.74157,0.6982,0.7746,0.9018,0.08
u4674,0.014,10.4369,-14.6382,-1.71841,0.7828,0.463851,0.303059,0.6716,0.7679,0.9284,0.08
u4675,0.014,11.5458,-0.625808,8.16817,-0.083232,1.63178,0.282311,0.7426,0.7857,0.8574,0.08
u4676,0.014,-0.438616,-11.2434,7.46867,-0.263196,0.427516,0.805808,0.7545,0.7886,0.8455,0.08
u4677,0.014,9.74235,-14.3842,-6.54403,1.10613,0.841506,-0.0978266,0.6625,0.7656,0.9375,0.08
u4678,0.014,-11.8044,1.95873,3.86004,-0.783875,-0.350684,1.74799,0.7714,0.7929,0.8286,0.08
u4679,0.014,2.68226,2.48291,6.89021,-0.118662,0.334534,-0.190241,0.8582,0.8145,0.7418,0.08
u4680,0.014,0.252161,-19.1678,-4.07214,0.800859,0.528472,-0.0888081,0.6437,0.7609,0.9563,0.08
u4681,0.014,9.91293,3.06697,-6.49068,0.635891,-0.543811,-0.243748,0.7775,0.7944,0.8225,0.08
u4682,0.014,-16.268,-7.41199,0.228568,1.12578,-1.91545,0.832237,0.6749,0.7687,0.9251,0.08
u4683,0.014,-5.76882,-8.65309,10.8733,-0.0404694,-1.58679,-0.981692,0.7264,0.7816,0.8736,0.08
u4684,0.014,-1.6143,4.93978,-0.52472,-0.865168,-0.627909,0.0104558,0.905,0.8263,0.695,0.08
u4685,0.014,18.8737,8.3173,3.32146,-0.00856098,0.269427,1.51749,0.6202,0.755,0.9798,0.08
u4686,0.014,-3.16752,16.9282,-5.62637,-0.445373,-1.40052,-0.0426578,0.6706,0.7676,0.9294,0.08
u4687,0.014,-14.8614,5.85339,4.7952,0.460191,-0.323455,0.493633,0.6968,0.7742,0.9032,0.08
u4688,0.014,16.095,-6.78476,-9.80811,-0.503933,0.0299736,-1.13813,0.6358,0.7589,0.9642,0.08
u4689,0.014,4.85595,14.5296,-10.56,-0.361652,-0.345043,-1.21119,0.6617,0.7654,0.9383,0.08
u4690,0.014,7.67774,-5.22973,-2.95553,0.216088,0.30293,-0.366701,0.8228,0.8057,0.7772,0.08
u4691,0.014,18.6713,-4.311,-5.38726,0.431678,1.73349,-0.334955,0.6381,0.7595,0.9619,0.08
u4692,0.014,-11.5346,-5.97542,1.73237,0.640096,-1.58401,1.96886,0.7617,0.7904,0.8383,0.08
u4693,0.014,7.63723,-19.7451,-3.30378,1.73979,1.25245,0.162277,0.6104,0.7526,0.9896,0.08
u4694,0.014,8.0933,11.5147,-0.658254,-0.245913,-0.719485,0.339552,0.7438,0.786,0.8562,0.08
u4695,0.014,17.7925,-3.29754,-8.39354,0.994293,-0.452613,-1.11814,0.6373,0.7593,0.9627,0.08
u4696,0.014,-0.0225794,1.20194,-10.9267,0.713003,-0.769329,0.206349,0.8001,0.8,0.7999,0.08
u4697,0.014,-17.1546,-7.45922,-2.67328,-0.12807,-0.247843,0.172151,0.6564,0.7641,0.9436,0.08
u4698,0.014,-0.815196,-17.5229,-9.93015,-0.309228,0.175549,0.563443,0.6335,0.7584,0.9665,0.08
u4699,0.014,0.378307,16.561,-0.501322,-0.781934,0.518016,0.19246,0.6987,0.7747,0.9013,0.08
u4700,0.014,19.4061,-5.94811,5.03727,1.11607,1.65886,1.02473,0.6198,0.7549,0.9802,0.08
u4701,0.014,-13.7614,4.65181,-7.80418,-0.625686,-0.587488,0.770288,0.7002,0.775,0.8998,0.08
u4702,0.014,-13.3393,4.80292,6.14762,0.0450482,0.473357,0.443749,0.719,0.7798,0.881,0.08
u4703,0.014,0.675692,5.99377,-9.80676,-0.0514707,-0.171921,-0.546014,0.7907,0.7977,0.8093,0.08
u4704,0.014,5.67509,-11.4891,-11.8913,-0.278287,0.340355,-1.5373,0.6822,0.7705,0.9178,0.08
u4705,0.014,14.1768,7.6444,-0.543419,-1.23503,0.337712,-0.579244,0.707,0.7767,0.893,0.08
u4706,0.014,5.84688,0.594348,-12.5065,1.31435,0.564108,1.12061,0.7488,0.7872,0.8512,0.08
u4707,0.014,-3.5549,-5.24244,0.912767,-0.446657,-1.49413,2.07848,0.8836,0.8209,0.7164,0.08
u4708,0.014,-13.2852,6.0691,-10.1909,-0.253384,0.566622,-0.677131,0.6762,0.769,0.9238,0.08
u4709,0.014,-1.95427,12.3658,5.90249,-0.464117,-2.12988,-0.094976,0.7483,0.7871,0.8517,0.08
u4710,0.014,9.0425,-7.64828,-2.58775,0.168448,1.0092,1.84745,0.7796,0.7949,0.8204,0.08
u4711,0.014,-4.61601,13.1812,7.49466,-1.18983,-0.0904372,-1.05104,0.7118,0.778,0.8882,0.08
u4712,0.014,7.93923,-2.15622,15.0149,-1.32242,1.28816,-0.953167,0.6887,0.7722,0.9113,0.08
u4713,0.014,-4.33597,5.14644,-12.1902,1.02592,0.0940474,-0.316161,0.7468,0.7867,0.8532,0.08
u4714,0.014,3.28964,12.7834,-2.87555,-2.08023,0.97424,-1.74548,0.7544,0.7886,0.8456,0.08
u4715,0.014,5.79203,-9.91642,7.93034,-0.149131,-0.679822,-0.772681,0.7463,0.7866,0.8537,0.08
u4716,0.014,-14.9187,4.10082,9.39595,-0.345199,-0.273196,0.287302,0.6709,0.7677,0.9291,0.08
u4717,0.014,10.2075,-14.7125,-5.58199,1.25686,0.728253,0.00185084,0.659,0.7647,0.941,0.08
u4718,0.014,-7.1219,0.16115,4.69698,0.172336,-0.337252,-0.459303,0.8449,0.8112,0.7551,0.08
u4719,0.014,-4.71507,-12.6764,0.377589,0.793785,-1.05375,0.367207,0.754,0.7885,0.846,0.08
u4720,0.014,-10.3103,1.17872,-7.21077,0.132707,1.08193,0.598259,0.7702,0.7926,0.8298,0.08
u4721,0.014,-6.50513,-3.53136,14.6455,0.208524,-0.456743,0.0730096,0.7016,0.7754,0.8984,0.08
u4722,0.014,-7.68652,-1.85238,-8.44201,-0.668376,-0.093583,0.636298,0.7897,0.7974,0.8103,0.08
u4723,0.014,2.1263,-11.8132,2.57859,0.508838,-0.147133,1.6716,0.7768,0.7942,0.8232,0.08
u4724,0.014,-11.8361,-0.0469507,9.09547,-0.532741,-1.0883,0.176278,0.7286,0.7821,0.8714,0.08
u4725,0.014,1.23603,-1.24633,2.01379,-0.539308,0.667098,0.974287,0.9514,0.8379,0.6486,0.08
u4726,0.014,-11.3978,12.3627,7.28,-1.6101,-0.35118,-1.49182,0.6668,0.7667,0.9332,0.08
u4727,0.014,11.127,1.57022,-7.19516,-0.978266,0.910891,-1.24338,0.7574,0.7893,0.8426,0.08
u4728,0.014,1.45445,12.1735,12.6328,-1.46205,0.999369,-0.529327,0.6799,0.77,0.9201,0.08
u4729,0.014,1.98382,-7.23209,-14.2226,0.367464,0.117864,-0.263014,0.7077,0.7769,0.8923,0.08
u4730,0.014,2.3855,15.3407,-4.63125,0.713268,1.11777,-0.98027,0.7054,0.7764,0.8946,0.08
u4731,0.014,0.779894,-21.3434,3.74729,2.41627,-0.147508,-1.32683,0.6057,0.7514,0.9943,0.08
u4732,0.014,2.11482,16.1653,1.56802,-1.10471,1.55418,-0.391636,0.7022,0.7756,0.8978,0.08
u4733,0.014,-3.87972,1.78888,-15.0083,-0.778683,-0.482084,0.142363,0.7163,0.7791,0.8837,0.08
u4734,0.014,-6.92977,-4.85941,6.09642,1.8761,-0.65542,0.789169,0.8103,0.8026,0.7897,0.08
u4735,0.014,-2.95981,-13.9201,-2.349,1.70743,-0.430699,0.320165,0.7377,0.7844,0.8623,0.08
u4736,0.014,7.28251,6.89932,-12.2658,-0.131039,-0.180885,-0.876472,0.7119,0.778,0.8881,0.08
u4737,0.014,8.01347,-1.4439,12.8283,-1.29247,-0.161317,-0.311624,0.7237,0.7809,0.8763,0.08
u4738,0.014,9.08031,-9.37355,-6.90789,0.47744,0.407579,-0.160278,0.7315,0.7829,0.8685,0.08
u4739,0.014,-5.03277,-15.2465,0.239342,-0.164954,-0.0179509,-0.139253,0.708,0.777,0.892,0.08
u4740,0.014,-17.2648,-3.12621,-6.72287,1.4981,-0.428457,0.0772276,0.6584,0.7646,0.9416,0.08
u4741,0.014,-6.29751,11.184,-3.40213,-1.03649,-1.17056,-0.807586,0.7586,0.7896,0.8414,0.08
u4742,0.014,1.10413,1.80642,3.43516,-1.58847,1.33568,-0.155076,0.9266,0.8317,0.6734,0.08
u4743,0.014,12.6091,-14.0273,7.61958,1.01026,0.168075,0.0795315,0.6301,0.7575,0.9699,0.08
u4744,0.014,12.0282,-8.23399,-11.7396,1.183,1.02175,-1.52013,0.6597,0.7649,0.9403,0.08
u4745,0.014,-12.677,17.2912,2.65825,-0.327406,-1.53173,0.0941004,0.6072,0.7518,0.9928,0.08
u4746,0.014,-2.01868,9.1585,2.79773,-0.895088,-1.0782,0.171781,0.8221,0.8055,0.7779,0.08
u4747,0.014,14.2431,7.04758,-4.96302,0.684692,-0.0281658,-0.482576,0.6973,0.7743,0.9027,0.08
u4748,0.014,0.955011,17.8489,6.44496,-1.12353,1.03543,1.02004,0.6545,0.7636,0.9455,0.08
u4749,0.014,5.69961,14.8945,-7.86339,0.116704,-0.935283,0.444279,0.6767,0.7692,0.9233,0.08
u4750,0.014,11.7722,-2.5151,-9.51393,0.826712,-0.58314,0.668134,0.721,0.7803,0.879,0.08
u4751,0.014,-7.18346,6.93104,3.81102,0.191245,-0.579496,0.153867,0.8057,0.8014,0.7943,0.08
u4752,0.014,8.4483,-16.1307,6.5644,0.477495,0.0583224,-0.226118,0.6481,0.762,0.9519,0.08
u4753,0.014,5.15508,-14.009,11.3662,0.296581,0.795996,0.332164,0.6589,0.7647,0.9411,0.08
u4754,0.014,12.3538,-9.69322,3.29785,0.35654,-0.693467,0.0952798,0.7083,0.7771,0.8917,0.08
u4755,0.014,-9.43525,8.05782,-7.60403,1.11984,0.187775,0.38096,0.7354,0.7839,0.8646,0.08
u4756,0.014,12.1795,10.3806,6.11037,-0.101846,1.02167,0.389645,0.6885,0.7721,0.9115,0.08
u4757,0.014,-5.18038,7.59187,13.1965,1.50722,-2.22279,-1.20749,0.7076,0.7769,0.8924,0.08
u4758,0.014,12.1397,-6.16783,-6.48796,1.76908,0.624494,-0.248055,0.7258,0.7814,0.8742,0.08
u4759,0.014,-3.55043,-2.37269,4.85158,-0.25521,-0.579033,-0.537685,0.8825,0.8206,0.7175,0.08
u4760,0.014,14.6206,-4.57231,-11.7875,-0.6736,1.45389,-1.58198,0.6486,0.7621,0.9514,0.08
u4761,0.014,-1.78171,6.78167,2.87891,-0.277195,-0.410191,-1.39249,0.8622,0.8155,0.7378,0.08
u4762,0.014,-9.33566,15.8278,-3.51688,-1.08524,-0.737853,0.0279628,0.6598,0.765,0.9402,0.08
u4763,0.014,-0.818581,14.981,2.08003,-2.39507,-1.80453,-0.429276,0.7246,0.7812,0.8754,0.08
u4764,0.014,-15.1174,12.1076,4.719,-1.11513,-1.02983,0.4276,0.6375,0.7594,0.9625,0.08
u4765,0.014,5.19661,-0.447795,-0.916748,0.297864,-0.58702,-0.124071,0.9037,0.8259,0.6963,0.08
u4766,0.014,8.58506,-18.0191,-3.05066,0.00843127,0.928949,-1.98475,0.6329,0.7582,0.9671,0.08
u4767,0.014,-5.0217,7.23637,4.85834,1.09538,-0.417093,0.719557,0.8171,0.8043,0.7829,0.08
u4768,0.014,-5.0086,14.0067,4.34687,-0.994957,-1.77615,-0.842483,0.7182,0.7796,0.8818,0.08
u4769,0.014,13.8742,-13.1258,6.85297,0.0261391,0.864438,1.42004,0.6311,0.7578,0.9689,0.08
u4770,0.014,-16.8259,8.56978,6.16423,-0.713626,-0.849503,-0.124936,0.6388,0.7597,0.9612,0.08
u4771,0.014,-8.37887,16.8865,0.940838,-1.54299,1.16054,-0.783188,0.6568,0.7642,0.9432,0.08
u4772,0.014,3.13149,6.84895,11.17,-0.552482,1.23776,-0.281823,0.7551,0.7888,0.8449,0.08
u4773,0.014,-11.4815,10.1815,-9.05195,-0.74993,-1.71933,0.180818,0.6761,0.769,0.9239,0.08
u4774,0.014,11.1827,-0.827876,-2.45263,-0.0335603,0.23058,0.795477,0.7913,0.7978,0.8087,0.08
u4775,0.014,-9.49474,2.5498,-9.40892,-0.323835,0.184285,-0.0477365,0.7526,0.7881,0.8474,0.08
u4776,0.014,13.9377,0.157536,5.31424,0.550258,1.16293,-0.616651,0.7288,0.7822,0.8712,0.08
u4777,0.014,14.9084,-8.09642,4.91038,2.4492,0.488519,-1.41188,0.6789,0.7697,0.9211,0.08
u4778,0.014,-6.53805,-15.6363,-8.97375,1.0905,0.65353,1.50714,0.6513,0.7628,0.9487,0.08
u4779,0.014,11.6257,-0.206691,3.88365,0.597088,0.34859,-0.0197324,0.7771,0.7943,0.8229,0.08
u4780,0.014,15.4523,-12.8106,6.38864,0.76357,0.735258,0.0130042,0.617,0.7543,0.983,0.08
u4781,0.014,-6.51733,-1.6912,-3.20476,0.146714,-0.377138,1.24086,0.8644,0.8161,0.7356,0.08
u4782,0.014,0.644461,0.266068,-12.7775,-0.614083,-0.913439,-1.44849,0.7673,0.7918,0.8327,0.08
u4783,0.014,5.33201,-16.8709,3.39646,1.0423,-0.172482,-0.072707,0.6724,0.7681,0.9276,0.08
u4784,0.014,8.19534,2.41002,12.5518,-1.73416,-0.384215,1.57725,0.7239,0.781,0.8761,0.08
u4785,0.014,-9.70448,5.37156,3.75926,-0.506229,-0.195602,-0.500824,0.7871,0.7968,0.8129,0.08
u4786,0.014,4.48681,5.66754,-2.59057,0.577809,0.979285,1.72739,0.8604,0.8151,0.7396,0.08
u4787,0.014,0.872301,-15.1697,9.02683,1.17472,1.01304,1.29159,0.6787,0.7697,0.9213,0.08
u4788,0.014,2.31792,9.11488,-10.4706,-1.11806,0.775505,-0.447621,0.7441,0.786,0.8559,0.08
u4789,0.014,-16.0201,8.44782,-5.5045,0.430992,-0.0257151,0.875298,0.6558,0.764,0.9442,0.08
u4790,0.014,-19.9627,5.13644,-4.62168,-0.0740764,-2.49083,-0.961432,0.6159,0.754,0.9841,0.08
u4791,0.014,10.0168,17.0686,1.54341,-0.858375,0.701934,-0.921822,0.6391,0.7598,0.9609,0.08
u4792,0.014,13.9567,0.116269,3.39786,1.25389,2.07996,-0.681296,0.7388,0.7847,0.8612,0.08
u4793,0.014,-16.2773,-7.2772,0.268122,0.926135,-1.62184,-0.205153,0.6758,0.7689,0.9242,0.08
u4794,0.014,-2.66939,0.0606861,9.00316,0.160418,-2.3815,-1.3276,0.8293,0.8073,0.7707,0.08
u4795,0.014,6.11473,-3.0124,-14.3347,1.11101,-0.103137,-1.31541,0.7114,0.7779,0.8886,0.08
u4796,0.014,-6.14244,1.44642,-4.26165,0.391047,0.864281,-0.755736,0.8616,0.8154,0.7384,0.08
u4797,0.014,-9.09344,-13.9063,-5.66388,2.30251,1.21124,0.775087,0.6808,0.7702,0.9192,0.08
u4798,0.014,-6.2059,7.88826,0.379336,0.548574,0.550118,-1.05653,0.8174,0.8043,0.7826,0.08
u4799,0.014,11.1951,6.36651,-4.41802,-1.06006,0.48483,1.33652,0.7524,0.7881,0.8476,0.08
u4800,0.014,11.4607,4.10167,8.47213,-0.792226,0.875524,-0.157635,0.7304,0.7826,0.8696,0.08
u4801,0.014,9.97949,2.64336,0.318201,-0.8618,0.249054,-0.956574,0.8122,0.8031,0.7878,0.08
u4802,0.014,-9.19751,9.46883,-7.27871,1.24981,-0.659437,-0.849988,0.7259,0.7815,0.8741,0.08
u4803,0.014,14.379,-8.27301,-10.4607,1.42768,-0.246132,-0.634809,0.6434,0.7609,0.9566,0.08
u4804,0.014,-15.062,-15.1367,-3.20339,0.380568,-1.00632,0.0519107,0.6074,0.7519,0.9926,0.08
u4805,0.014,10.4816,17.4495,4.28964,-1.48814,1.74084,1.90291,0.6218,0.7554,0.9782,0.08
u4806,0.014,-2.8496,1.69795,1.7342,-0.303366,0.165007,1.25104,0.9319,0.833,0.6681,0.08
u4807,0.014,-13.9319,13.9836,-4.87808,-0.375675,-0.576403,-0.107843,0.6303,0.7576,0.9697,0.08
u4808,0.014,11.6044,-9.37031,11.7246,0.760582,-0.355817,0.831668,0.6551,0.7638,0.9449,0.08
u4809,0.014,5.0367,0.189816,1.91406,1.1131,1.39689,-1.06615,0.902,0.8255,0.698,0.08
u4810,0.014,4.64468,-10.2269,4.61224,-0.310581,0.859604,-0.275211,0.7792,0.7948,0.8208,0.08
u4811,0.014,12.8667,3.8238,-12.888,0.15778,0.784391,-2.11796,0.6617,0.7654,0.9383,0.08
u4812,0.014,13.3229,-4.08108,11.2349,-0.271771,0.795537,0.295532,0.6746,0.7686,0.9254,0.08
u4813,0.014,-2.84339,-0.619744,1.8886,0.0590779,0.0963492,-1.10032,0.9369,0.8342,0.6631,0.08
u4814,0.014,-1.40222,9.57398,9.65177,0.360993,0.493313,-0.152244,0.7515,0.7879,0.8485,0.08
u4815,0.014,-6.94848,-7.85388,0.524822,1.36563,-1.09366,-0.0486115,0.8091,0.8023,0.7909,0.08
u4816,0.014,12.3948,6.1648,-9.86716,-0.925141,-0.670488,2.2329,0.6909,0.7727,0.9091,0.08
u4817,0.014,8.13783,1.89646,-4.58231,-0.095451,1.63598,0.488488,0.8267,0.8067,0.7733,0.08
u4818,0.014,10.8061,13.7874,-6.9667,-1.16687,1.48591,1.19342,0.6572,0.7643,0.9428,0.08
u4819,0.014,7.36747,-14.3703,10.2199,1.67245,0.503859,-0.125255,0.6525,0.7631,0.9475,0.08
u4820,0.014,4.38578,-18.5227,-0.582423,2.12495,-0.373145,-0.157312,0.6538,0.7634,0.9462,0.08
u4821,0.014,6.37908,-20.361,3.30405,0.983593,1.03563,1.45048,0.6074,0.7519,0.9926,0.08
u4822,0.014,8.82943,6.21536,-0.501457,-1.62723,0.755674,-0.594414,0.8035,0.8009,0.7965,0.08
u4823,0.014,-19.7482,-6.21209,3.85109,-0.312199,-0.673274,-0.265152,0.6171,0.7543,0.9829,0.08
u4824,0.014,-17.7992,10.1884,-5.7654,-1.01518,-0.92928,0.303662,0.6127,0.7532,0.9873,0.08
u4825,0.014,9.07813,1.57952,9.59006,-0.25975,2.05541,1.31167,0.7582,0.7895,0.8418,0.08
u4826,0.014,8.07232,8.11719,-7.63541,0.610842,0.905174,-0.491953,0.7498,0.7875,0.8502,0.08
u4827,0.014,7.44333,4.64939,0.689018,0.0663393,0.499115,0.718817,0.8399,0.81,0.7601,0.08
u4828,0.014,5.51904,5.98922,-8.51225,-0.26503,1.41962,1.18147,0.7858,0.7965,0.8142,0.08
u4829,0.014,-17.5461,10.5775,-4.87095,-1.68606,-1.17399,0.620606,0.6171,0.7543,0.9829,0.08
u4830,0.014,1.75918,-3.95007,-14.6921,-0.501989,-1.22229,-0.0766539,0.7215,0.7804,0.8785,0.08
u4831,0.014,15.8717,4.18342,-10.2265,-1.18546,2.13227,-0.0419195,0.6484,0.7621,0.9516,0.08
u4832,0.014,-3.62942,2.06444,9.83497,0.47016,-0.138798,0.365973,0.8057,0.8014,0.7943,0.08
u4833,0.014,-10.9883,-1.39043,-6.04577,-0.85312,0.23665,-1.73985,0.7706,0.7926,0.8294,0.08
u4834,0.014,11.2924,7.56663,-4.22195,-0.20042,0.341291,1.02616,0.7412,0.7853,0.8588,0.08
u4835,0.014,5.69691,5.31793,10.5895,0.0370969,-0.112398,-0.331719,0.7609,0.7902,0.8391,0.08
u4836,0.014,-4.42581,18.6394,2.77762,-1.5578,0.522938,0.601671,0.648,0.762,0.952,0.08
u4837,0.014,-8.60256,7.16771,7.57591,-1.70028,-0.447504,0.652094,0.7542,0.7885,0.8458,0.08
u4838,0.014,3.27575,-2.87013,-6.56419,0.815914,-0.598498,0.557975,0.8568,0.8142,0.7432,0.08
u4839,0.014,-8.76809,6.83655,0.059053,-1.34771,-1.11961,0.572722,0.7978,0.7995,0.8022,0.08
u4840,0.014,15.1666,-2.71427,3.72487,0.222983,-0.352454,0.860042,0.7118,0.7779,0.8882,0.08
u4841,0.014,-13.6565,-5.56431,-2.24561,0.355798,-2.31584,0.363838,0.7288,0.7822,0.8712,0.08
u4842,0.014,5.53669,10.3056,-6.56014,-0.185776,-1.47925,0.87429,0.7561,0.789,0.8439,0.08
u4843,0.014,0.532875,-17.7125,-6.05069,1.07398,-0.39986,0.447025,0.6595,0.7649,0.9405,0.08
u4844,0.014,1.55525,-1.48258,14.6576,1.25323,-0.364658,-0.827289,0.7306,0.7827,0.8694,0.08
u4845,0.014,-0.122824,-8.98608,-11.264,-0.973362,0.759711,1.23211,0.738,0.7845,0.862,0.08
u4846,0.014,-16.2338,5.42634,8.53288,0.925871,0.508509,-0.0338895,0.6523,0.7631,0.9477,0.08
u4847,0.014,3.88517,9.61576,-5.67506,-0.114361,-0.342131,-0.0376881,0.7851,0.7963,0.8149,0.08
u4848,0.014,8.69614,-15.4767,8.58919,0.559792,-0.0560861,1.43131,0.6414,0.7604,0.9586,0.08
u4849,0.014,11.5267,-3.83644,11.9495,0.883455,0.154285,0.269783,0.6902,0.7725,0.9098,0.08
u4850,0.014,-11.5281,15.2804,-4.65646,-0.379417,-0.144656,0.370095,0.6418,0.7605,0.9582,0.08
u4851,0.014,-2.73475,3.55145,8.59939,-0.121888,0.173263,0.479535,0.8237,0.8059,0.7763,0.08
u4852,0.014,14.905,7.1365,4.02133,-0.0611579,2.70367,0.592903,0.6908,0.7727,0.9092,0.08
u4853,0.014,3.31673,8.26697,-10.3317,1.00215,-1.02547,0.0943363,0.752,0.788,0.848,0.08
u4854,0.014,12.6809,-1.91173,-5.4104,-0.645529,0.67146,-0.596392,0.7469,0.7867,0.8531,0.08
u4855,0.014,-2.17883,9.43453,7.96345,-1.1517,0.530466,-0.0260539,0.7721,0.793,0.8279,0.08
u4856,0.014,1.70256,19.7177,0.189404,-0.647296,0.120793,0.533107,0.6401,0.76,0.9599,0.08
u4857,0.014,-6.52249,-9.99883,-7.43571,1.66626,-0.846592,0.174841,0.7443,0.7861,0.8557,0.08
u4858,0.014,-17.2436,9.67166,-6.44813,-1.25416,-1.66603,0.0783296,0.6219,0.7555,0.9781,0.08
u4859,0.014,-3.01939,9.8932,-11.7776,-0.281077,-0.99008,2.06579,0.715,0.7788,0.885,0.08
u4860,0.014,-10.459,-3.00073,-5.90804,0.240129,-0.838267,0.124023,0.7749,0.7937,0.8251,0.08
u4861,0.014,1.23833,-14.2345,-5.96978,0.988881,0.69695,0.907887,0.7185,0.7796,0.8815,0.08
u4862,0.014,-2.16084,3.20886,-12.164,-0.0940449,-0.655251,1.1886,0.7679,0.792,0.8321,0.08
u4863,0.014,-12.3954,8.04382,12.0173,-0.168581,-0.337169,-0.169667,0.6537,0.7634,0.9463,0.08
u4864,0.014,2.33223,12.2667,-5.04423,0.94286,1.04404,-1.62577,0.7551,0.7888,0.8449,0.08
u4865,0.014,-9.18078,17.0787,4.05973,-1.3131,0.34574,-1.06758,0.6398,0.76,0.9602,0.08
u4866,0.014,-5.74437,-11.9292,-3.23688,0.0378175,-0.981313,-0.579103,0.7522,0.788,0.8478,0.08
u4867,0.014,-8.17073,4.06876,-2.24134,-1.03665,0.569345,1.61206,0.8291,0.8073,0.7709,0.08
u4868,0.014,-10.8614,15.8999,-3.62233,-1.2764,0.454616,-0.788506,0.6438,0.7609,0.9562,0.08
u4869,0.014,13.7934,-4.45288,3.30803,0.781679,-0.538108,0.401558,0.7297,0.7824,0.8703,0.08
u4870,0.014,-14.9272,4.92999,10.8679,0.839784,-0.391176,0.309629,0.6525,0.7631,0.9475,0.08
u4871,0.014,19.607,-0.444107,-6.59904,0.312171,0.57517,1.71336,0.6238,0.7559,0.9762,0.08
u4872,0.014,1.94248,6.95498,9.94421,-0.271635,0.796835,0.428158,0.7766,0.7941,0.8234,0.08
u4873,0.014,-0.746557,19.7623,4.23864,-0.882698,-0.555697,0.300446,0.6323,0.7581,0.9677,0.08
u4874,0.014,-2.13562,-17.0775,-3.44605,1.65139,-0.553255,1.37573,0.6809,0.7702,0.9191,0.08
u4875,0.014,2.1748,7.91028,8.15332,-1.89742,-1.08619,-0.178731,0.7897,0.7974,0.8103,0.08
u4876,0.014,12.5979,13.2518,-7.72911,-0.185003,1.22426,1.1019,0.6391,0.7598,0.9609,0.08
u4877,0.014,10.854,0.49009,-6.88323,-0.810895,-0.0377725,0.780425,0.7661,0.7915,0.8339,0.08
u4878,0.014,-0.287572,-3.71668,14.7815,-1.90065,0.744185,0.723179,0.7228,0.7807,0.8772,0.08
u4879,0.014,-1.48841,1.71939,-9.47718,-0.33239,0.0617482,0.307132,0.8228,0.8057,0.7772,0.08
u4880,0.014,-5.28643,1.71061,-12.8943,-0.77045,0.146128,0.476406,0.7447,0.7862,0.8553,0.08
u4881,0.014,-7.00075,10.8527,2.96508,-1.23829,-0.0984875,-0.147388,0.7591,0.7898,0.8409,0.08
u4882,0.014,-9.28689,6.72137,-4.07338,1.03166,-0.603519,-0.836857,0.7788,0.7947,0.8212,0.08
u4883,0.014,8.74565,-8.67972,10.4543,0.149084,0.773417,0.716821,0.7062,0.7765,0.8938,0.08
u4884,0.014,19.562,-4.26863,0.222736,1.17249,1.68789,1.04773,0.6359,0.759,0.9641,0.08
u4885,0.014,11.7873,-5.4784,-12.3577,0.351368,-0.218249,0.835071,0.6739,0.7685,0.9261,0.08
u4886,0.014,7.73547,12.7085,-2.15385,-2.15442,-0.836533,-0.934123,0.7267,0.7817,0.8733,0.08
u4887,0.014,-1.33791,-9.51879,10.2361,-0.31785,-0.559614,-0.124705,0.7447,0.7862,0.8553,0.08
u4888,0.014,9.60677,-11.8358,11.2178,1.00177,1.11185,-0.633576,0.6559,0.764,0.9441,0.08
u4889,0.014,-5.55889,-2.94037,9.95806,0.0854496,-0.01427,1.20236,0.7859,0.7965,0.8141,0.08
u4890,0.014,0.707129,-4.78365,-1.63726,-0.0295136,-0.122782,-0.0173985,0.9072,0.8268,0.6928,0.08
u4891,0.014,15.3949,-8.0605,-5.83031,-0.727611,1.97684,0.881182,0.6667,0.7667,0.9333,0.08
u4892,0.014,-3.14738,8.71566,9.70657,-0.897312,0.950785,0.351511,0.756,0.789,0.844,0.08
u4893,0.014,5.88367,-9.22709,-7.6311,0.256958,1.68567,1.6102,0.7574,0.7894,0.8426,0.08
u4894,0.014,3.57097,-13.1916,9.63907,0.486513,0.495282,0.935114,0.6959,0.774,0.9041,0.08
u4895,0.014,9.3639,-13.5405,10.6914,0.226421,1.26589,-0.790002,0.6431,0.7608,0.9569,0.08
u4896,0.014,-0.122061,1.84133,14.9991,-0.0595785,0.393863,1.00534,0.7252,0.7813,0.8748,0.08
u4897,0.014,-2.19911,-6.88333,-7.5701,0.209959,-1.31344,1.38731,0.8097,0.8024,0.7903,0.08
u4898,0.014,-4.81637,17.567,4.90571,-1.67555,-2.29088,0.770623,0.657,0.7643,0.943,0.08
u4899,0.014,1.11028,12.0374,10.947,0.0236227,-0.445744,-0.386489,0.7035,0.7759,0.8965,0.08
u4900,0.014,2.72671,6.55929,-12.0908,-0.548312,-1.69773,-0.237798,0.745,0.7863,0.855,0.08
u4901,0.014,12.6109,-11.1723,-8.33989,0.246529,2.10933,1.16539,0.6582,0.7645,0.9418,0.08
u4902,0.014,-1.1874,3.05019,1.16071,1.21222,1.76307,1.51987,0.9369,0.8342,0.6631,0.08
u4903,0.014,8.16018,4.37473,-8.70497,-1.22086,0.622886,1.4064,0.7689,0.7922,0.8311,0.08
u4904,0.014,4.85481,13.4796,6.31365,-0.875969,-1.60841,0.929169,0.7153,0.7788,0.8847,0.08
u4905,0.014,-13.9109,-5.23458,6.56992,-0.47448,-0.0412306,0.246344,0.7045,0.7761,0.8955,0.08
u4906,0.014,3.6394,-4.59545,-12.3981,1.24428,-0.0425397,0.348341,0.7507,0.7877,0.8493,0.08
u4907,0.014,-9.01476,-0.25131,10.2421,-0.556185,-1.68217,-0.0560136,0.7519,0.788,0.8481,0.08
u4908,0.014,-0.536405,-1.75257,-8.10975,-1.14781,-1.42119,0.2157,0.8488,0.8122,0.7512,0.08
u4909,0.014,-6.57864,-5.19205,-7.97686,-0.598023,-0.288709,-1.2746,0.7896,0.7974,0.8104,0.08
u4910,0.014,-8.22469,-7.04857,2.52708,0.383946,0.601865,-1.07795,0.7978,0.7994,0.8022,0.08
u4911,0.014,-3.43527,-4.83415,-9.85514,0.223371,-0.431754,-0.943144,0.7909,0.7977,0.8091,0.08
u4912,0.014,7.26954,8.26761,3.83719,-0.834293,0.197022,-0.449068,0.788,0.797,0.812,0.08
u4913,0.014,6.01905,-1.29264,-8.54165,-0.762554,-0.137514,0.699916,0.8086,0.8021,0.7914,0.08
u4914,0.014,4.98201,-3.66022,-4.14385,-1.03308,1.80614,1.09681,0.8647,0.8162,0.7353,0.08
u4915,0.014,-17.4365,5.35012,-3.96682,0.197229,-0.77877,-0.590606,0.6606,0.7652,0.9394,0.08
u4916,0.014,-15.3273,12.3055,-5.34155,-0.297646,-0.134418,-0.141254,0.6297,0.7574,0.9703,0.08
u4917,0.014,-6.63005,-12.8119,-6.34745,1.05411,-1.13186,-0.883508,0.7134,0.7784,0.8866,0.08
u4918,0.014,1.07233,1.16809,-4.91927,0.616106,1.32166,1.16901,0.906,0.8265,0.694,0.08
u4919,0.014,9.41677,4.85024,4.13393,-0.233362,0.264571,0.172076,0.7933,0.7983,0.8067,0.08
u4920,0.014,-0.635049,3.1997,-7.98519,-0.101557,-0.607882,0.0111099,0.8432,0.8108,0.7568,0.08
u4921,0.014,-6.53679,-17.0221,-6.6018,0.783434,-0.219018,-0.748897,0.6474,0.7619,0.9526,0.08
u4922,0.014,-2.16606,-3.57244,15.5087,0.657538,0.292025,0.461365,0.708,0.777,0.892,0.08
u4923,0.014,2.60345,-7.95614,6.20308,0.595234,-0.373802,-0.529815,0.8106,0.8026,0.7894,0.08
u4924,0.014,-10.564,-4.0431,-8.24273,-0.304926,-2.11979,-0.576731,0.7455,0.7864,0.8545,0.08
u4925,0.014,-11.2603,2.14549,12.145,2.22011,0.416181,0.469746,0.6964,0.7741,0.9036,0.08
u4926,0.014,1.26556,9.58415,11.2263,-0.728363,0.195056,1.2088,0.7306,0.7827,0.8694,0.08
u4927,0.014,2.87615,-12.9337,-1.57766,0.222546,-0.760627,-0.394966,0.7574,0.7893,0.8426,0.08
u4928,0.014,-12.0223,14.0448,-3.00508,1.08175,1.04868,-0.895927,0.6594,0.7649,0.9406,0.08
u4929,0.014,-19.1186,-1.41715,-5.50229,-0.558947,-1.33289,-0.126563,0.6374,0.7593,0.9626,0.08
u4930,0.014,-9.03106,-16.3102,7.12141,1.13156,1.03258,1.02923,0.6371,0.7593,0.9629,0.08
u4931,0.014,-8.50848,-4.55752,13.7284,-0.443721,0.455049,-0.327163,0.6949,0.7737,0.9051,0.08
u4932,0.014,-6.59458,10.4152,-8.91225,0.684687,0.093221,-0.334203,0.7234,0.7809,0.8766,0.08
u4933,0.014,-2.12169,15.2599,-1.41414,-2.10522,1.09916,-2.0535,0.7187,0.7797,0.8813,0.08
u4934,0.014,17.9753,2.5885,0.205151,0.142926,0.66337,-0.86368,0.6698,0.7674,0.9302,0.08
u4935,0.014,17.3289,5.15817,9.32593,-0.331498,-0.422661,-1.17363,0.6301,0.7575,0.9699,0.08
u4936,0.014,-2.8437,-12.3124,-6.56898,0.628737,-1.26575,-0.784958,0.7411,0.7853,0.8589,0.08
u4937,0.014,-8.07679,-16.6612,-6.52321,-0.438869,-0.0531243,-0.0892967,0.6431,0.7608,0.9569,0.08
u4938,0.014,14.565,-10.5879,-2.72589,0.128401,0.293186,-1.89562,0.6689,0.7672,0.9311,0.08
u4939,0.014,-12.5316,-7.76455,5.73027,-0.00918123,-0.498783,-1.36688,0.7124,0.7781,0.8876,0.08
u4940,0.014,4.71806,-0.543476,10.028,0.675062,0.428783,-0.52177,0.7983,0.7996,0.8017,0.08
u4941,0.014,13.9524,-3.88198,11.1896,0.317533,0.706906,-0.188456,0.6672,0.7668,0.9328,0.08
u4942,0.014,-9.83104,15.0813,0.124701,-0.156888,-0.166137,-0.315998,0.6727,0.7682,0.9273,0.08
u4943,0.014,-5.46659,13.7539,-8.12563,-0.734691,-0.519245,0.992335,0.693,0.7733,0.907,0.08
u4944,0.014,-7.11849,14.6677,3.33621,-0.399503,-0.904085,0.0494979,0.6974,0.7744,0.9026,0.08
u4945,0.014,10.3527,6.4323,9.20571,0.112229,0.874431,1.25381,0.7223,0.7806,0.8777,0.08
u4946,0.014,-3.11599,10.1354,11.123,0.364101,0.519799,-0.0327752,0.7206,0.7801,0.8794,0.08
u4947,0.014,7.6552,17.9536,-1.90817,-2.01006,0.38343,-0.554754,0.6434,0.7609,0.9566,0.08
u4948,0.014,1.94336,8.86624,5.78794,-0.0211587,-0.322389,-0.318268,0.8043,0.8011,0.7957,0.08
u4949,0.014,10.6926,5.66612,5.63732,1.05866,0.10733,-0.799724,0.7573,0.7893,0.8427,0.08
u4950,0.014,-13.0603,-5.12876,7.78236,-0.326906,-0.419712,-0.0360075,0.7083,0.7771,0.8917,0.08
u4951,0.014,-15.9221,7.62425,-9.11107,0.155548,-1.12122,0.765932,0.6388,0.7597,0.9612,0.08
u4952,0.014,20.4,-5.74183,-2.48686,1.75935,1.26885,0.16647,0.612,0.753,0.988,0.08
u4953,0.014,-3.23858,-8.23487,-14.7486,0.236937,-0.172219,-1.43426,0.6873,0.7718,0.9127,0.08
u4954,0.014,14.8859,-8.73864,-3.03497,-0.056351,1.31646,1.01983,0.6813,0.7703,0.9187,0.08
u4955,0.014,12.7859,3.43723,5.21747,0.506582,1.21757,-0.344968,0.7413,0.7853,0.8587,0.08
u4956,0.014,-14.4566,5.18988,0.497249,-0.151059,-0.867336,-0.518575,0.7206,0.7801,0.8794,0.08
u4957,0.014,-0.719182,4.27601,-9.10103,-2.34244,0.819023,-0.227143,0.8167,0.8042,0.7833,0.08
u4958,0.014,-10.673,18.0663,-4.07135,-1.64754,1.58351,1.14379,0.6114,0.7528,0.9886,0.08
u4959,0.014,14.2306,3.62346,10.9021,1.4487,-0.733711,-0.217681,0.6675,0.7669,0.9325,0.08
u4960,0.014,8.58362,-2.9718,-0.4411,0.928971,-1.52256,-1.39504,0.8347,0.8087,0.7653,0.08
u4961,0.014,0.000783788,19.2275,3.95057,-1.76747,0.525749,-0.108606,0.6431,0.7608,0.9569,0.08
u4962,0.014,7.30089,9.88946,-6.07655,-0.327566,-0.852822,1.24318,0.7507,0.7877,0.8493,0.08
u4963,0.014,-1.86196,-9.42776,-14.2315,0.750703,-1.08242,0.271626,0.6878,0.7719,0.9122,0.08
u4964,0.014,-8.50248,-1.78405,-14.4048,0.0360748,0.361244,0.117388,0.6941,0.7735,0.9059,0.08
u4965,0.014,8.67837,-10.1981,10.5397,1.77486,0.314125,-0.449427,0.6902,0.7725,0.9098,0.08
u4966,0.014,20.926,-0.256226,4.73231,1.92783,1.72219,0.250331,0.6099,0.7525,0.9901,0.08
u4967,0.014,9.43617,-0.939744,7.39521,-1.57572,0.584087,-1.48402,0.7814,0.7953,0.8186,0.08
u4968,0.014,7.17185,14.1622,-4.18865,0.483924,0.833674,0.304387,0.7015,0.7754,0.8985,0.08
u4969,0.014,-6.12617,-11.906,-10.6347,-0.678949,0.0626605,0.491373,0.6891,0.7723,0.9109,0.08
u4970,0.014,17.6802,-9.40936,-3.52043,1.75084,0.578568,-2.05654,0.6303,0.7576,0.9697,0.08
u4971,0.014,-12.8359,2.30279,5.08506,-0.386631,-1.59748,-1.25754,0.7455,0.7864,0.8545,0.08
u4972,0.014,9.63979,-18.5406,0.556871,1.0631,-0.344893,-0.134201,0.6199,0.755,0.9801,0.08
u4973,0.014,0.484583,-0.898746,-15.7362,-0.397426,-0.325907,-1.27287,0.7133,0.7783,0.8867,0.08
u4974,0.014,7.09166,4.04025,-6.89896,-0.538406,1.60988,0.731333,0.8057,0.8014,0.7943,0.08
u4975,0.014,-11.7166,6.37505,7.46319,0.0701544,-0.145477,0.144484,0.7221,0.7805,0.8779,0.08
u4976,0.014,-11.3176,-2.532,-12.7861,0.244324,-0.112108,-0.140358,0.6861,0.7715,0.9139,0.08
u4977,0.014,-9.28357,15.9901,-0.731415,0.995224,-0.552435,0.642292,0.6636,0.7659,0.9364,0.08
u4978,0.014,1.68006,-17.1446,8.62591,0.13133,0.992376,-0.912321,0.6497,0.7624,0.9503,0.08
u4979,0.014,4.75985,-15.8911,2.47941,-0.4638,0.504958,0.234548,0.695,0.7738,0.905,0.08
u4980,0.014,-4.03889,20.543,0.38409,-0.0291973,0.431188,0.761605,0.6193,0.7548,0.9807,0.08
u4981,0.014,-5.7172,-7.47967,3.4209,0.516925,-1.01436,0.862409,0.8179,0.8045,0.7821,0.08
u4982,0.014,11.0252,-7.72117,-2.84082,1.2639,0.585692,0.0109318,0.7499,0.7875,0.8501,0.08
u4983,0.014,15.3069,2.98557,10.1948,-0.848358,0.155002,-0.582329,0.6612,0.7653,0.9388,0.08
u4984,0.014,13.3002,-2.38725,13.006,0.329119,0.551861,-0.0478292,0.659,0.7647,0.941,0.08
u4985,0.014,-12.7117,7.30718,-8.25797,-0.546262,-0.804468,-0.573619,0.694,0.7735,0.906,0.08
u4986,0.014,8.27269,9.7131,-7.93833,-0.269788,1.27824,0.478717,0.7268,0.7817,0.8732,0.08
u4987,0.014,12.7919,-4.8313,6.7578,-0.441204,1.86621,-1.10083,0.7227,0.7807,0.8773,0.08
u4988,0.014,8.36501,1.64743,-7.83361,-1.28499,-0.15294,-0.0811395,0.7895,0.7974,0.8105,0.08
u4989,0.014,-1.82039,-13.6286,12.085,0.450883,1.95549,0.0524779,0.6672,0.7668,0.9328,0.08
u4990,0.014,-6.45931,-20.6427,-1.32896,0.861929,-0.543318,1.52494,0.606,0.7515,0.994,0.08
u4991,0.014,-3.86144,14.3855,-4.27796,-1.07786,-0.473476,-0.709682,0.7182,0.7796,0.8818,0.08
u4992,0.014,9.04944,1.44074,7.62261,0.657892,0.773121,1.08047,0.7833,0.7958,0.8167,0.08
u4993,0.014,-11.9493,-5.62859,-7.51813,-0.149335,-1.31242,-0.964225,0.7237,0.7809,0.8763,0.08
u4994,0.014,-7.41351,8.99395,-5.96507,0.82765,-0.663523,-0.872658,0.7619,0.7905,0.8381,0.08
u4995,0.014,1.19765,-4.00358,14.8965,-1.73016,-0.413451,1.1231,0.7187,0.7797,0.8813,0.08
u4996,0.014,7.75434,-10.2049,6.88923,-0.206151,-0.638027,-0.40191,0.7354,0.7839,0.8646,0.08
u4997,0.014,1.02399,3.9281,-9.86201,-0.514802,-1.13479,-0.21222,0.8061,0.8015,0.7939,0.08
u4998,0.014,3.40557,0.393742,-13.0905,-0.219628,-0.609491,-0.0956562,0.754,0.7885,0.846,0.08
u4999,0.014,-19.6167,-7.91022,-1.77978,-0.127993,-1.34589,1.7708,0.6141,0.7535,0.9859,0.08
u5000,0.014,-14.5741,-9.33464,-7.52393,1.15377,0.0808416,0.19481,0.6569,0.7642,0.9431,0.08
u5001,0.014,0.637944,-13.5646,-5.3697,0.394423,0.457578,0.241777,0.7345,0.7836,0.8655,0.08
u5002,0.014,-2.68641,4.6484,11.9627,0.435445,0.437767,-0.386644,0.7616,0.7904,0.8384,0.08
u5003,0.014,-4.29819,-18.7394,-4.76373,-0.0223153,1.03229,0.390061,0.6399,0.76,0.9601,0.08
u5004,0.014,7.25295,5.14452,-12.7326,0.557628,-0.0967416,0.320258,0.7176,0.7794,0.8824,0.08
u5005,0.014,-5.33727,-21.03,-1.13205,0.599637,1.24803,0.296887,0.605,0.7512,0.995,0.08
u5006,0.014,-3.35354,-4.21221,-6.69507,0.17965,-1.03918,-0.732408,0.8438,0.8109,0.7562,0.08
u5007,0.014,13.0077,-16.3042,3.44522,1.68473,1.13076,0.420108,0.6156,0.7539,0.9844,0.08
u5008,0.014,-1.27296,18.7586,4.82668,-1.80163,-1.17937,-1.11525,0.6471,0.7618,0.9529,0.08
u5009,0.014,-15.8952,-5.51002,3.98979,-0.774975,-0.52994,1.63255,0.6856,0.7714,0.9144,0.08
u5010,0.014,-9.91112,9.08267,12.7458,0.721752,-1.56845,-0.0419824,0.6632,0.7658,0.9368,0.08
u5011,0.014,6.53732,-9.03803,-9.93239,0.611947,0.414208,1.74067,0.7284,0.7821,0.8716,0.08
u5012,0.014,-0.0137784,-8.43767,12.8453,0.693987,0.312753,0.148008,0.7206,0.7801,0.8794,0.08
u5013,0.014,-7.61872,11.1581,-3.68018,-0.15066,1.28585,-0.676637,0.7454,0.7863,0.8546,0.08
u5014,0.014,0.525525,12.7543,7.92964,0.0488556,0.868984,-1.15221,0.7268,0.7817,0.8732,0.08
u5015,0.014,0.37367,-11.2322,11.5221,1.17328,-0.606152,-0.543547,0.7074,0.7768,0.8926,0.08
u5016,0.014,-13.1947,-8.09545,-0.067919,0.568713,0.695997,-0.986448,0.7185,0.7796,0.8815,0.08
u5017,0.014,17.0879,-11.6193,-1.05971,0.295774,0.504518,0.4457,0.6238,0.7559,0.9762,0.08
u5018,0.014,4.18262,8.53762,4.5262,-2.24464,-0.633794,-0.735864,0.8086,0.8021,0.7914,0.08
u5019,0.014,3.33809,1.15227,-6.92252,1.63795,-0.0220156,0.550664,0.8587,0.8147,0.7413,0.08
u5020,0.014,-10.306,10.9035,5.40964,0.451105,1.49002,1.45988,0.71,0.7775,0.89,0.08
u5021,0.014,-5.38272,11.1697,1.71257,-0.532483,1.9037,-0.138372,0.7724,0.7931,0.8276,0.08
u5022,0.014,13.6653,12.8447,6.25918,-1.4661,1.4901,-1.61814,0.6405,0.7601,0.9595,0.08
u5023,0.014,-6.30502,-8.0955,-11.6347,1.62058,-0.296742,-0.272687,0.7179,0.7795,0.8821,0.08
u5024,0.014,-7.89852,-8.45623,-2.98521,0.046757,0.234494,-1.12105,0.7827,0.7957,0.8173,0.08
u5025,0.014,4.74515,-16.5021,4.55286,-0.269622,-0.210401,-0.163925,0.677,0.7693,0.923,0.08
u5026,0.014,-6.38142,0.647155,-7.68022,1.12355,-0.0805441,1.22626,0.8181,0.8045,0.7819,0.08
u5027,0.014,3.39312,-6.8505,5.41393,0.157627,-0.0178679,-1.33945,0.8297,0.8074,0.7703,0.08
u5028,0.014,7.41227,-17.5227,-6.43341,0.383118,1.54128,1.19086,0.6348,0.7587,0.9652,0.08
u5029,0.014,8.81167,18.0027,-4.73462,-1.10824,-0.82321,-0.691774,0.6255,0.7564,0.9745,0.08
u5030,0.014,-4.45108,-9.16552,-7.49939,0.138281,0.500183,-0.653421,0.77,0.7925,0.83,0.08
u5031,0.014,-3.62227,-16.012,7.2246,0.606139,-0.603201,0.941479,0.6739,0.7685,0.9261,0.08
u5032,0.014,-10.8548,3.92509,-12.1111,0.0344073,-0.48647,-0.315332,0.6958,0.774,0.9042,0.08
u5033,0.014,7.68057,-2.80025,-1.37628,-0.611079,-0.971283,0.0501921,0.8493,0.8123,0.7507,0.08
u5034,0.014,3.70002,-19.9039,2.60832,0.413317,0.324221,-0.72562,0.6289,0.7572,0.9711,0.08
u5035,0.014,-6.10366,12.2567,4.05304,-0.378414,-0.491691,0.578813,0.7404,0.7851,0.8596,0.08
u5036,0.014,7.92143,4.24432,11.5999,0.676592,0.294988,0.704572,0.7332,0.7833,0.8668,0.08
u5037,0.014,6.61609,1.6004,4.54,0.378085,0.711715,1.16291,0.8512,0.8128,0.7488,0.08
u5038,0.014,6.22518,14.1967,-5.28091,-0.403569,-2.08513,-0.423086,0.7022,0.7756,0.8978,0.08
u5039,0.014,16.1561,-7.60785,7.94725,0.51822,0.946341,0.140999,0.6446,0.7612,0.9554,0.08
u5040,0.014,18.134,-1.05692,-1.12448,-0.309936,0.276306,-0.177606,0.6691,0.7673,0.9309,0.08
u5041,0.014,3.75587,17.9917,-8.37821,-1.13374,0.2763,0.34049,0.6327,0.7582,0.9673,0.08
u5042,0.014,-13.8725,-12.3943,-3.03641,1.20533,-1.86346,-0.629421,0.6573,0.7643,0.9427,0.08
u5043,0.014,-19.8439,3.22858,-1.44317,-0.997123,-0.0935101,1.38235,0.6335,0.7584,0.9665,0.08
u5044,0.014,-4.5206,11.4127,-7.73057,-1.05388,0.994629,-0.103182,0.7362,0.7841,0.8638,0.08
u5045,0.014,10.8327,-9.78462,-0.646119,0.613986,1.32458,-0.970847,0.7343,0.7836,0.8657,0.08
u5046,0.014,10.7587,2.45926,6.85111,-0.670259,1.19838,0.532935,0.7638,0.791,0.8362,0.08
u5047,0.014,-10.8582,5.43919,-5.0309,-0.854863,-0.507412,-1.15435,0.761,0.7902,0.839,0.08
u5048,0.014,3.5063,4.01161,3.95631,-0.279627,0.516685,-0.555867,0.8793,0.8198,0.7207,0.08
u5049,0.014,-0.529378,8.30923,0.840929,-1.81884,-0.333654,-0.285916,0.8478,0.812,0.7522,0.08
u5050,0.014,1.5702,15.978,7.26538,-0.820913,0.0300063,-1.37982,0.6796,0.7699,0.9204,0.08
u5051,0.014,-3.00713,-11.1611,7.20363,1.37083,-0.354009,2.05751,0.7524,0.7881,0.8476,0.08
u5052,0.014,-15.1801,-9.84499,5.4069,0.357486,-3.27685,-0.608019,0.6567,0.7642,0.9433,0.08
u5053,0.014,12.7464,1.12924,-12.5477,-0.203904,0.390952,-0.0841579,0.6741,0.7685,0.9259,0.08
u5054,0.014,16.4441,-2.66715,-5.19729,0.149842,0.0264482,0.480919,0.6827,0.7707,0.9173,0.08
u5055,0.014,7.03588,-10.6651,8.46415,-0.4181,-0.870362,1.11449,0.7213,0.7803,0.8787,0.08
u5056,0.014,-9.04561,1.5281,0.0681464,1.36941,-1.7039,0.738326,0.8332,0.8083,0.7668,0.08
u5057,0.014,-3.10303,12.989,-11.573,-1.84449,0.374361,0.0735467,0.6787,0.7697,0.9213,0.08
u5058,0.014,12.7195,4.50456,7.08821,-0.63536,0.911611,-1.15231,0.7229,0.7807,0.8771,0.08
u5059,0.014,-4.41277,1.57755,1.21385,-0.891225,-0.392585,-1.04546,0.912,0.828,0.688,0.08
u5060,0.014,7.88977,-17.2222,3.19361,0.559833,0.672008,0.259421,0.6507,0.7627,0.9493,0.08
u5061,0.014,-0.851342,13.2109,-10.3857,-1.17431,-0.493749,0.527064,0.6941,0.7735,0.9059,0.08
u5062,0.014,2.35336,18.5139,-5.66961,-0.581015,0.492166,-2.26133,0.6454,0.7613,0.9546,0.08
u5063,0.014,-17.5051,3.63158,-1.70919,-1.52864,-0.686344,2.02319,0.6735,0.7684,0.9265,0.08
u5064,0.014,2.68239,2.50086,-6.42654,0.60048,-0.722064,-0.0306684,0.8655,0.8164,0.7345,0.08
u5065,0.014,17.8981,7.48914,2.9531,-0.370428,-0.150032,-1.11414,0.6432,0.7608,0.9568,0.08
u5066,0.014,4.98728,11.4378,8.56552,-0.709187,0.714713,-1.11495,0.7248,0.7812,0.8752,0.08
u5067,0.014,10.0421,-12.2665,-6.29244,0.700474,0.27622,-0.306778,0.6899,0.7725,0.9101,0.08
u5068,0.014,-7.86481,0.35969,14.1352,0.147042,0.0720854,0.365455,0.7058,0.7765,0.8942,0.08
u5069,0.014,-18.9839,4.12091,1.6196,1.477,-2.65044,1.49298,0.6456,0.7614,0.9544,0.08
u5070,0.014,0.611822,-14.8471,-3.39013,1.37825,-0.103711,-0.265132,0.7229,0.7807,0.8771,0.08
u5071,0.014,-0.411521,-7.58619,-11.9514,0.537077,-1.00721,0.33697,0.7425,0.7856,0.8575,0.08
u5072,0.014,6.19544,5.90436,-6.84677,-0.827894,1.69393,-0.568417,0.8007,0.8002,0.7993,0.08
u5073,0.014,1.12293,-7.21975,-9.92266,-0.038681,-0.024169,0.370631,0.776,0.794,0.824,0.08
u5074,0.014,18.6983,2.33949,0.893289,1.10578,1.9338,-0.277524,0.657,0.7642,0.943,0.08
u5075,0.014,1.98273,-2.99244,3.10571,0.230011,-0.0563224,0.175907,0.9137,0.8284,0.6863,0.08
u5076,0.014,-5.72501,9.8518,9.25998,-0.574135,-0.0874776,-1.52656,0.733,0.7833,0.867,0.08
u5077,0.014,-8.01884,-11.2205,8.02685,1.03816,-0.196691,-0.497104,0.7099,0.7775,0.8901,0.08
u5078,0.014,18.1322,4.00876,-0.297369,-0.61971,0.703874,0.220111,0.6623,0.7656,0.9377,0.08
u5079,0.014,0.316717,12.1677,-5.82468,-0.310677,0.390869,-1.10908,0.7547,0.7887,0.8453,0.08
u5080,0.014,-18.2311,5.13829,0.470529,-0.478951,-1.36243,0.178484,0.6555,0.7639,0.9445,0.08
u5081,0.014,1.37536,-11.6233,-0.297077,-0.309895,0.503846,-0.769929,0.7871,0.7968,0.8129,0.08
u5082,0.014,-3.98239,-3.43162,-13.7312,-0.417203,0.248213,-0.185807,0.7327,0.7832,0.8673,0.08
u5083,0.014,-3.89381,-7.14938,-8.67524,0.121618,1.51452,-0.202201,0.7837,0.7959,0.8163,0.08
u5084,0.014,6.85318,1.50603,-3.1017,0.280402,0.242383,0.619232,0.8605,0.8151,0.7395,0.08
u5085,0.014,0.260974,-4.59949,-10.194,0.080355,1.17903,-0.433376,0.7966,0.7992,0.8034,0.08
u5086,0.014,12.7893,-5.49381,-12.0198,0.526747,0.614205,-0.871107,0.6656,0.7664,0.9344,0.08
u5087,0.014,-14.6147,2.79431,11.146,0.152796,-0.911095,-1.98279,0.662,0.7655,0.938,0.08
u5088,0.014,1.90635,-12.4684,6.18734,0.519177,0.0395038,-1.13784,0.7446,0.7861,0.8554,0.08
u5089,0.014,3.82775,-6.09311,-5.70643,1.22248,0.463792,0.202186,0.833,0.8083,0.767,0.08
u5090,0.014,-8.99158,8.45261,12.3215,-0.664227,0.543114,-1.55286,0.6829,0.7707,0.9171,0.08
u5091,0.014,-4.19651,-13.138,6.42007,1.11589,-0.390088,-1.40752,0.7234,0.7808,0.8766,0.08
u5092,0.014,-16.1569,-3.76094,-5.15224,1.32129,-0.56883,1.05277,0.6842,0.771,0.9158,0.08
u5093,0.014,3.95444,-13.1177,1.9628,0.0618246,0.783822,0.220419,0.7484,0.7871,0.8516,0.08
u5094,0.014,-8.26707,-7.03058,8.86482,0.805145,0.669597,-0.161335,0.7452,0.7863,0.8548,0.08
u5095,0.014,-17.9078,-6.07184,2.72366,0.721416,-0.276766,0.449434,0.6526,0.7632,0.9474,0.08
u5096,0.014,6.76142,-6.9687,10.8058,1.12909,-0.488848,0.290116,0.7359,0.784,0.8641,0.08
u5097,0.014,17.0986,5.19604,-3.88914,-0.297224,0.260781,-0.181891,0.6675,0.7669,0.9325,0.08
u5098,0.014,13.7857,-7.57935,1.27967,0.594938,0.0701113,0.667493,0.713,0.7783,0.887,0.08
u5099,0.014,15.9081,10.1849,1.24869,0.989881,0.813815,-0.505442,0.6558,0.764,0.9442,0.08
u5100,0.014,-1.40013,6.38407,-5.93681,1.43996,-0.580126,0.0932451,0.8395,0.8099,0.7605,0.08
u5101,0.014,-7.88977,8.90481,5.08656,-0.102871,0.00685447,-0.35301,0.7647,0.7912,0.8353,0.08
u5102,0.014,-1.4734,20.761,4.64704,-0.766454,-0.756348,1.23714,0.6123,0.7531,0.9877,0.08
u5103,0.014,3.68226,8.48586,3.20181,-1.4364,0.0202618,1.3477,0.822,0.8055,0.778,0.08
u5104,0.014,5.63312,-1.70203,-8.44574,0.143673,-0.284196,-0.691782,0.8128,0.8032,0.7872,0.08
u5105,0.014,-9.29911,-12.6547,-2.50057,0.244707,0.375068,-0.716326,0.7109,0.7777,0.8891,0.08
u5106,0.014,-9.81719,-7.95761,-10.0522,-0.997981,-0.406363,0.696734,0.7064,0.7766,0.8936,0.08
u5107,0.014,-14.3083,6.40071,2.87909,0.327573,-1.46372,-0.359896,0.7102,0.7776,0.8898,0.08
u5108,0.014,-5.90483,4.11941,-1.88639,1.5627,-0.977399,0.307041,0.8647,0.8162,0.7353,0.08
u5109,0.014,9.07622,6.20184,14.0558,0.6566,-0.278655,0.187726,0.6756,0.7689,0.9244,0.08
u5110,0.014,14.754,8.45937,-6.17561,-0.150848,0.491647,0.151481,0.671,0.7678,0.929,0.08
u5111,0.014,9.03159,13.4977,3.77852,0.373055,0.244982,1.15283,0.6968,0.7742,0.9032,0.08
u5112,0.014,-6.39582,0.290123,13.5988,0.187697,-0.0469991,0.173886,0.7267,0.7817,0.8733,0.08
u5113,0.014,1.77999,13.974,6.62472,-0.419167,-0.645242,-0.200227,0.717,0.7792,0.883,0.08
u5114,0.014,-19.8308,-4.08462,-4.20332,0.587467,-2.58008,-0.85953,0.624,0.756,0.976,0.08
u5115,0.014,9.85127,-8.74297,-4.94167,1.76953,1.85456,-1.10335,0.7442,0.7861,0.8558,0.08
u5116,0.014,13.713,-4.7357,-3.21895,-1.01723,-0.123034,-0.709018,0.7298,0.7825,0.8702,0.08
u5117,0.014,-0.345549,-21.2803,-0.630648,1.17177,-1.10193,-0.789006,0.6129,0.7532,0.9871,0.08
u5118,0.014,-10.385,4.6669,1.51638,-1.8794,0.0793021,-0.736447,0.7912,0.7978,0.8088,0.08
u5119,0.014,8.49144,-7.66034,1.9148,0.0539403,2.17169,0.291201,0.7892,0.7973,0.8108,0.08
u5120,0.014,-6.67561,18.7467,-5.01366,-0.928445,-1.20905,0.0330544,0.6269,0.7567,0.9731,0.08
u5121,0.014,9.2492,-2.92811,0.850006,-0.601655,0.0751205,-0.432693,0.8229,0.8057,0.7771,0.08
u5122,0.014,-9.82371,-8.18855,-1.14424,1.72241,-1.68186,-0.614045,0.7665,0.7916,0.8335,0.08
u5123,0.014,-16.0175,-8.77953,7.25898,-0.334607,-0.102877,-0.0904524,0.6426,0.7607,0.9574,0.08
u5124,0.014,-10.5664,0.537994,4.96864,0.345721,-0.273618,-0.0355687,0.7875,0.7969,0.8125,0.08
u5125,0.014,-3.18493,-3.80173,-5.49458,-0.968396,-1.12763,-0.495482,0.8654,0.8164,0.7346,0.08
u5126,0.014,-19.1694,-1.67441,-7.51312,-0.501986,-0.398801,1.00838,0.6244,0.7561,0.9756,0.08
u5127,0.014,-5.63174,4.35935,-11.305,-0.404348,-1.46127,-0.192101,0.7571,0.7893,0.8429,0.08
u5128,0.014,-17.9609,8.75399,-2.01305,-0.776379,-2.36805,0.82282,0.6349,0.7587,0.9651,0.08
u5129,0.014,-8.294,-14.2909,1.07688,1.28658,-1.80916,-0.78285,0.6989,0.7747,0.9011,0.08
u5130,0.014,4.8537,1.40802,-1.42686,0.795968,-0.358546,-0.269938,0.9045,0.8261,0.6955,0.08
u5131,0.014,-19.8752,-6.44503,-3.07573,0.937019,-0.85166,1.5554,0.616,0.754,0.984,0.08
u5132,0.014,4.75208,-15.4492,-1.92504,1.25899,1.11045,-1.00095,0.704,0.776,0.896,0.08
u5133,0.014,11.2134,3.94221,-0.803386,0.827937,-0.0203366,-0.219635,0.7834,0.7958,0.8166,0.08
u5134,0.014,15.6776,0.979749,-11.0591,0.391729,-0.103901,0.967464,0.6507,0.7627,0.9493,0.08
u5135,0.014,14.4981,-5.39301,-0.721707,0.860868,-0.672397,-0.0823944,0.7184,0.7796,0.8816,0.08
u5136,0.014,5.233,4.46327,-2.10222,0.0845288,0.685745,0.254144,0.8692,0.8173,0.7308,0.08
u5137,0.014,5.46482,0.0599477,10.502,-0.300572,0.0347063,-0.0100982,0.7847,0.7962,0.8153,0.08
u5138,0.014,-14.5859,1.71594,0.367592,-0.69894,-1.17287,-0.75501,0.7329,0.7832,0.8671,0.08
u5139,0.014,-2.64162,-15.2027,-6.71621,0.427531,0.501949,-0.453735,0.694,0.7735,0.906,0.08
u5140,0.014,18.8435,5.50225,-0.900678,-0.786407,1.05141,-0.840927,0.6427,0.7607,0.9573,0.08
u5141,0.014,-14.2684,1.51163,2.18463,-0.47043,-1.29556,0.679356,0.7361,0.784,0.8639,0.08
u5142,0.014,11.6663,-7.38013,-5.40945,1.18968,0.958318,-0.711569,0.7304,0.7826,0.8696,0.08
u5143,0.014,4.16679,4.1528,-5.10219,0.635198,0.781481,0.871872,0.8584,0.8146,0.7416,0.08
u5144,0.014,-7.60811,0.503104,14.0778,0.0545197,-1.18676,-1.46621,0.7089,0.7772,0.8911,0.08
u5145,0.014,7.42023,2.71684,-2.46758,-0.55504,0.684815,0.246185,0.8495,0.8124,0.7505,0.08
u5146,0.014,-9.47566,-5.99791,-13.7811,0.861411,-1.17099,-0.725841,0.677,0.7692,0.923,0.08
u5147,0.014,-3.90151,7.39969,12.6012,-0.225683,1.19079,1.02756,0.725,0.7812,0.875,0.08
u5148,0.014,-2.10821,-5.96344,7.67881,-0.167457,1.34687,0.882264,0.8191,0.8048,0.7809,0.08
u5149,0.014,-6.57243,-5.44022,15.0823,0.540939,-0.277085,2.84446,0.6849,0.7712,0.9151,0.08
u5150,0.014,16.819,2.80047,-7.47252,-1.35544,1.09492,-1.34648,0.6615,0.7654,0.9385,0.08
u5151,0.014,9.28963,0.850382,-8.63033,-0.791731,-0.657695,1.1166,0.7689,0.7922,0.8311,0.08
u5152,0.014,1.15331,-18.3684,7.26951,0.524577,0.960432,-2.41158,0.6402,0.7601,0.9598,0.08
u5153,0.014,21.1177,-1.11088,-1.89924,0.460843,0.499565,0.110148,0.614,0.7535,0.986,0.08
u5154,0.014,6.97677,14.1052,8.76287,-0.464992,0.520896,-1.82893,0.6725,0.7681,0.9275,0.08
u5155,0.014,5.78769,-3.01719,-15.071,0.0826719,-0.0861814,0.324647,0.7014,0.7753,0.8986,0.08
u5156,0.014,9.31374,-18.4425,3.93204,1.48422,0.0819854,0.774512,0.6176,0.7544,0.9824,0.08
u5157,0.014,4.54501,12.8193,10.9826,-0.98785,-1.37616,-0.615176,0.6822,0.7705,0.9178,0.08
u5158,0.014,10.9983,4.69006,2.72104,-0.097569,0.0919611,0.503126,0.777,0.7943,0.823,0.08
u5159,0.014,6.06807,-3.79769,6.73323,0.885427,-0.104332,0.580862,0.8213,0.8053,0.7787,0.08
u5160,0.014,8.95066,4.04133,-6.81274,0.257104,1.08053,-0.352634,0.7827,0.7957,0.8173,0.08
u5161,0.014,16.3772,-6.87958,-9.36565,0.106069,-0.422835,1.43245,0.6349,0.7587,0.9651,0.08
u5162,0.014,12.4932,-2.01971,10.3076,-0.0169724,0.97452,-1.52617,0.7032,0.7758,0.8968,0.08
u5163,0.014,-15.306,-9.40033,-5.75531,1.30085,-1.44486,-0.277325,0.6571,0.7643,0.9429,0.08
u5164,0.014,6.82774,14.1022,4.16939,0.0318534,-0.221342,1.04618,0.7052,0.7763,0.8948,0.08
u5165,0.014,6.46136,8.46249,-2.59821,0.132199,0.203741,-0.96271,0.8007,0.8002,0.7993,0.08
u5166,0.014,-7.83351,2.3395,-10.8665,0.344751,-1.10434,0.172209,0.7528,0.7882,0.8472,0.08
u5167,0.014,3.77876,-18.0126,4.51273,0.680373,-0.66239,-0.148015,0.6555,0.7639,0.9445,0.08
u5168,0.014,0.696972,4.87395,-5.63182,0.595419,0.229972,0.289778,0.864,0.816,0.736,0.08
u5169,0.014,4.82658,10.7671,7.37478,-0.352507,0.556838,-0.627678,0.747,0.7868,0.853,0.08
u5170,0.014,-14.5461,8.5067,-5.77815,0.0739687,-0.152253,-1.09068,0.6761,0.769,0.9239,0.08
u5171,0.014,-15.1659,14.624,-3.69266,-0.398622,-1.57032,-0.774473,0.6111,0.7528,0.9889,0.08
u5172,0.014,17.6304,6.66031,-7.24958,-0.506709,1.94789,1.10165,0.6329,0.7582,0.9671,0.08
u5173,0.014,-8.05232,4.68145,5.10097,-0.158164,-1.94113,-0.177307,0.8069,0.8017,0.7931,0.08
u5174,0.014,6.36816,13.0728,11.7944,-2.82502,-0.83848,-0.328026,0.6596,0.7649,0.9404,0.08
u5175,0.014,3.95789,-11.2703,10.4615,-0.232054,2.71156,-0.249389,0.7113,0.7778,0.8887,0.08
u5176,0.014,-14.1523,-4.90138,3.21315,0.199959,-1.41407,0.134078,0.7215,0.7804,0.8785,0.08
u5177,0.014,-7.07789,-7.96234,-4.57381,1.09329,-1.98593,-0.344735,0.7892,0.7973,0.8108,0.08
u5178,0.014,-15.1444,6.48587,-7.54026,-1.1641,-1.14249,0.357676,0.6706,0.7676,0.9294,0.08
u5179,0.014,2.91756,17.7382,-0.486316,-3.19454,1.26697,-1.40342,0.673,0.7683,0.927,0.08
u5180,0.014,16.6586,-1.50624,1.79368,1.51985,1.52189,0.434873,0.6941,0.7735,0.9059,0.08
u5181,0.014,-8.50089,3.6255,-11.2875,0.231263,-0.154739,-0.511928,0.7348,0.7837,0.8652,0.08
u5182,0.014,-12.4615,-6.24577,-0.480721,0.558936,0.801804,-0.269729,0.7464,0.7866,0.8536,0.08
u5183,0.014,-7.43146,9.12336,-7.01239,-0.861307,-1.05625,-0.880364,0.7509,0.7877,0.8491,0.08
u5184,0.014,-5.61377,-6.11401,7.23624,0.485969,0.721523,-0.878176,0.7998,0.7999,0.8002,0.08
u5185,0.014,-1.64701,-18.7288,0.896794,1.53421,-0.410601,0.129947,0.6578,0.7644,0.9422,0.08
u5186,0.014,7.02613,15.7316,-0.830948,0.102421,0.19484,0.387733,0.6864,0.7716,0.9136,0.08
u5187,0.014,-16.3298,5.47368,9.82821,0.452974,-2.46415,-0.534443,0.6395,0.7599,0.9605,0.08
u5188,0.014,7.61634,17.4322,3.55356,-1.2891,1.52419,-0.533515,0.6481,0.762,0.9519,0.08
u5189,0.014,11.0981,5.67854,-1.13589,0.282592,1.06428,-0.111242,0.7724,0.7931,0.8276,0.08
u5190,0.014,-16.8652,0.620878,-0.174419,0.376217,-0.872821,-0.578309,0.6931,0.7733,0.9069,0.08
u5191,0.014,-3.41651,1.70986,0.177027,-1.21431,-0.0242289,-1.44257,0.9305,0.8326,0.6695,0.08
u5192,0.014,2.00252,3.77785,3.62334,0.271401,0.387121,0.396438,0.8981,0.8245,0.7019,0.08
u5193,0.014,2.36032,-1.6009,-11.2097,-0.10649,-0.438681,0.15724,0.7897,0.7974,0.8103,0.08
u5194,0.014,14.8423,7.8629,-3.80859,-0.0499087,2.20516,1.51671,0.6869,0.7717,0.9131,0.08
u5195,0.014,14.5752,-6.46757,1.95455,1.89819,1.14982,1.58232,0.7079,0.777,0.8921,0.08
u5196,0.014,8.80912,-6.69322,-10.0327,1.10803,-0.859049,-0.795715,0.7285,0.7821,0.8715,0.08
u5197,0.014,3.00454,-6.90913,13.7146,1.17207,-0.0487217,-1.18292,0.7155,0.7789,0.8845,0.08
u5198,0.014,-3.261,-1.24456,-13.74,0.26971,-0.457609,1.08422,0.7422,0.7856,0.8578,0.08
u5199,0.014,4.52041,2.99447,-10.884,-0.686434,0.560043,0.48069,0.7789,0.7947,0.8211,0.08
u5200,0.014,7.96664,9.42822,10.9238,-0.900948,2.57429,-0.457401,0.7003,0.7751,0.8997,0.08
u5201,0.014,15.8326,-2.16564,1.1298,-0.473294,-0.995379,0.862626,0.7087,0.7772,0.8913,0.08
u5202,0.014,18.869,-4.25186,-6.9754,-0.46453,-0.259671,0.196867,0.6262,0.7565,0.9738,0.08
u5203,0.014,-0.47671,-11.8257,4.80905,0.490434,-0.546037,-1.01953,0.7677,0.7919,0.8323,0.08
u5204,0.014,2.07575,3.67212,-6.06236,0.969646,0.829374,-0.210186,0.8657,0.8164,0.7343,0.08
u5205,0.014,18.1636,-6.44839,-1.64877,-1.87641,3.0908,-0.464857,0.6483,0.7621,0.9517,0.08
u5206,0.014,17.2123,-9.64477,-3.24462,-0.324497,0.917999,-0.0839474,0.6364,0.7591,0.9636,0.08
u5207,0.014,-2.13873,6.90169,2.27079,-0.192496,-0.0616542,0.432841,0.8623,0.8156,0.7377,0.08
u5208,0.014,-9.82006,-15.8044,-5.97616,1.84515,-0.449599,-0.154113,0.6447,0.7612,0.9553,0.08
u5209,0.014,-18.509,-8.52154,2.34654,-2.62541,-1.07747,1.2702,0.6271,0.7568,0.9729,0.08
u5210,0.014,8.21284,-3.38412,15.0722,-0.266254,0.887753,0.335275,0.6819,0.7705,0.9181,0.08
u5211,0.014,-15.2802,-15.3697,0.0362958,1.41155,-0.19563,0.0871127,0.6059,0.7515,0.9941,0.08
u5212,0.014,-9.26722,2.67848,10.3694,-0.979648,-0.239845,0.529373,0.7425,0.7856,0.8575,0.08
u5213,0.014,2.22786,-2.01382,12.0278,-0.955281,1.20254,0.64446,0.7746,0.7936,0.8254,0.08
u5214,0.014,5.24094,-17.3009,-1.87799,1.77568,0.759363,-0.467642,0.6696,0.7674,0.9304,0.08
u5215,0.014,-11.6419,9.13192,-4.70892,-0.645935,-0.0450297,0.526536,0.7177,0.7794,0.8823,0.08
u5216,0.014,17.3266,-4.21736,-2.03913,1.67156,1.35502,0.602049,0.6737,0.7684,0.9263,0.08
u5217,0.014,7.21803,1.26422,-10.8042,-0.299227,-1.74968,0.207959,0.7626,0.7907,0.8374,0.08
u5218,0.014,15.3273,8.63062,-2.29114,0.903693,1.14648,0.753948,0.6775,0.7694,0.9225,0.08
u5219,0.014,-5.70864,-1.92148,3.54416,0.571606,0.920052,-1.12362,0.8729,0.8182,0.7271,0.08
u5220,0.014,-17.495,7.19585,7.89112,-0.55527,0.32928,1.1583,0.6273,0.7568,0.9727,0.08
u5221,0.014,-18.9286,0.189358,-1.80629,0.81491,-1.79288,1.62302,0.6543,0.7636,0.9457,0.08
u5222,0.014,-13.5954,6.01282,7.72382,-0.701409,-2.42743,0.594295,0.6954,0.7739,0.9046,0.08
u5223,0.014,8.90338,7.24409,3.91191,-0.410281,-1.25493,0.114616,0.7795,0.7949,0.8205,0.08
u5224,0.014,-5.18471,-9.28649,12.9613,1.20576,0.125591,0.468905,0.6952,0.7738,0.9048,0.08
u5225,0.014,-13.3814,-10.7622,-7.60899,1.51966,-1.40917,-0.609583,0.6585,0.7646,0.9415,0.08
u5226,0.014,-3.1219,-4.76403,1.1544,1.25047,-0.52876,0.732716,0.8943,0.8236,0.7057,0.08
u5227,0.014,-0.123488,11.0018,-8.61464,-1.5673,0.919076,-0.94107,0.7459,0.7865,0.8541,0.08
u5228,0.014,-6.49175,8.86717,-3.36667,-0.534385,-1.78787,-0.291592,0.791,0.7978,0.809,0.08
u5229,0.014,13.8896,-8.3378,-10.0208,0.782438,0.291891,0.839809,0.6537,0.7634,0.9463,0.08
u5230,0.014,2.44185,8.09555,-12.5726,0.304359,1.48147,0.696891,0.7245,0.7811,0.8755,0.08
u5231,0.014,-5.0653,9.43825,-9.37555,-0.438923,-1.26882,-0.0901242,0.7412,0.7853,0.8588,0.08
u5232,0.014,3.09968,9.63982,8.43269,-0.88156,0.291382,1.17857,0.7604,0.7901,0.8396,0.08
u5233,0.014,-18.4435,-8.74141,-4.86277,-0.00532736,-0.581118,-0.46748,0.6185,0.7546,0.9815,0.08
u5234,0.014,9.267,-16.5666,-7.82025,-0.337213,0.403297,-0.311557,0.6267,0.7567,0.9733,0.08
u5235,0.014,11.5615,14.2172,-0.377889,-3.10816,1.46694,0.906562,0.6668,0.7667,0.9332,0.08
u5236,0.014,0.23733,-17.4743,9.41626,0.389321,0.493354,0.804263,0.6391,0.7598,0.9609,0.08
u5237,0.014,-13.8825,-10.6422,-2.10882,-0.110907,-0.524813,-0.522633,0.6797,0.7699,0.9203,0.08
u5238,0.014,3.82432,-19.4067,-3.71078,0.89493,0.280375,-0.959786,0.6341,0.7585,0.9659,0.08
u5239,0.014,3.43158,-1.37379,-8.86802,-0.083719,-0.288368,0.956859,0.8253,0.8063,0.7747,0.08
u5240,0.014,4.44714,-14.1586,-6.04227,1.18615,0.300778,1.19382,0.7087,0.7772,0.8913,0.08
u5241,0.014,-15.0557,1.82643,-4.86609,-0.473512,-0.504984,-0.186171,0.7104,0.7776,0.8896,0.08
u5242,0.014,-6.1627,-0.387535,7.37198,0.731914,-0.531812,0.161401,0.8252,0.8063,0.7748,0.08
u5243,0.014,-2.42932,11.8958,5.12974,-1.18875,0.675954,0.221361,0.7604,0.7901,0.8396,0.08
u5244,0.014,13.7506,1.16433,-7.22508,-0.704728,0.149913,0.757866,0.7168,0.7792,0.8832,0.08
u5245,0.014,0.668091,-13.7181,-9.65085,2.00495,-0.923416,-0.553028,0.6948,0.7737,0.9052,0.08
u5246,0.014,-2.58199,-1.05788,14.7883,0.125595,0.127207,0.403036,0.7264,0.7816,0.8736,0.08
u5247,0.014,-5.32723,-10.9345,-5.88677,1.66509,-1.14492,-0.587196,0.7543,0.7886,0.8457,0.08
u5248,0.014,19.4075,-0.653235,-6.39373,0.948402,2.23924,-1.7301,0.6283,0.7571,0.9717,0.08
u5249,0.014,1.592,-12.8123,6.0628,1.1825,0.580643,1.30438,0.7407,0.7852,0.8593,0.08
u5250,0.014,-11.4571,6.03237,-11.4003,0.718029,-0.592242,0.21778,0.6863,0.7716,0.9137,0.08
u5251,0.014,-17.6112,9.6736,6.69049,0.328465,-0.320856,0.72944,0.615,0.7537,0.985,0.08
u5252,0.014,-3.12235,-14.4068,1.62742,1.36352,-1.59368,-1.18174,0.7303,0.7826,0.8697,0.08
u5253,0.014,-3.70965,-14.9812,-2.216,0.933593,-0.109735,1.29647,0.7165,0.7791,0.8835,0.08
u5254,0.014,-3.48244,1.12139,9.61829,0.746246,0.775939,-0.331434,0.8129,0.8032,0.7871,0.08
u5255,0.014,2.77138,10.227,2.15062,-2.26036,-0.539021,0.455058,0.8034,0.8009,0.7966,0.08
u5256,0.014,3.33038,3.40277,-9.78949,0.111339,0.0528025,0.801135,0.8021,0.8005,0.7979,0.08
u5257,0.014,-2.55403,7.38703,-4.02665,0.862105,0.363774,2.11694,0.8401,0.81,0.7599,0.08
u5258,0.014,6.95281,8.26013,-9.22117,-0.0621468,0.606642,-0.175335,0.7418,0.7855,0.8582,0.08
u5259,0.014,-12.6145,14.2278,-4.86604,-0.824472,-0.855644,0.0426794,0.6431,0.7608,0.9569,0.08
u5260,0.014,7.8896,8.02945,10.0712,-0.754872,0.196005,-0.150243,0.7254,0.7813,0.8746,0.08
u5261,0.014,-9.82631,19.0164,-1.06577,-1.55355,-0.0363867,-0.20496,0.6103,0.7526,0.9897,0.08
u5262,0.014,0.704083,13.6678,1.24365,-0.515394,0.048614,1.16911,0.7501,0.7875,0.8499,0.08
u5263,0.014,20.1593,4.10134,-2.97963,0.698945,2.92715,1.94095,0.6221,0.7555,0.9779,0.08
u5264,0.014,1.60135,-3.52985,-8.42741,0.796727,0.0684467,-0.639349,0.8313,0.8078,0.7687,0.08
u5265,0.014,11.8303,-14.8178,-4.69239,0.62495,-1.45091,-0.269763,0.6449,0.7612,0.9551,0.08
u5266,0.014,11.287,-11.3157,-7.21147,1.46364,0.504047,-0.477508,0.6812,0.7703,0.9188,0.08
u5267,0.014,5.35612,6.91345,5.19191,-0.838443,-0.94908,-1.34897,0.8151,0.8038,0.7849,0.08
u5268,0.014,-6.62988,5.47184,-3.53193,-0.261654,0.574239,0.862942,0.831,0.8078,0.769,0.08
u5269,0.014,0.0502141,-4.02644,5.46018,-1.26085,1.56757,-0.0317638,0.8766,0.8192,0.7234,0.08
u5270,0.014,11.0445,5.37334,-2.82519,-0.0222055,2.93821,0.209737,0.7709,0.7927,0.8291,0.08
u5271,0.014,5.49282,-16.5987,-7.93058,0.387791,0.151641,-0.742206,0.6509,0.7627,0.9491,0.08
u5272,0.014,-0.659591,-5.42812,4.9006,0.226059,1.64408,-1.16982,0.8665,0.8166,0.7335,0.08
u5273,0.014,13.8373,9.46942,5.5056,-1.31871,-1.91601,0.553031,0.6791,0.7698,0.9209,0.08
u5274,0.014,-4.55481,5.00548,11.3007,0.659848,-1.21477,1.09811,0.7605,0.7901,0.8395,0.08
u5275,0.014,-7.48822,18.3347,-3.89878,-1.4075,-0.340817,-0.497254,0.633,0.7582,0.967,0.08
u5276,0.014,-16.3654,-2.17851,-7.46532,1.27427,-0.586374,-1.43727,0.6706,0.7676,0.9294,0.08
u5277,0.014,-19.2104,-2.67768,-5.18811,0.677784,0.529274,-0.0290761,0.6349,0.7587,0.9651,0.08
u5278,0.014,2.51367,-3.58299,-1.93747,0.2358,-0.519598,0.118773,0.913,0.8282,0.687,0.08
u5279,0.014,4.30832,-21.5091,0.0176398,1.76896,-0.44025,-0.678711,0.6012,0.7503,0.9988,0.08
u5280,0.014,-5.77811,18.7278,1.84251,-0.774287,0.056986,0.205295,0.6421,0.7605,0.9579,0.08
u5281,0.014,19.0537,-1.8219,7.96821,-0.0545757,0.0275816,-0.66672,0.623,0.7558,0.977,0.08
u5282,0.014,-0.573408,-14.3396,-2.68596,0.800899,1.04247,0.506995,0.7345,0.7836,0.8655,0.08
u5283,0.014,13.6474,-14.5105,6.44256,0.44775,0.943151,0.392797,0.6193,0.7548,0.9807,0.08
u5284,0.014,-10.0951,-0.738423,-6.48973,-0.207082,-0.564463,-1.21398,0.7814,0.7953,0.8186,0.08
u5285,0.014,4.04977,0.529623,7.86824,0.843095,0.203819,1.27547,0.8388,0.8097,0.7612,0.08
u5286,0.014,4.80179,5.9896,15.3527,-1.70342,-0.66073,0.38318,0.6879,0.772,0.9121,0.08
u5287,0.014,9.12183,3.58237,10.8041,0.565916,1.23427,-1.60443,0.7348,0.7837,0.8652,0.08
u5288,0.014,-16.1736,2.24679,10.5684,-0.479104,-1.16887,-0.0724378,0.6464,0.7616,0.9536,0.08
u5289,0.014,-9.25848,-12.0714,-7.70391,-0.120576,-0.00143894,0.243094,0.69,0.7725,0.91,0.08
u5290,0.014,12.743,-7.40209,4.05038,0.785613,0.554758,1.00353,0.7221,0.7805,0.8779,0.08
u5291,0.014,20.7449,4.78276,-3.61729,-0.322834,3.13196,-0.820324,0.6074,0.7518,0.9926,0.08
u5292,0.014,14.9945,-8.61129,-1.6091,0.353893,1.83441,-0.198421,0.6843,0.7711,0.9157,0.08
u5293,0.014,7.4361,-12.4343,8.17628,1.00875,1.55107,-0.195621,0.6975,0.7744,0.9025,0.08
u5294,0.014,5.06515,-7.34131,8.98862,0.362539,1.70464,-0.229684,0.7698,0.7924,0.8302,0.08
u5295,0.014,-13.123,6.52979,0.347375,0.857413,0.454256,-0.394083,0.7334,0.7834,0.8666,0.08
u5296,0.014,11.7917,9.86281,-8.29477,-1.21603,-0.167075,-0.809306,0.6824,0.7706,0.9176,0.08
u5297,0.014,7.04683,7.21778,3.62047,-0.245847,0.302515,0.235686,0.8051,0.8013,0.7949,0.08
u5298,0.014,-2.8919,-1.94432,16.0577,0.409857,-1.20895,0.758005,0.7012,0.7753,0.8988,0.08
u5299,0.014,-16.96,-9.22748,-1.13909,1.04581,-1.30592,-0.238704,0.6483,0.7621,0.9517,0.08
u5300,0.014,-9.6198,-15.8619,-4.78232,0.46132,-1.20724,0.860109,0.6517,0.7629,0.9483,0.08
u5301,0.014,-19.8269,-0.957331,2.67776,-0.449908,-1.31317,0.644462,0.6358,0.759,0.9642,0.08
u5302,0.014,15.8344,-6.17949,5.3447,1.55115,0.380138,0.0435126,0.676,0.769,0.924,0.08
u5303,0.014,-5.50719,1.32464,-0.591338,0.22789,-0.843357,1.36123,0.8965,0.8241,0.7035,0.08
u5304,0.014,-4.17129,-14.0109,11.3558,2.60976,-0.243886,-0.224028,0.6634,0.7659,0.9366,0.08
u5305,0.014,-0.644928,4.35741,0.35213,-0.0438831,0.974548,1.45901,0.9197,0.8299,0.6803,0.08
u5306,0.014,4.554,10.0028,7.83526,-0.760436,0.299087,-0.0238866,0.7546,0.7886,0.8454,0.08
u5307,0.014,-14.3009,-12.2944,-4.95218,0.512814,-0.900984,0.763803,0.6455,0.7614,0.9545,0.08
u5308,0.014,10.2901,-11.3959,7.76607,-0.0700878,0.194324,-1.78073,0.6872,0.7718,0.9128,0.08
u5309,0.014,9.50845,3.46301,-13.0121,0.227452,-0.510138,1.45886,0.7003,0.7751,0.8997,0.08
u5310,0.014,-4.97643,-8.70356,11.0575,0.0659234,-0.309643,0.737906,0.7286,0.7822,0.8714,0.08
u5311,0.014,-4.93305,13.5747,-9.94025,0.0601937,-0.76271,0.399763,0.6812,0.7703,0.9188,0.08
u5312,0.014,5.8463,7.19422,2.483,-2.54056,0.81325,-0.915768,0.8255,0.8064,0.7745,0.08
u5313,0.014,3.25382,2.85543,-11.4878,-1.06454,-0.286907,0.546416,0.7768,0.7942,0.8232,0.08
u5314,0.014,9.91131,10.3671,-5.44375,-1.14953,1.82097,-0.95501,0.7211,0.7803,0.8789,0.08
u5315,0.014,-15.8836,2.36198,-2.58689,0.710921,-0.25453,-0.901667,0.7043,0.7761,0.8957,0.08
u5316,0.014,-3.57494,-20.328,-0.386503,0.0574081,-0.14,-0.880563,0.6247,0.7562,0.9753,0.08
u5317,0.014,-5.04367,16.0402,0.680395,-1.33993,-0.951278,0.00728561,0.694,0.7735,0.906,0.08
u5318,0.014,-11.8105,14.4006,3.91915,0.521982,-1.13882,0.814836,0.654,0.7635,0.946,0.08
u5319,0.014,-6.9132,12.4641,-11.374,-1.23919,-0.3012,-1.05951,0.6685,0.7671,0.9315,0.08
u5320,0.014,-19.4277,3.10287,-3.35218,0.104893,-0.575185,0.73357,0.6371,0.7593,0.9629,0.08
u5321,0.014,2.50465,16.4218,6.72955,-0.852605,0.255939,-0.574282,0.6741,0.7685,0.9259,0.08
u5322,0.014,-16.2909,-8.68293,0.208657,-0.754394,-2.78576,0.583429,0.6643,0.7661,0.9357,0.08
u5323,0.014,-18.5435,3.85753,-1.72858,0.102599,-1.19586,-0.578389,0.6542,0.7635,0.9458,0.08
u5324,0.014,-8.86421,-2.11796,-2.39342,-0.250315,-0.0618917,1.06952,0.8287,0.8072,0.7713,0.08
u5325,0.014,-3.35604,1.68967,10.4087,-0.673295,-1.40167,0.119323,0.7988,0.7997,0.8012,0.08
u5326,0.014,17.8853,-6.40053,4.59795,-1.51821,0.377002,1.6124,0.6446,0.7612,0.9554,0.08
u5327,0.014,-20.1727,1.33826,-5.72757,1.40249,0.342103,0.906983,0.618,0.7545,0.982,0.08
u5328,0.014,-6.74436,-0.949029,-14.4993,-0.38663,0.589044,0.286611,0.7087,0.7772,0.8913,0.08
u5329,0.014,5.57713,-17.4009,8.34994,0.829772,1.48613,0.743396,0.6347,0.7587,0.9653,0.08
u5330,0.014,-3.5736,-5.04154,-2.27469,1.10143,-0.469561,0.749557,0.8803,0.8201,0.7197,0.08
u5331,0.014,-1.22072,1.04967,-14.3484,1.00433,-0.458155,0.534374,0.7375,0.7844,0.8625,0.08
u5332,0.014,10.5365,-4.65091,4.45119,-0.15182,1.16787,1.11283,0.7755,0.7939,0.8245,0.08
u5333,0.014,13.694,-7.46392,8.35016,0.32401,0.610378,0.938793,0.6784,0.7696,0.9216,0.08
u5334,0.014,-5.43856,6.06814,-5.38917,0.660572,-1.07597,0.528997,0.8224,0.8056,0.7776,0.08
u5335,0.014,12.0427,11.6047,-3.91876,-0.96017,1.05925,2.38704,0.6877,0.7719,0.9123,0.08
u5336,0.014,-6.56095,6.56361,12.1083,1.00391,0.0350543,0.0198795,0.7226,0.7807,0.8774,0.08
u5337,0.014,14.548,-5.33544,1.1461,0.340306,0.739236,-1.26676,0.7175,0.7794,0.8825,0.08
u5338,0.014,2.10821,12.5511,-8.90172,0.303543,0.691034,0.318293,0.7176,0.7794,0.8824,0.08
u5339,0.014,-0.199006,1.8402,13.5782,0.845245,-0.0398025,0.305982,0.7508,0.7877,0.8492,0.08
u5340,0.014,1.87379,3.70215,-12.3296,-0.059301,-1.25125,0.0468518,0.7635,0.7909,0.8365,0.08
u5341,0.014,11.2127,17.2218,5.36073,-0.754404,1.73221,0.157142,0.6139,0.7535,0.9861,0.08
u5342,0.014,-17.0122,-8.38283,-4.89149,0.252451,-0.43419,0.0158017,0.6439,0.761,0.9561,0.08
u5343,0.014,-4.54797,8.76014,-5.97137,0.652058,-2.63681,0.151878,0.7903,0.7976,0.8097,0.08
u5344,0.014,16.6973,4.31373,7.24831,-0.553809,1.52948,-0.401165,0.6599,0.765,0.9401,0.08
u5345,0.014,6.18159,1.76974,-2.74342,0.996519,1.14841,0.647912,0.8729,0.8182,0.7271,0.08
u5346,0.014,-12.5435,-4.74222,-2.9888,0.776624,-1.29302,-0.146709,0.7502,0.7875,0.8498,0.08
u5347,0.014,0.361826,-0.837237,4.65751,-0.0351263,-1.4619,0.873311,0.9137,0.8284,0.6863,0.08
u5348,0.014,-2.23042,16.9404,-8.76921,-0.691743,0.285818,0.233321,0.6508,0.7627,0.9492,0.08
u5349,0.014,-9.4549,-17.6933,2.28598,1.53629,0.184126,0.562129,0.6329,0.7582,0.9671,0.08
u5350,0.014,-4.6283,-14.3731,-8.53306,1.30224,0.39358,-0.451804,0.6847,0.7712,0.9153,0.08
u5351,0.014,0.57177,7.03839,-9.69193,-0.45786,1.66244,0.154152,0.782,0.7955,0.818,0.08
u5352,0.014,-8.37062,4.17484,-9.39399,0.368052,-0.776811,-1.9121,0.759,0.7897,0.841,0.08
u5353,0.014,0.554903,0.719091,3.90158,-1.33258,1.77831,-0.185228,0.9272,0.8318,0.6728,0.08
u5354,0.014,5.36951,-6.46136,14.6707,-0.918488,-0.731226,-0.995177,0.6926,0.7732,0.9074,0.08
u5355,0.014,-8.61108,-15.7293,-4.2812,1.36101,0.784426,-0.929663,0.6648,0.7662,0.9352,0.08
u5356,0.014,-0.0638321,9.61623,-9.282,-0.847766,-0.593567,1.91838,0.757,0.7892,0.843,0.08
u5357,0.014,13.984,-9.03501,-7.9614,0.708291,1.04739,-1.47944,0.6645,0.7661,0.9355,0.08
u5358,0.014,-16.3047,-9.8371,-5.39556,0.402864,-2.37627,-0.891817,0.6401,0.76,0.9599,0.08
u5359,0.014,2.63114,3.85212,-15.4955,-0.404934,-0.481815,1.32354,0.7058,0.7764,0.8942,0.08
u5360,0.014,3.68042,-14.5412,-2.44149,0.0882003,1.02938,0.95369,0.7237,0.7809,0.8763,0.08
u5361,0.014,-15.1306,-1.32234,-2.39509,-0.970021,-1.7626,-0.663295,0.7204,0.7801,0.8796,0.08
u5362,0.014,-2.44473,-9.36733,-1.0738,0.520997,0.952593,-0.737994,0.8229,0.8057,0.7771,0.08
u5363,0.014,17.6838,3.54028,5.43108,-0.125046,1.91953,-0.0732154,0.6576,0.7644,0.9424,0.08
u5364,0.014,8.46472,15.0691,5.53656,-1.50469,0.32823,0.585066,0.67,0.7675,0.93,0.08
u5365,0.014,-5.12206,-11.2884,-3.54433,0.839653,1.01376,-0.318236,0.7656,0.7914,0.8344,0.08
u5366,0.014,-19.8024,3.63181,0.0238392,0.760241,-1.01829,-0.986753,0.634,0.7585,0.966,0.08
u5367,0.014,0.839558,20.5792,4.13667,-2.0864,0.893244,0.838959,0.618,0.7545,0.982,0.08
u5368,0.014,-0.580927,-9.2277,9.04001,1.65388,0.105883,1.77281,0.7649,0.7912,0.8351,0.08
u5369,0.014,-4.59702,6.95943,1.60449,-1.1221,-0.505483,0.928094,0.8456,0.8114,0.7544,0.08
u5370,0.014,5.72079,2.64236,6.42576,-0.724293,0.980226,-1.86767,0.8364,0.8091,0.7636,0.08
u5371,0.014,-4.87373,3.94676,-12.9823,-0.695421,0.535955,-1.88324,0.7379,0.7845,0.8621,0.08
u5372,0.014,-1.13688,14.1642,5.58439,-0.416193,0.884457,0.721537,0.7224,0.7806,0.8776,0.08
u5373,0.014,1.08742,-12.0554,-8.33744,1.47955,-0.250837,0.311226,0.7328,0.7832,0.8672,0.08
u5374,0.014,7.35093,10.4553,10.5738,-1.3377,-0.485787,1.35522,0.6984,0.7746,0.9016,0.08
u5375,0.014,14.0746,8.29575,-2.68963,-0.175366,0.380097,0.220443,0.699,0.7747,0.901,0.08
u5376,0.014,7.11437,14.2775,7.59112,0.314179,0.672484,0.417437,0.6788,0.7697,0.9212,0.08
u5377,0.014,-0.552622,14.5443,1.92912,-1.53318,0.0790605,0.524084,0.7331,0.7833,0.8669,0.08
u5378,0.014,15.7575,-7.17685,3.7732,-0.692262,0.976526,0.417645,0.6778,0.7694,0.9222,0.08
u5379,0.014,-7.87074,-14.3762,2.91944,0.0576836,-0.354725,-0.851022,0.6973,0.7743,0.9027,0.08
u5380,0.014,-4.4823,19.2736,-0.618404,-0.426506,0.122858,0.713175,0.64,0.76,0.96,0.08
u5381,0.014,-18.6591,-4.66,6.18737,0.184449,-0.281761,-0.992801,0.6327,0.7582,0.9673,0.08
u5382,0.014,-19.3653,-1.24936,-0.529792,0.881217,-1.70578,-0.458439,0.647,0.7618,0.953,0.08
u5383,0.014,8.42669,-9.76243,9.68095,-0.017795,2.16299,0.629026,0.7068,0.7767,0.8932,0.08
u5384,0.014,-16.7032,0.706751,10.5359,-0.491608,-1.10301,-1.55984,0.6407,0.7602,0.9593,0.08
u5385,0.014,-5.22579,-10.9167,0.225118,1.36904,-1.00626,0.43374,0.7799,0.795,0.8201,0.08
u5386,0.014,10.6122,3.63516,8.43179,0.629504,0.0301301,0.186342,0.7449,0.7862,0.8551,0.08
u5387,0.014,19.9392,-6.74804,-4.12531,1.44485,0.910144,0.937536,0.61,0.7525,0.99,0.08
u5388,0.014,-19.3959,4.35953,6.25016,-1.16944,-0.950831,-1.34873,0.6211,0.7553,0.9789,0.08
u5389,0.014,4.39201,-13.7658,2.83737,-0.392557,-0.568319,-0.149016,0.7323,0.7831,0.8677,0.08
u5390,0.014,11.2314,-3.11458,-10.0304,0.42801,-0.0745878,-0.389618,0.7204,0.7801,0.8796,0.08
u5391,0.014,4.94401,-18.135,1.76698,2.20308,1.34939,-0.0597481,0.6567,0.7642,0.9433,0.08
u5392,0.014,-8.63909,14.4547,-7.96992,0.675546,-0.489283,0.510142,0.6613,0.7653,0.9387,0.08
u5393,0.014,-19.5042,-7.23457,3.35313,-0.0197594,-0.618945,0.663944,0.6169,0.7542,0.9831,0.08
u5394,0.014,4.6042,10.9474,4.28174,0.23278,0.330488,0.269891,0.7705,0.7926,0.8295,0.08
u5395,0.014,21.5628,-1.87349,0.425894,0.158002,2.48139,-1.09093,0.6064,0.7516,0.9936,0.08
u5396,0.014,1.2117,9.18523,0.902059,-1.81738,0.707222,1.29376,0.8308,0.8077,0.7692,0.08
u5397,0.014,-13.277,-16.3405,0.229668,0.218299,-1.83596,-0.0612308,0.6172,0.7543,0.9828,0.08
u5398,0.014,9.96374,7.77076,6.11045,0.0750257,0.50299,2.05654,0.7448,0.7862,0.8552,0.08
u5399,0.014,20.6457,2.57569,1.25461,-0.930175,0.054795,1.29033,0.621,0.7553,0.979,0.08
u5400,0.014,-13.6241,4.22483,3.48634,-0.595935,-0.716892,-0.0509185,0.733,0.7833,0.867,0.08
u5401,0.014,-12.7531,12.6457,9.29653,-0.826803,0.316549,-1.24257,0.6323,0.7581,0.9677,0.08
u5402,0.014,-12.94,0.566345,10.5268,-0.0143927,-1.18933,-0.878641,0.6965,0.7741,0.9035,0.08
u5403,0.014,-1.60469,-10.3216,3.76998,-0.196361,0.0698476,-0.383511,0.7981,0.7995,0.8019,0.08
u5404,0.014,9.86061,2.00828,1.66905,1.42499,-1.00372,-0.318052,0.8145,0.8036,0.7855,0.08
u5405,0.014,-16.8241,0.375315,-6.61414,-0.259605,-1.51948,0.0681856,0.6712,0.7678,0.9288,0.08
u5406,0.014,4.95605,-3.31022,2.75559,1.74216,0.885365,0.700808,0.8806,0.8202,0.7194,0.08
u5407,0.014,-0.367472,21.411,1.7401,-0.928629,-0.755349,-0.435646,0.6094,0.7523,0.9906,0.08
u5408,0.014,-3.42201,-4.15079,3.67576,0.187057,0.985581,1.41381,0.8815,0.8204,0.7185,0.08
u5409,0.014,7.83298,-5.69042,-0.994313,-0.868674,-0.424621,0.867138,0.823,0.8058,0.777,0.08
u5410,0.014,5.19326,-3.66514,-11.0423,0.637894,-0.920357,-0.290123,0.7683,0.7921,0.8317,0.08
u5411,0.014,2.66868,11.9568,-6.37209,-1.7119,-0.976519,0.364495,0.7489,0.7872,0.8511,0.08
u5412,0.014,2.45906,7.60313,13.6312,0.181103,0.280907,1.97808,0.7127,0.7782,0.8873,0.08
u5413,0.014,-2.46504,-4.68949,-15.3858,0.899775,0.6478,-1.4851,0.7041,0.776,0.8959,0.08
u5414,0.014,-9.67262,-2.68492,10.1683,1.00634,-0.463449,-1.18829,0.7402,0.7851,0.8598,0.08
u5415,0.014,-1.40256,-3.02549,11.0218,-1.47968,0.21527,-0.375401,0.7906,0.7977,0.8094,0.08
u5416,0.014,9.33383,5.41932,14.0365,0.278363,-0.457667,-0.238958,0.6781,0.7695,0.9219,0.08
u5417,0.014,-1.64921,-14.6423,10.5803,1.06371,0.838312,-0.768615,0.6702,0.7675,0.9298,0.08
u5418,0.014,13.0273,-1.90252,9.22424,-1.40085,1.33758,-0.54555,0.7077,0.7769,0.8923,0.08
u5419,0.014,2.69725,13.1616,5.1819,0.514389,-0.0354074,0.678323,0.7382,0.7845,0.8618,0.08
u5420,0.014,-5.24917,19.2196,5.33536,-0.868613,0.223612,-0.759227,0.625,0.7562,0.975,0.08
u5421,0.014,13.1733,-15.7179,1.09944,0.417754,-0.363655,-1.70583,0.6266,0.7566,0.9734,0.08
u5422,0.014,0.622089,-2.36979,6.31859,-0.585141,-0.697572,1.24375,0.8768,0.8192,0.7232,0.08
u5423,0.014,12.5193,13.038,0.117516,-0.351129,-0.0857063,-0.754693,0.6713,0.7678,0.9287,0.08
u5424,0.014,-1.41395,15.8099,11.4028,-0.295036,-0.0933061,0.734952,0.6447,0.7612,0.9553,0.08
u5425,0.014,-4.42195,-9.51853,-12.8508,1.00085,-0.842064,0.432366,0.6983,0.7746,0.9017,0.08
u5426,0.014,8.11905,13.4166,-2.39818,0.126545,-0.420482,0.890343,0.7116,0.7779,0.8884,0.08
u5427,0.014,-8.45131,13.0904,8.82138,-1.72258,-0.357208,0.921955,0.6744,0.7686,0.9256,0.08
u5428,0.014,-8.29674,15.9859,-7.0897,-1.98191,-0.980909,0.170743,0.6481,0.762,0.9519,0.08
u5429,0.014,3.0966,0.262878,6.69262,1.17487,1.31201,2.00356,0.8658,0.8165,0.7342,0.08
u5430,0.014,2.75247,-12.4596,5.3069,0.503611,-1.15361,-0.337196,0.7487,0.7872,0.8513,0.08
u5431,0.014,-1.3228,-10.2383,10.1354,0.389934,1.08381,0.905554,0.737,0.7842,0.863,0.08
u5432,0.014,-8.06411,-1.30527,2.23251,-1.10168,0.759952,0.60716,0.846,0.8115,0.754,0.08
u5433,0.014,13.1389,-6.90307,1.19848,0.60056,-0.0975307,-0.341616,0.7293,0.7823,0.8707,0.08
u5434,0.014,10.074,-0.622551,5.62891,-0.708785,-0.807489,1.18054,0.7899,0.7975,0.8101,0.08
u5435,0.014,3.18053,-10.3117,-6.76326,1.49752,-0.0298732,0.276776,0.7684,0.7921,0.8316,0.08
u5436,0.014,13.855,11.9214,-2.79492,-2.18568,0.710923,-0.430837,0.6638,0.766,0.9362,0.08
u5437,0.014,13.6194,8.93377,-4.54214,0.715081,0.852468,0.786335,0.6926,0.7731,0.9074,0.08
u5438,0.014,0.555328,-1.45223,2.72608,0.0487348,0.0884062,1.04289,0.9429,0.8357,0.6571,0.08
u5439,0.014,-9.66528,-17.6361,0.643591,-1.31961,-0.721074,-0.278135,0.6342,0.7585,0.9658,0.08
u5440,0.014,-8.55945,12.6496,3.69086,-0.0938148,0.568048,-0.217684,0.7143,0.7786,0.8857,0.08
u5441,0.014,-3.99355,-14.6122,-1.62892,0.250499,-1.56099,1.50586,0.723,0.7807,0.877,0.08
u5442,0.014,2.36264,-6.4699,9.71914,0.0982613,-0.968211,-0.848511,0.7834,0.7959,0.8166,0.08
u5443,0.014,-8.76757,10.7199,10.2968,-0.302572,0.120486,-1.08141,0.6862,0.7716,0.9138,0.08
u5444,0.014,4.78468,6.68357,14.5744,-1.01628,-0.209795,-0.997812,0.6958,0.7739,0.9042,0.08
u5445,0.014,0.313637,16.7187,-5.68816,-0.586163,0.255384,0.0375273,0.6789,0.7697,0.9211,0.08
u5446,0.014,-16.3785,3.04909,-6.39972,0.80744,-1.98007,1.38231,0.6755,0.7689,0.9245,0.08
u5447,0.014,14.3818,9.5977,8.71976,0.725538,2.18947,0.156903,0.6479,0.762,0.9521,0.08
u5448,0.014,-13.376,10.6514,9.78585,-0.519806,0.135539,0.0568384,0.6418,0.7604,0.9582,0.08
u5449,0.014,2.3,0.65459,3.03602,1.08822,-0.796653,0.458637,0.9297,0.8324,0.6703,0.08
u5450,0.014,0.533878,16.2476,6.09558,1.42742,-1.56888,0.201735,0.6843,0.7711,0.9157,0.08
u5451,0.014,-4.36753,18.0861,-2.65656,-1.42233,1.09499,0.477658,0.6583,0.7646,0.9417,0.08
u5452,0.014,-3.82755,17.2876,-6.49684,-0.959803,-0.835958,0.0101184,0.6571,0.7643,0.9429,0.08
u5453,0.014,-5.24673,5.12544,-6.51784,-1.49046,-1.05771,-1.0599,0.8216,0.8054,0.7784,0.08
u5454,0.014,16.0145,-11.9101,-2.9755,1.5075,0.0724233,0.245204,0.6331,0.7583,0.9669,0.08
u5455,0.014,13.3503,-11.9305,2.53789,0.338944,0.286094,-0.219604,0.6712,0.7678,0.9288,0.08
u5456,0.014,10.0387,10.4735,3.83162,0.540537,0.442145,-0.610836,0.7272,0.7818,0.8728,0.08
u5457,0.014,-7.10031,-0.276272,4.68709,-1.73133,-0.503225,0.264197,0.8452,0.8113,0.7548,0.08
u5458,0.014,-11.2993,0.498483,7.12646,0.721801,-1.08663,-0.882497,0.7569,0.7892,0.8431,0.08
u5459,0.014,-3.81159,7.67387,11.2398,0.709778,0.275741,-0.127429,0.743,0.7858,0.857,0.08
u5460,0.014,9.13686,-9.45044,0.120589,2.2636,-0.412734,1.43766,0.761,0.7902,0.839,0.08
u5461,0.014,-2.39326,14.9119,1.22983,0.644431,-0.63207,-0.231093,0.7245,0.7811,0.8755,0.08
u5462,0.014,16.7998,-11.6602,-4.69783,-0.38695,-0.344238,-1.43636,0.6185,0.7546,0.9815,0.08
u5463,0.014,8.91916,8.36932,11.2116,-0.530771,0.612133,0.0960104,0.6983,0.7746,0.9017,0.08
u5464,0.014,3.7678,-9.48078,2.92837,0.716586,-0.0266281,0.585231,0.807,0.8018,0.793,0.08
u5465,0.014,-7.34963,-3.70628,-13.9695,0.446159,-0.550505,0.10228,0.7052,0.7763,0.8948,0.08
u5466,0.014,5.36764,15.2853,-0.830046,-0.0348474,0.861587,0.467707,0.7051,0.7763,0.8949,0.08
u5467,0.014,1.71393,-7.60789,14.9217,0.25199,-0.550738,-0.806753,0.6939,0.7735,0.9061,0.08
u5468,0.014,13.8401,8.36098,9.97182,-0.335313,0.40299,-2.39567,0.6546,0.7636,0.9454,0.08
u5469,0.014,-5.65374,7.15099,-2.80136,-0.375551,-0.985456,0.66132,0.8266,0.8067,0.7734,0.08
u5470,0.014,18.0572,-3.37036,8.21611,-1.12287,2.1391,0.670758,0.6341,0.7585,0.9659,0.08
u5471,0.014,-8.06655,11.7648,-11.9188,-0.202257,1.83792,-0.557929,0.662,0.7655,0.938,0.08
u5472,0.014,12.6828,3.08739,13.164,-0.90476,1.11991,0.344744,0.6629,0.7657,0.9371,0.08
u5473,0.014,3.97016,9.19709,-2.50686,-1.96653,-0.125519,-0.604668,0.8122,0.8031,0.7878,0.08
u5474,0.014,2.88681,16.5113,-0.622052,-0.703469,0.739797,0.508226,0.695,0.7738,0.905,0.08
u5475,0.014,-1.21954,-8.54838,13.8025,0.786242,-1.44911,-0.0347963,0.704,0.776,0.896,0.08
u5476,0.014,9.03715,-9.25506,-8.87497,0.719687,0.809024,0.082052,0.7148,0.7787,0.8852,0.08
u5477,0.014,3.08325,6.11551,4.93434,-0.0793433,0.0754059,0.620834,0.8465,0.8116,0.7535,0.08
u5478,0.014,-2.15872,-11.7439,-9.95453,-1.39513,-0.904237,-0.00597792,0.7173,0.7793,0.8827,0.08
u5479,0.014,4.21539,18.0378,6.98584,-0.438642,-0.244719,1.09736,0.64,0.76,0.96,0.08
u5480,0.014,12.9469,-0.868055,10.6636,0.674551,0.291035,2.18293,0.6946,0.7737,0.9054,0.08
u5481,0.014,-5.27729,7.57819,-2.19702,-1.26588,-2.70041,0.828417,0.8274,0.8069,0.7726,0.08
u5482,0.014,-3.95607,-0.663568,-11.6483,0.375631,1.10081,-1.27258,0.776,0.794,0.824,0.08
u5483,0.014,2.7285,-10.451,-5.70965,1.40535,-0.493803,-0.418512,0.7779,0.7945,0.8221,0.08
u5484,0.014,8.1883,14.8087,3.17157,-0.667869,0.262456,0.331398,0.687,0.7717,0.913,0.08
u5485,0.014,-3.42005,3.71236,4.494,-0.697558,-0.911457,0.498977,0.8771,0.8193,0.7229,0.08
u5486,0.014,2.37396,-11.2871,7.14574,1.04153,-0.129903,-0.659052,0.7533,0.7883,0.8467,0.08
u5487,0.014,-5.48505,2.67637,12.982,1.01988,-0.420236,0.300106,0.7392,0.7848,0.8608,0.08
u5488,0.014,14.3131,-6.78182,-6.15055,1.18247,1.29563,0.464684,0.6911,0.7728,0.9089,0.08
u5489,0.014,-3.72847,5.05041,-10.0034,-0.469936,-0.109415,-0.992206,0.7853,0.7963,0.8147,0.08
u5490,0.014,2.06055,-15.7697,-6.04532,-0.0998899,0.963696,-0.138317,0.6907,0.7727,0.9093,0.08
u5491,0.014,-13.5184,0.249908,-4.15352,-0.314384,-1.21248,0.667526,0.7428,0.7857,0.8572,0.08
u5492,0.014,1.25647,13.1968,3.14314,0.134997,0.518696,1.42034,0.7523,0.7881,0.8477,0.08
u5493,0.014,-10.8165,8.95959,7.82864,-0.409291,1.47366,-0.190148,0.7076,0.7769,0.8924,0.08
u5494,0.014,-3.19782,18.4198,-1.94354,-0.614451,-0.106905,0.158159,0.6583,0.7646,0.9417,0.08
u5495,0.014,-6.11456,-4.66955,-13.0311,0.945804,-1.30665,0.674718,0.7249,0.7812,0.8751,0.08
u5496,0.014,-13.9726,8.10573,-5.54488,-1.1644,-0.952141,-0.499887,0.6895,0.7724,0.9105,0.08
u5497,0.014,-1.70648,-11.7702,-10.1374,0.466555,0.968144,1.43271,0.7159,0.779,0.8841,0.08
u5498,0.014,1.8548,-9.19071,-9.1886,0.696451,0.143148,-0.11362,0.7613,0.7903,0.8387,0.08
u5499,0.014,-2.25801,-9.07289,9.65401,0.694359,-0.445107,0.139187,0.7556,0.7889,0.8444,0.08
u5500,0.014,-17.1987,-12.3249,2.12717,2.53754,-0.029157,2.26487,0.6134,0.7533,0.9866,0.08
u5501,0.014,14.294,8.55679,-0.881197,-0.871922,-0.203358,-0.0508084,0.6967,0.7742,0.9033,0.08
u5502,0.014,-18.2387,-2.10675,3.61677,-0.666569,-1.51543,0.0852084,0.6598,0.7649,0.9402,0.08
u5503,0.014,14.3265,8.94886,1.2631,-0.804195,0.925336,0.586877,0.692,0.773,0.908,0.08
u5504,0.014,-12.7101,-3.36902,-5.09746,-0.871664,-2.22069,0.426219,0.7436,0.7859,0.8564,0.08
u5505,0.014,15.5357,8.4019,-1.55686,-1.79794,0.413695,-0.536033,0.6776,0.7694,0.9224,0.08
u5506,0.014,2.08728,4.24323,-8.34452,-0.335366,-0.287327,-0.999572,0.8256,0.8064,0.7744,0.08
u5507,0.014,2.23104,-6.05071,-15.3879,-0.108527,0.590812,0.562709,0.6966,0.7742,0.9034,0.08
u5508,0.014,-4.54921,-10.8208,7.976,-0.331286,0.536835,-1.42717,0.742,0.7855,0.858,0.08
u5509,0.014,0.474162,4.85783,14.7672,0.836893,0.127973,-0.297627,0.7172,0.7793,0.8828,0.08
u5510,0.014,1.6162,-14.2366,8.84259,0.370871,0.758336,-0.729689,0.6939,0.7735,0.9061,0.08
u5511,0.014,-10.3073,8.45109,-11.4234,-0.477427,0.073807,0.244207,0.6808,0.7702,0.9192,0.08
u5512,0.014,9.3204,-15.1142,9.04632,0.609871,2.00066,-1.01399,0.6377,0.7594,0.9623,0.08
u5513,0.014,-0.0208288,16.5254,-1.0456,1.81936,-1.34848,0.457206,0.6989,0.7747,0.9011,0.08
u5514,0.014,12.0553,12.0323,4.76619,0.187933,-0.304202,0.289485,0.6784,0.7696,0.9216,0.08
u5515,0.014,-11.5749,-13.6524,-4.09487,2.33373,1.85485,0.770935,0.6662,0.7665,0.9338,0.08
u5516,0.014,12.8215,-1.41568,7.61396,0.985585,-0.257301,-0.160335,0.7277,0.7819,0.8723,0.08
u5517,0.014,7.18655,11.0656,8.54155,-1.73419,-0.645164,1.4077,0.7142,0.7786,0.8858,0.08
u5518,0.014,9.34753,16.0726,-5.63545,0.480691,1.04925,-0.43652,0.6468,0.7617,0.9532,0.08
u5519,0.014,6.6076,14.0764,-4.84251,-1.24026,0.213373,-0.79028,0.7039,0.776,0.8961,0.08
u5520,0.014,18.1943,-2.8476,5.9375,1.4078,-0.772478,0.539206,0.6482,0.762,0.9518,0.08
u5521,0.014,-13.357,-13.8522,-0.177746,0.687612,-0.124448,1.33984,0.6501,0.7625,0.9499,0.08
u5522,0.014,-9.29151,-4.69834,14.192,0.662012,-1.36523,-0.232198,0.68,0.77,0.92,0.08
u5523,0.014,15.1153,0.0114172,-0.214357,-1.47857,0.114144,0.0666075,0.7251,0.7813,0.8749,0.08
u5524,0.014,-11.338,-10.4551,-1.71037,0.272304,-1.18211,1.29473,0.7179,0.7795,0.8821,0.08
u5525,0.014,-10.4094,-11.4556,10.6847,-0.119496,1.28762,-0.0602697,0.658,0.7645,0.942,0.08
u5526,0.014,7.85968,3.13599,-6.35784,-1.15833,0.0296289,-0.0383882,0.8076,0.8019,0.7924,0.08
u5527,0.014,-6.62854,-4.9669,-4.34282,-1.86244,-1.18399,-0.281156,0.83,0.8075,0.77,0.08
u5528,0.014,7.86237,3.43055,14.9963,1.72972,-0.0178138,1.49469,0.6859,0.7715,0.9141,0.08
u5529,0.014,-3.43635,-12.3301,8.83168,0.665267,-0.676163,-0.667809,0.7173,0.7793,0.8827,0.08
u5530,0.014,-9.83108,11.5533,-3.7387,-0.76712,0.206752,1.10593,0.7159,0.779,0.8841,0.08
u5531,0.014,-5.13006,7.21801,-5.4796,-1.69283,-0.304887,-0.118623,0.8107,0.8027,0.7893,0.08
u5532,0.014,7.22754,-0.261298,4.85383,-0.237764,1.70349,1.57907,0.8416,0.8104,0.7584,0.08
u5533,0.014,10.1314,3.59549,-12.8084,0.676238,0.542238,-0.924414,0.696,0.774,0.904,0.08
u5534,0.014,-12.0674,9.09131,11.0943,0.211915,-1.96588,0.0803089,0.6592,0.7648,0.9408,0.08
u5535,0.014,5.48991,-18.7111,1.87309,0.253879,0.0938816,-0.464162,0.6438,0.761,0.9562,0.08
u5536,0.014,-7.90547,-9.79954,4.52524,0.835057,1.50716,-1.15347,0.7567,0.7892,0.8433,0.08
u5537,0.014,-6.53755,5.22346,-13.7828,0.987786,-1.04835,-0.0548102,0.7068,0.7767,0.8932,0.08
u5538,0.014,-15.8124,10.1464,-5.63411,-0.606787,-2.17744,-0.560748,0.6434,0.7608,0.9566,0.08
u5539,0.014,-2.70205,-5.45702,-13.6837,-0.629612,-0.667912,0.496119,0.7277,0.7819,0.8723,0.08
u5540,0.014,-2.58636,4.62814,-12.623,-0.703051,0.353666,0.00657889,0.7511,0.7878,0.8489,0.08
u5541,0.014,15.0785,-10.1621,3.36812,0.319398,1.46829,-0.0964146,0.6638,0.7659,0.9362,0.08
u5542,0.014,-7.87688,-14.7723,9.56315,0.532548,-0.163731,-1.3131,0.6495,0.7624,0.9505,0.08
u5543,0.014,-8.87531,5.11264,7.90751,0.615154,0.26338,0.868363,0.7647,0.7912,0.8353,0.08
u5544,0.014,-15.8739,-3.77292,-8.89722,0.7125,-1.42956,-1.14747,0.6621,0.7655,0.9379,0.08
u5545,0.014,19.3564,-8.53697,4.21982,-0.391114,1.83095,-0.540986,0.6078,0.7519,0.9922,0.08
u5546,0.014,-5.67632,6.96188,11.69,-0.705351,0.418741,0.0825755,0.732,0.783,0.868,0.08
u5547,0.014,-6.14156,-13.3411,3.96135,-0.398333,0.243854,0.922941,0.7234,0.7809,0.8766,0.08
u5548,0.014,19.5759,7.23449,4.01454,0.279951,1.18142,0.631737,0.6136,0.7534,0.9864,0.08
u5549,0.014,9.94459,18.4529,2.65507,-0.997227,1.89655,0.773096,0.6158,0.754,0.9842,0.08
u5550,0.014,3.75055,-13.4128,0.738054,-0.489316,1.52851,0.780479,0.7464,0.7866,0.8536,0.08
u5551,0.014,-7.99744,15.9416,-3.35145,-0.566513,0.0115002,0.522018,0.67,0.7675,0.93,0.08
u5552,0.014,-5.05,10.2334,-7.85016,-0.820362,-1.50234,-1.45091,0.7482,0.787,0.8518,0.08
u5553,0.014,-8.42645,-6.00777,-1.88923,-0.260632,1.39229,0.812901,0.8087,0.8022,0.7913,0.08
u5554,0.014,-8.69391,13.1103,-8.98229,-0.885864,-1.81022,-0.421422,0.6706,0.7677,0.9294,0.08
u5555,0.014,10.6288,-5.65498,7.30974,2.7974,0.758255,0.175389,0.7439,0.786,0.8561,0.08
u5556,0.014,0.426343,6.36385,-11.4591,-0.0349432,0.275147,0.339366,0.7616,0.7904,0.8384,0.08
u5557,0.014,17.9677,8.28862,-6.86627,-0.314484,0.916674,-0.0154021,0.6192,0.7548,0.9808,0.08
u5558,0.014,6.27425,-8.21433,4.01925,0.623201,0.258995,0.821481,0.7984,0.7996,0.8016,0.08
u5559,0.014,-16.3125,2.81711,8.82545,0.492712,-2.36691,-0.845165,0.6589,0.7647,0.9411,0.08
u5560,0.014,-17.0644,7.21265,1.78295,-1.43408,-2.22014,0.326703,0.6616,0.7654,0.9384,0.08
u5561,0.014,-8.84431,0.248521,3.00131,1.32858,-0.919438,0.137772,0.8301,0.8075,0.7699,0.08
u5562,0.014,8.77415,7.35708,2.64219,0.386831,0.817091,0.230665,0.7863,0.7966,0.8137,0.08
u5563,0.014,-3.93596,7.33001,-3.65557,-1.70797,-1.11825,0.728679,0.8348,0.8087,0.7652,0.08
u5564,0.014,-13.8942,-3.06528,5.50089,0.0712652,-1.71162,1.4192,0.7226,0.7807,0.8774,0.08
u5565,0.014,0.151139,6.22423,9.06496,1.30189,-0.943094,0.869139,0.8001,0.8,0.7999,0.08
u5566,0.014,-15.4244,-5.69917,4.56676,-0.434642,-0.824803,-1.36925,0.6897,0.7724,0.9103,0.08
u5567,0.014,19.2005,-3.25096,-5.16897,1.24474,1.13602,-0.682714,0.6337,0.7584,0.9663,0.08
u5568,0.014,0.446078,-9.09521,-10.7912,1.22264,0.168735,-0.0398905,0.7433,0.7858,0.8567,0.08
u5569,0.014,11.8462,-1.43409,5.15242,0.478596,0.676594,-0.203115,0.7637,0.7909,0.8363,0.08
u5570,0.014,-7.38847,-9.73773,-10.9236,2.21866,-0.993244,1.6031,0.7019,0.7755,0.8981,0.08
u5571,0.014,-2.80541,7.85494,-8.42561,0.660911,-0.654933,-0.696407,0.7844,0.7961,0.8156,0.08
u5572,0.014,-13.4761,5.50858,0.712599,0.412824,0.069143,-0.188607,0.735,0.7837,0.865,0.08
u5573,0.014,-0.763568,4.61372,0.417792,-0.666772,-0.772301,0.794755,0.9146,0.8287,0.6854,0.08
u5574,0.014,-4.20604,5.78028,-13.952,1.30945,0.772623,0.738646,0.715,0.7787,0.885,0.08
u5575,0.014,-5.37996,13.2724,-12.4462,-1.4364,-1.78319,0.00554894,0.655,0.7638,0.945,0.08
u5576,0.014,13.3944,5.56133,3.972,0.000665848,-0.265427,0.0145815,0.7266,0.7816,0.8734,0.08
u5577,0.014,3.74074,19.0007,2.76526,-0.944833,1.02093,0.306677,0.6443,0.7611,0.9557,0.08
u5578,0.014,-5.54403,-13.5875,3.01183,1.78928,-2.3954,1.01675,0.7276,0.7819,0.8724,0.08
u5579,0.014,-6.85047,13.8444,-10.2471,-0.068347,1.2759,-0.159474,0.663,0.7657,0.937,0.08
u5580,0.014,-16.9853,4.05286,-3.93487,-0.810104,-1.36057,-0.454145,0.6745,0.7686,0.9255,0.08
u5581,0.014,2.20429,19.7537,1.7932,-0.475144,0.938511,-0.513295,0.6371,0.7593,0.9629,0.08
u5582,0.014,-10.2995,6.49401,6.53836,-1.3709,-0.200792,0.26798,0.7487,0.7872,0.8513,0.08
u5583,0.014,-10.2385,9.38969,6.37728,-0.553483,0.13139,-0.135965,0.7221,0.7805,0.8779,0.08
u5584,0.014,7.5934,5.06185,10.0097,-1.47964,0.978818,-0.261806,0.7537,0.7884,0.8463,0.08
u5585,0.014,-10.6013,-7.96547,-9.27097,-0.496518,0.479149,0.589695,0.7058,0.7765,0.8942,0.08
u5586,0.014,15.6019,11.8608,-1.39299,-1.82162,0.694966,0.570434,0.6428,0.7607,0.9572,0.08
u5587,0.014,1.75746,-2.02696,14.9146,-1.10784,0.172251,-0.754847,0.7245,0.7811,0.8755,0.08
u5588,0.014,0.576848,10.8765,-8.89014,-1.2027,0.375888,-0.714125,0.7444,0.7861,0.8556,0.08
u5589,0.014,2.19759,-12.7418,-11.6471,0.00608381,0.273584,0.725007,0.6836,0.7709,0.9164,0.08
u5590,0.014,-0.773725,-16.4999,0.267745,1.9395,0.764093,-0.935105,0.6996,0.7749,0.9004,0.08
u5591,0.014,0.213094,-21.6364,0.561779,0.609302,-0.234089,-0.0945589,0.6065,0.7516,0.9935,0.08
u5592,0.014,5.73571,-17.5883,8.0606,1.22335,2.02692,0.0202584,0.6331,0.7583,0.9669,0.08
u5593,0.014,-4.60478,-13.5881,-0.22426,0.87516,-1.01399,-0.326486,0.7391,0.7848,0.8609,0.08
u5594,0.014,-9.38199,-9.1461,10.3812,-0.424469,-1.18481,-0.262479,0.6961,0.774,0.9039,0.08
u5595,0.014,-2.52277,10.1809,4.53411,-0.837318,-0.2561,-0.978724,0.7922,0.7981,0.8078,0.08
u5596,0.014,-18.4319,4.60002,-8.16657,0.119326,-0.296429,-0.433506,0.624,0.756,0.976,0.08
u5597,0.014,15.549,3.41143,2.20629,-1.32001,0.587014,-0.0405247,0.7078,0.777,0.8922,0.08
u5598,0.014,17.5373,5.55699,-2.3289,0.467675,1.038,1.00048,0.6628,0.7657,0.9372,0.08
u5599,0.014,8.02096,-14.6204,-8.37842,1.53189,0.0216117,0.416571,0.6607,0.7652,0.9393,0.08
u5600,0.014,11.7594,-6.69555,1.07074,0.00853537,0.337999,-0.779677,0.7532,0.7883,0.8468,0.08
u5601,0.014,14.3171,-13.9247,2.22567,0.466746,0.619858,0.995934,0.6346,0.7587,0.9654,0.08
u5602,0.014,15.6691,-4.46067,0.237615,-0.00399231,1.62427,-0.580251,0.7038,0.7759,0.8962,0.08
u5603,0.014,-10.8101,-2.63252,-9.1425,-0.711855,-1.33336,-0.713989,0.7382,0.7845,0.8618,0.08
u5604,0.014,2.99001,6.54348,-13.7358,-2.31692,1.14855,1.85581,0.7181,0.7795,0.8819,0.08
u5605,0.014,-6.37312,10.4264,11.3219,-1.08504,-0.574198,1.53079,0.6971,0.7743,0.9029,0.08
u5606,0.014,9.29346,-2.09416,3.96792,0.486287,0.274599,-0.66483,0.8124,0.8031,0.7876,0.08
u5607,0.014,-1.40272,8.4199,-0.863409,-0.483032,-0.317512,0.820585,0.844,0.811,0.756,0.08
u5608,0.014,-13.0952,-6.30345,10.7223,0.767293,-0.414317,-0.337976,0.6716,0.7679,0.9284,0.08
u5609,0.014,12.0251,10.849,-1.04477,-0.485122,1.02987,-0.245605,0.7049,0.7762,0.8951,0.08
u5610,0.014,16.6133,-4.57619,1.56966,-0.886509,-0.274584,0.365252,0.6854,0.7713,0.9146,0.08
u5611,0.014,7.01434,15.6736,7.51503,0.0591323,1.72448,-1.8438,0.6592,0.7648,0.9408,0.08
u5612,0.014,-0.0622658,-1.21276,-7.72718,-0.965333,-1.08197,-0.196003,0.8578,0.8144,0.7422,0.08
u5613,0.014,-13.5231,-3.61726,5.92207,1.42284,-3.73706,0.249942,0.7236,0.7809,0.8764,0.08
u5614,0.014,-4.03869,-10.8888,-13.09,0.863944,-0.564959,-0.0460151,0.6818,0.7705,0.9182,0.08
u5615,0.014,-15.311,2.83416,-2.69581,-0.669088,-0.670991,0.688321,0.7127,0.7782,0.8873,0.08
u5616,0.014,-0.0942727,16.1961,4.79214,-1.89608,0.135381,1.61134,0.6929,0.7732,0.9071,0.08
u5617,0.014,-1.70352,10.1608,7.83611,-0.546583,2.02952,0.311669,0.7647,0.7912,0.8353,0.08
u5618,0.014,5.0415,-16.717,-7.88748,1.99202,1.85307,0.0541002,0.6516,0.7629,0.9484,0.08
u5619,0.014,2.07597,-19.3705,-2.05527,1.44909,-2.51383,-0.0455169,0.6438,0.761,0.9562,0.08
u5620,0.014,-11.8769,-9.79702,-10.5725,1.81716,0.607926,0.592253,0.6604,0.7651,0.9396,0.08
u5621,0.014,18.6038,-0.290521,2.83197,0.89701,1.43589,-0.339418,0.6578,0.7645,0.9422,0.08
u5622,0.014,-7.57586,18.4698,4.45193,-0.6827,-0.41332,-1.15707,0.6281,0.757,0.9719,0.08
u5623,0.014,-11.3096,12.1773,-7.2103,-1.23447,-1.08391,0.630216,0.6706,0.7677,0.9294,0.08
u5624,0.014,0.300329,4.67868,-6.52619,-0.144949,1.37217,1.66009,0.8539,0.8135,0.7461,0.08
u5625,0.014,-9.57513,-18.7574,-1.52354,1.43535,-0.099167,0.0576146,0.6161,0.754,0.9839,0.08
u5626,0.014,3.74985,2.92094,7.63972,0.444343,0.403823,0.742185,0.8364,0.8091,0.7636,0.08
u5627,0.014,13.9066,2.44611,12.1193,-0.477457,0.811472,0.673313,0.6617,0.7654,0.9383,0.08
u5628,0.014,8.91232,-5.20329,11.2395,0.948803,-0.380936,-0.00186177,0.7226,0.7806,0.8774,0.08
u5629,0.014,-0.708142,-15.555,1.24664,1.59589,-0.684429,1.15415,0.716,0.779,0.884,0.08
u5630,0.014,-7.68773,-9.6372,-7.21328,-0.31622,-0.968232,1.10259,0.7403,0.7851,0.8597,0.08
u5631,0.014,8.19989,-12.4419,7.75716,0.576891,1.9284,-0.765697,0.6946,0.7736,0.9054,0.08
u5632,0.014,-6.08335,-14.7915,6.5959,0.436789,-0.108233,0.407237,0.6854,0.7714,0.9146,0.08
u5633,0.014,-8.94142,0.440203,-12.9776,-0.217094,-1.39901,-1.37751,0.7133,0.7783,0.8867,0.08
u5634,0.014,-8.22811,1.5005,-3.26651,0.749607,-1.00949,0.143681,0.8367,0.8092,0.7633,0.08
u5635,0.014,4.98616,0.767148,-5.95866,1.22443,0.618931,-0.494439,0.858,0.8145,0.742,0.08
u5636,0.014,-1.0887,-19.9228,-3.11251,1.35616,-1.10992,0.582782,0.6328,0.7582,0.9672,0.08
u5637,0.014,13.8489,10.103,-5.2289,0.276858,1.32446,0.709578,0.6741,0.7685,0.9259,0.08
u5638,0.014,16.1684,1.95207,-0.944808,0.376902,0.614416,-0.0894344,0.7034,0.7758,0.8966,0.08
u5639,0.014,4.21836,-0.136035,6.91947,0.895675,0.584164,-0.896415,0.8526,0.8132,0.7474,0.08
u5640,0.014,-7.17458,-7.20028,-12.1926,0.709621,-0.500353,0.700396,0.7114,0.7778,0.8886,0.08
u5641,0.014,16.724,-3.71946,-7.6974,-1.22256,-0.153122,-0.791343,0.6585,0.7646,0.9415,0.08
u5642,0.014,8.65546,16.135,-4.45153,-0.432022,-1.76215,0.253563,0.6574,0.7643,0.9426,0.08
u5643,0.014,4.75024,-9.87615,4.35828,-0.101135,-0.155004,-1.3533,0.7856,0.7964,0.8144,0.08
u5644,0.014,-1.58074,6.35228,-4.09448,-0.643733,-0.788359,-0.527879,0.8596,0.8149,0.7404,0.08
u5645,0.014,-17.7258,-0.286164,3.03332,-0.465333,0.149508,-1.13287,0.673,0.7682,0.927,0.08
u5646,0.014,-5.17449,20.6137,-4.15884,0.524411,-0.691475,-0.245281,0.6062,0.7516,0.9938,0.08
u5647,0.014,1.3179,11.7196,7.16797,-0.810115,0.307285,0.612214,0.7491,0.7873,0.8509,0.08
u5648,0.014,10.4859,9.06214,9.07148,0.113027,1.89118,-0.322241,0.6988,0.7747,0.9012,0.08
u5649,0.014,-9.03735,5.61463,-0.184877,0.302746,-0.759138,0.00882021,0.8065,0.8016,0.7935,0.08
u5650,0.014,19.7308,1.45433,-0.479644,-0.176679,0.161791,0.898889,0.6402,0.76,0.9598,0.08
u5651,0.014,11.4806,3.68973,12.2364,-0.0198834,-0.414268,1.21971,0.6876,0.7719,0.9124,0.08
u5652,0.014,17.4574,-1.0478,1.99982,0.520829,0.263497,-0.152127,0.6799,0.77,0.9201,0.08
u5653,0.014,2.41229,7.4703,7.6531,-0.746493,0.151396,-0.898507,0.8007,0.8002,0.7993,0.08
u5654,0.014,3.19008,6.39943,5.43467,-0.868497,0.225677,0.472666,0.8367,0.8092,0.7633,0.08
u5655,0.014,8.63687,-6.03878,1.08434,0.363429,-1.04411,-0.908904,0.8074,0.8018,0.7926,0.08
u5656,0.014,4.14269,7.28033,5.61063,-1.23883,0.932301,-0.0548821,0.8167,0.8042,0.7833,0.08
u5657,0.014,-0.483843,-9.72832,10.5434,-1.02399,-0.766135,1.09012,0.739,0.7848,0.861,0.08
u5658,0.014,-10.9809,12.1625,-1.86736,-1.38413,-1.01306,-0.223271,0.7001,0.775,0.8999,0.08
u5659,0.014,8.9072,-6.1254,12.1952,-0.2246,1.77484,0.712058,0.7037,0.7759,0.8963,0.08
u5660,0.014,5.55555,19.44,0.783089,-0.592017,-0.671247,-0.257906,0.6321,0.758,0.9679,0.08
u5661,0.014,17.1089,-0.714985,-6.66378,-0.997819,0.944683,0.208389,0.6659,0.7665,0.9341,0.08
u5662,0.014,-13.3252,-7.06276,6.37297,0.347494,-0.612543,-1.04564,0.7023,0.7756,0.8977,0.08
u5663,0.014,-3.51165,-8.96601,11.9062,-1.13687,0.514019,0.173667,0.7216,0.7804,0.8784,0.08
u5664,0.014,-1.19316,12.9209,2.63055,-1.14555,0.290276,-0.454555,0.7593,0.7898,0.8407,0.08
u5665,0.014,6.99403,0.371974,1.02535,-1.19192,1.05009,1.07987,0.8713,0.8178,0.7287,0.08
u5666,0.014,-3.67425,-7.14816,12.3861,0.635421,-0.375268,0.376136,0.7315,0.7829,0.8685,0.08
u5667,0.014,11.6166,4.40174,3.5616,-0.0195682,2.43687,-0.476097,0.765,0.7913,0.835,0.08
u5668,0.014,0.964542,8.41012,-0.865896,-0.584344,-0.0930514,0.247639,0.8453,0.8113,0.7547,0.08
u5669,0.014,-20.7191,-1.81652,-1.68897,0.916157,-1.5822,0.408176,0.6206,0.7551,0.9794,0.08
u5670,0.014,-4.93337,-6.6745,10.0944,0.381142,-0.181705,-0.13479,0.7624,0.7906,0.8376,0.08
u5671,0.014,-9.48021,6.19521,-13.8608,0.665131,-0.5257,-0.280575,0.6746,0.7686,0.9254,0.08
u5672,0.014,1.15256,-15.4531,-9.32306,-0.61726,0.0434137,0.326884,0.6712,0.7678,0.9288,0.08
u5673,0.014,5.8073,6.40298,1.81102,0.548004,-0.309146,-1.64063,0.8394,0.8099,0.7606,0.08
u5674,0.014,8.92976,-8.21855,-8.55063,1.56414,0.247103,-1.95111,0.7301,0.7825,0.8699,0.08
u5675,0.014,8.15272,-10.6144,6.84235,0.808698,-0.894199,0.890923,0.7267,0.7817,0.8733,0.08
u5676,0.014,1.69359,2.10676,-14.7361,-0.170771,0.400455,1.09819,0.7276,0.7819,0.8724,0.08
u5677,0.014,15.3641,3.80831,4.78187,-0.420384,0.816603,0.301692,0.6994,0.7748,0.9006,0.08
u5678,0.014,16.6927,-10.753,4.77322,0.166061,3.2766,-1.12671,0.6287,0.7572,0.9713,0.08
u5679,0.014,2.40952,-0.533033,8.80042,-1.15093,-0.150412,1.66611,0.8338,0.8085,0.7662,0.08
u5680,0.014,9.06283,3.68625,-6.14883,-1.28877,-0.43997,-1.57336,0.7899,0.7975,0.8101,0.08
u5681,0.014,-4.70571,6.9076,14.9185,-0.711241,-1.09808,-0.31202,0.6891,0.7723,0.9109,0.08
u5682,0.014,1.70113,1.64443,4.09575,-1.56488,0.092774,-0.174972,0.914,0.8285,0.686,0.08
u5683,0.014,2.70882,-11.5429,-11.0057,0.603827,0.664489,-0.00814275,0.7059,0.7765,0.8941,0.08
u5684,0.014,-8.59259,-16.6272,6.93248,1.91712,-0.63259,1.17221,0.6371,0.7593,0.9629,0.08
u5685,0.014,4.39852,0.65529,-15.092,1.14083,-0.15984,1.0489,0.7139,0.7785,0.8861,0.08
u5686,0.014,-1.98353,-0.10609,-12.1948,0.0328137,0.0277236,-1.78061,0.7754,0.7938,0.8246,0.08
u5687,0.014,-2.02958,14.6344,-1.56993,-0.525141,0.409259,-0.883412,0.7299,0.7825,0.8701,0.08
u5688,0.014,-10.3736,-9.77301,-0.861619,0.0380791,-3.01619,-0.776853,0.7404,0.7851,0.8596,0.08
u5689,0.014,-9.57363,8.92971,5.75544,0.0554067,-0.957564,-1.9351,0.74,0.785,0.86,0.08
u5690,0.014,5.15628,12.7205,-10.3535,-0.78614,-0.830543,-0.0107942,0.6874,0.7719,0.9126,0.08
u5691,0.014,-6.49324,18.2751,-2.37889,-2.38991,0.842394,1.03889,0.6447,0.7612,0.9553,0.08
u5692,0.014,6.96728,-12.7545,1.0749,0.193631,1.25054,-0.757646,0.735,0.7838,0.865,0.08
u5693,0.014,15.3081,4.32721,9.09914,-1.49255,0.686351,1.24419,0.6668,0.7667,0.9332,0.08
u5694,0.014,-4.00838,-4.55741,-14.5661,-0.856755,0.432226,-0.00194072,0.7131,0.7783,0.8869,0.08
u5695,0.014,3.52433,-17.86,-7.60862,0.021438,0.829246,1.01819,0.6413,0.7603,0.9587,0.08
u5696,0.014,-3.13846,-9.29391,-3.70002,2.40491,-1.64934,0.386445,0.8094,0.8023,0.7906,0.08
u5697,0.014,-13.0166,17.0381,-0.172369,-0.780383,-0.278241,0.729328,0.6101,0.7525,0.9899,0.08
u5698,0.014,11.6482,13.4589,6.12936,0.3255,-0.173906,0.991807,0.6577,0.7644,0.9423,0.08
u5699,0.014,17.7089,-5.6779,5.81278,1.49965,0.617526,-0.0220183,0.6457,0.7614,0.9543,0.08
u5700,0.014,9.53242,-1.7912,4.07971,-0.18549,-0.265468,-0.9731,0.8087,0.8022,0.7913,0.08
u5701,0.014,-1.02874,-6.76684,8.53129,-0.227584,-0.901336,-0.194282,0.8011,0.8003,0.7989,0.08
u5702,0.014,-8.91989,-1.57303,1.52788,0.801744,-0.604175,-0.248617,0.833,0.8082,0.767,0.08
u5703,0.014,1.50118,2.83654,5.06375,0.120513,0.268316,1.5373,0.891,0.8227,0.709,0.08
u5704,0.014,-9.66567,-13.0686,-5.07218,1.12767,1.15256,-0.0300404,0.6904,0.7726,0.9096,0.08
u5705,0.014,-6.73643,9.53915,7.7955,-0.998258,-0.368031,-0.676196,0.7447,0.7862,0.8553,0.08
u5706,0.014,-9.85858,-11.1802,-6.39895,-0.989342,0.432908,-1.35278,0.7051,0.7763,0.8949,0.08
u5707,0.014,4.52743,-12.6563,-6.02159,0.583049,-0.409488,-0.568656,0.7322,0.7831,0.8678,0.08
u5708,0.014,9.5389,-6.27828,8.4203,0.908382,0.375932,-0.350335,0.742,0.7855,0.858,0.08
u5709,0.014,-0.312826,3.33959,4.04662,0.0691728,0.214428,-0.604752,0.9044,0.8261,0.6956,0.08
u5710,0.014,-0.943199,15.3202,-3.46012,-1.65489,-0.924335,-0.0724134,0.7139,0.7785,0.8861,0.08
u5711,0.014,-5.81488,0.538172,-3.94343,-0.0127449,-0.228492,0.196551,0.8719,0.818,0.7281,0.08
u5712,0.014,-1.03316,2.76919,16.0356,0.907958,1.4039,-1.18653,0.7035,0.7759,0.8965,0.08
u5713,0.014,-16.0097,-12.9753,3.44213,1.17896,0.563729,0.959721,0.6201,0.755,0.9799,0.08
u5714,0.014,-3.00013,-20.2398,1.42491,1.52163,-0.410177,-0.857286,0.6271,0.7568,0.9729,0.08
u5715,0.014,14.4447,-0.801965,-6.65047,0.510271,2.05277,0.401571,0.7105,0.7776,0.8895,0.08
u5716,0.014,16.0736,1.65331,-8.05402,-0.444178,0.567945,-0.608289,0.6717,0.7679,0.9283,0.08
u5717,0.014,5.65698,14.8065,6.80708,-1.43623,-0.0930841,-0.856369,0.6864,0.7716,0.9136,0.08
u5718,0.014,-10.4142,-5.50825,10.2698,0.35176,-0.905977,-0.244449,0.7158,0.779,0.8842,0.08
u5719,0.014,-8.40716,0.762645,8.10403,0.728435,0.369556,0.12531,0.7872,0.7968,0.8128,0.08
u5720,0.014,-11.1973,-11.4905,-3.47258,-0.0132354,-0.266531,1.14789,0.7015,0.7754,0.8985,0.08
u5721,0.014,17.8752,-9.64141,3.69323,1.48111,-0.106556,1.35754,0.6247,0.7562,0.9753,0.08
u5722,0.014,-1.60223,-6.3973,-8.37117,0.687659,-0.8811,-0.604827,0.8062,0.8016,0.7938,0.08
u5723,0.014,-7.00504,3.82787,-10.6407,-1.57099,0.389319,2.39084,0.7581,0.7895,0.8419,0.08
u5724,0.014,10.3938,-7.92107,-2.65449,0.443203,0.112023,0.164965,0.7575,0.7894,0.8425,0.08
u5725,0.014,-12.0696,9.59642,4.36147,0.666247,-2.13953,-1.02145,0.7086,0.7772,0.8914,0.08
u5726,0.014,-6.92863,-11.4963,10.4237,0.854564,0.337856,1.3419,0.691,0.7728,0.909,0.08
u5727,0.014,15.8878,-1.5427,-4.73828,0.394118,0.123945,1.49928,0.6973,0.7743,0.9027,0.08
u5728,0.014,12.9112,8.95024,8.78985,-0.518863,0.141896,1.24143,0.6727,0.7682,0.9273,0.08
u5729,0.014,6.47441,0.0619732,-0.263816,-1.35977,0.186369,0.782228,0.8822,0.8205,0.7178,0.08
u5730,0.014,4.84242,17.1888,-3.8129,-1.15509,-0.765604,1.36467,0.668,0.767,0.932,0.08
u5731,0.014,7.56921,2.09299,0.798911,-0.310809,0.984047,1.27741,0.8565,0.8141,0.7435,0.08
u5732,0.014,-8.02776,-7.37532,9.62557,1.38158,-1.01617,-0.556067,0.7356,0.7839,0.8644,0.08
u5733,0.014,-12.8691,4.13513,2.88055,0.042105,-1.502,1.68137,0.7487,0.7872,0.8513,0.08
u5734,0.014,14.2561,-0.249124,4.69542,0.53428,0.243288,0.820892,0.7271,0.7818,0.8729,0.08
u5735,0.014,7.00697,-17.9578,4.82891,1.95654,1.53737,0.723475,0.6387,0.7597,0.9613,0.08
u5736,0.014,-6.75578,-12.2469,2.66489,0.392893,-0.383483,0.116664,0.7411,0.7853,0.8589,0.08
u5737,0.014,5.54848,20.3121,4.74045,-1.80918,0.154026,0.546869,0.6076,0.7519,0.9924,0.08
u5738,0.014,-13.7236,7.28068,-0.013721,-1.01372,0.927483,0.67257,0.7175,0.7794,0.8825,0.08
u5739,0.014,-18.0791,8.69485,-6.25038,0.464507,-0.843336,-1.0645,0.618,0.7545,0.982,0.08
u5740,0.014,-4.07903,-13.1292,-1.28678,1.7627,0.363163,-1.28562,0.7489,0.7872,0.8511,0.08
u5741,0.014,4.64992,10.3322,-11.1393,0.0499478,0.122668,0.879384,0.7111,0.7778,0.8889,0.08
u5742,0.014,0.961536,-5.86125,-4.04622,-0.504661,0.362904,-0.721128,0.8693,0.8173,0.7307,0.08
u5743,0.014,-8.00379,7.48705,10.3961,-0.949686,-0.402891,0.211848,0.7253,0.7813,0.8747,0.08
u5744,0.014,10.6847,2.28258,2.88337,-0.447875,0.313982,0.392196,0.7945,0.7986,0.8055,0.08
u5745,0.014,-10.7501,-12.3064,8.46582,0.133429,-1.89107,-1.62249,0.6654,0.7663,0.9346,0.08
u5746,0.014,-7.15953,-4.96588,-10.1224,-0.203966,0.177618,-0.412024,0.7572,0.7893,0.8428,0.08
u5747,0.014,-7.20154,-8.20082,-2.67671,0.789702,0.466781,-1.44297,0.7957,0.7989,0.8043,0.08
u5748,0.014,4.69549,6.51401,7.03452,1.04609,0.285449,0.855348,0.8059,0.8015,0.7941,0.08
u5749,0.014,-6.46126,-15.3245,1.86359,1.20505,-0.588269,-0.490833,0.6957,0.7739,0.9043,0.08
u5750,0.014,2.36115,-2.44457,-4.96599,-1.81939,-1.62937,-0.319335,0.8906,0.8226,0.7094,0.08
u5751,0.014,-1.39342,-2.61705,15.5443,0.552231,-0.603622,-0.912928,0.7123,0.7781,0.8877,0.08
u5752,0.014,16.2321,10.7355,-1.55653,-0.180493,2.08598,0.432416,0.645,0.7613,0.955,0.08
u5753,0.014,-2.99501,1.16657,-1.59546,0.522479,0.0380989,-0.223479,0.9348,0.8337,0.6652,0.08
u5754,0.014,-8.15716,13.3631,9.11891,-2.0125,1.25194,0.290359,0.6706,0.7676,0.9294,0.08
u5755,0.014,-2.65376,-12.3748,9.94968,0.762074,0.462761,-0.463038,0.7073,0.7768,0.8927,0.08
u5756,0.014,-16.0845,5.13167,0.729441,-1.08927,-1.41641,0.29878,0.6927,0.7732,0.9073,0.08
u5757,0.014,-15.9775,-10.7344,0.357788,2.10841,-0.596066,0.654711,0.65,0.7625,0.95,0.08
u5758,0.014,10.4907,-15.7308,5.96692,1.16401,0.308514,2.03891,0.6395,0.7599,0.9605,0.08
u5759,0.014,-11.5073,-15.0871,-5.33627,0.526376,-1.53907,-1.69604,0.6416,0.7604,0.9584,0.08
u5760,0.014,13.2653,-1.35112,-11.4711,0.300065,0.0430346,-2.5378,0.6802,0.77,0.9198,0.08
u5761,0.014,-7.07519,-13.2946,10.9301,-0.0807235,0.442317,-0.857882,0.6617,0.7654,0.9383,0.08
u5762,0.014,1.70967,-19.5413,-5.35694,1.30175,-0.889622,0.897737,0.6303,0.7576,0.9697,0.08
u5763,0.014,3.26766,15.3298,-6.39059,-0.527631,0.426974,2.02484,0.6922,0.7731,0.9078,0.08
u5764,0.014,8.89013,0.835467,-11.1621,0.453992,1.96098,0.122729,0.7401,0.785,0.8599,0.08
u5765,0.014,0.791575,16.2149,9.09029,-1.27775,0.142664,0.4672,0.6617,0.7654,0.9383,0.08
u5766,0.014,-19.8565,0.235345,7.00762,1.37478,-1.16701,-0.591223,0.6171,0.7543,0.9829,0.08
u5767,0.014,0.637603,-1.85957,-1.94107,0.686384,-1.14233,-1.64328,0.9498,0.8374,0.6502,0.08
u5768,0.014,-12.1679,12.9108,1.78765,-1.04978,0.489154,0.257856,0.6758,0.769,0.9242,0.08
u5769,0.014,7.23484,12.9506,3.85329,-0.563456,1.69797,-0.0829361,0.7213,0.7803,0.8787,0.08
u5770,0.014,-5.76691,-5.80218,-3.90156,0.417219,0.462462,-0.239229,0.8352,0.8088,0.7648,0.08
u5771,0.014,19.7443,2.45735,1.17622,-1.56713,0.602869,0.132701,0.6376,0.7594,0.9624,0.08
u5772,0.014,-13.6984,-5.42624,9.23412,-0.3975,-0.3504,-1.0258,0.6838,0.771,0.9162,0.08
u5773,0.014,-1.87302,-7.45086,12.5243,-0.0544524,0.498219,0.426399,0.7329,0.7832,0.8671,0.08
u5774,0.014,-7.46003,16.1686,-2.1685,-0.329492,-0.511765,0.809715,0.6739,0.7685,0.9261,0.08
u5775,0.014,19.9305,1.22255,-2.7061,-0.329186,0.938282,-0.940474,0.6336,0.7584,0.9664,0.08
u5776,0.014,-17.2017,4.3861,6.61595,-0.620983,-2.23532,1.70539,0.6555,0.7639,0.9445,0.08
u5777,0.014,0.829184,0.615978,0.846615,-0.476376,0.505954,-0.86289,0.9757,0.8439,0.6243,0.08
u5778,0.014,3.57899,-20.0299,2.82322,2.18826,-0.180295,0.00479656,0.6265,0.7566,0.9735,0.08
u5779,0.014,-5.97609,-0.816266,-13.6478,-0.0793923,-1.00977,-0.53555,0.7287,0.7822,0.8713,0.08
u5780,0.014,16.6381,2.36775,2.07208,-0.723339,-0.830686,0.315231,0.6921,0.773,0.9079,0.08
u5781,0.014,4.19541,12.1466,-1.63938,-0.637899,-0.258075,-1.09063,0.7645,0.7911,0.8355,0.08
u5782,0.014,-6.74638,0.903886,3.83882,0.22511,0.337225,-0.217707,0.8579,0.8145,0.7421,0.08
u5783,0.014,0.558592,0.926923,1.3457,0.932689,-0.560412,0.108086,0.9686,0.8422,0.6314,0.08
u5784,0.014,-13.8548,-1.05114,12.4476,0.183328,0.310763,-1.643,0.6608,0.7652,0.9392,0.08
u5785,0.014,-17.2059,3.18287,-2.59477,0.171931,-0.575353,-1.62002,0.6784,0.7696,0.9216,0.08
u5786,0.014,0.0743213,9.44816,-10.3476,0.769141,1.0812,0.0586497,0.7452,0.7863,0.8548,0.08
u5787,0.014,-3.14714,0.0246435,-1.57956,0.788767,0.205602,0.721655,0.936,0.834,0.664,0.08
u5788,0.014,4.69869,-1.51549,-10.9656,-0.3648,0.061057,0.126245,0.7813,0.7953,0.8187,0.08
u5789,0.014,-4.52769,8.13398,4.84332,-1.41094,-0.745819,-0.971133,0.8092,0.8023,0.7908,0.08
u5790,0.014,17.4974,-12.0845,0.804204,1.14516,0.948505,1.03459,0.6131,0.7533,0.9869,0.08
u5791,0.014,17.4231,5.81447,-6.93405,-0.578984,0.893813,-0.554885,0.643,0.7608,0.957,0.08
u5792,0.014,-14.5336,-2.38226,10.9001,0.331425,-1.48083,-1.15128,0.6669,0.7667,0.9331,0.08
u5793,0.014,4.73943,7.65101,11.522,-0.989435,1.48872,0.337884,0.7342,0.7835,0.8658,0.08
u5794,0.014,12.9685,1.39247,10.4225,1.30163,0.48194,0.689134,0.6964,0.7741,0.9036,0.08
u5795,0.014,3.129,-5.89326,10.4739,0.750213,0.762034,-0.0864729,0.7742,0.7936,0.8258,0.08
u5796,0.014,4.53376,14.4156,-11.9216,1.53693,0.860045,0.529471,0.65,0.7625,0.95,0.08
u5797,0.014,-15.422,1.88203,2.47515,1.22695,-0.907465,-0.35395,0.714,0.7785,0.886,0.08
u5798,0.014,7.11392,-14.8115,-6.94416,2.10419,1.72259,0.739036,0.6757,0.7689,0.9243,0.08
u5799,0.014,9.24186,-9.45222,1.62289,0.319892,-0.562848,0.665374,0.7578,0.7895,0.8422,0.08
u5800,0.014,12.9435,11.748,8.38963,-1.32155,1.52506,-0.130154,0.6475,0.7619,0.9525,0.08
u5801,0.014,-11.2141,6.03937,-0.725371,-0.874584,-0.553656,0.935588,0.768,0.792,0.832,0.08
u5802,0.014,-0.890687,-3.56504,4.48245,0.500197,0.417884,0.624294,0.8946,0.8237,0.7054,0.08
u5803,0.014,4.29747,-5.31308,-7.33158,1.18278,0.239381,0.293142,0.8178,0.8044,0.7822,0.08
u5804,0.014,-3.36227,12.9598,-11.4281,0.221593,-0.393146,1.40857,0.6799,0.77,0.9201,0.08
u5805,0.014,-1.15176,-3.47912,-4.94975,0.259771,0.944972,-0.352243,0.888,0.822,0.712,0.08
u5806,0.014,-2.58069,-14.8425,-2.91035,-1.09951,-0.662005,-0.15585,0.721,0.7803,0.879,0.08
u5807,0.014,-3.59417,-15.6188,5.10392,0.431951,-0.226353,-0.959157,0.6942,0.7735,0.9058,0.08
u5808,0.014,-18.0964,-7.06215,0.106744,-0.533498,-0.838046,0.759991,0.6468,0.7617,0.9532,0.08
u5809,0.014,16.7708,-1.01327,5.45018,0.393726,1.44434,-0.70969,0.6788,0.7697,0.9212,0.08
u5810,0.014,7.21221,12.3832,3.74075,0.687318,0.736979,0.717103,0.7307,0.7827,0.8693,0.08
u5811,0.014,9.85905,-6.55402,-5.37579,-0.563053,0.369009,0.611995,0.7636,0.7909,0.8364,0.08
u5812,0.014,-2.87295,-9.18864,-5.52566,1.00184,-2.07396,0.338757,0.7982,0.7995,0.8018,0.08
u5813,0.014,-8.50778,-17.5639,-6.99914,-0.105661,-0.88299,0.494167,0.623,0.7558,0.977,0.08
u5814,0.014,-0.5906,-6.89662,9.222,-0.0368678,0.398666,-1.62839,0.7904,0.7976,0.8096,0.08
u5815,0.014,4.06338,-6.11469,-2.60341,-0.480599,-0.125067,0.306629,0.8584,0.8146,0.7416,0.08
u5816,0.014,4.68977,20.7215,-2.0031,-1.05406,0.30897,-0.313436,0.612,0.753,0.988,0.08
u5817,0.014,-0.690923,-21.4579,1.87499,1.69793,1.03121,-0.86397,0.6082,0.752,0.9918,0.08
u5818,0.014,2.11099,-13.0612,8.50312,0.0407061,-1.06357,-0.141093,0.714,0.7785,0.886,0.08
u5819,0.014,-3.12335,-0.641337,8.00712,1.12316,-1.6566,0.619281,0.8433,0.8108,0.7567,0.08
u5820,0.014,11.302,9.55474,-5.393,0.771221,0.490781,0.472552,0.7136,0.7784,0.8864,0.08
u5821,0.014,-3.48442,9.43145,9.39714,-1.84832,-1.1265,0.191082,0.7498,0.7874,0.8502,0.08
u5822,0.014,2.63528,2.16034,2.45503,0.325369,1.64559,-0.843644,0.9236,0.8309,0.6764,0.08
u5823,0.014,-3.61042,-1.88429,-10.7582,0.45901,-0.311765,-0.13226,0.7908,0.7977,0.8092,0.08
u5824,0.014,-8.64654,-19.6531,-3.29836,-0.699464,-1.48237,-0.0905245,0.605,0.7513,0.995,0.08
u5825,0.014,3.00606,-14.3998,0.0865881,0.60369,-0.701027,0.683608,0.7325,0.7831,0.8675,0.08
u5826,0.014,-7.45822,-7.19087,-3.87513,0.584222,-0.799136,1.63522,0.7989,0.7997,0.8011,0.08
u5827,0.014,1.4253,19.0176,-1.73634,-0.967085,-0.704138,0.817914,0.6518,0.763,0.9482,0.08
u5828,0.014,-1.88022,10.2197,-6.63246,-0.501036,-0.34442,0.686427,0.7759,0.794,0.8241,0.08
u5829,0.014,-9.58111,17.9119,0.239646,-0.505614,0.279097,-0.617075,0.6306,0.7577,0.9694,0.08
u5830,0.014,10.8383,11.2159,5.27596,-0.216279,1.42027,-0.645478,0.7006,0.7752,0.8994,0.08
u5831,0.014,17.8449,6.33435,-7.37682,0.900317,-0.052251,0.459361,0.6305,0.7576,0.9695,0.08
u5832,0.014,-14.3619,-7.04908,-5.64627,0.964887,-0.0292885,-0.709694,0.6915,0.7729,0.9085,0.08
u5833,0.014,-3.90933,-1.40034,4.76396,-0.645159,0.15359,-0.371772,0.8851,0.8213,0.7149,0.08
u5834,0.014,2.66108,2.29824,6.57468,-1.5456,-0.138362,-1.93361,0.8644,0.8161,0.7356,0.08
u5835,0.014,14.4022,-1.76259,-0.0724902,-0.499766,-0.0971124,-0.480433,0.7362,0.784,0.8638,0.08
u5836,0.014,4.11586,10.2426,-1.19772,-1.18547,-0.589031,0.144497,0.7981,0.7995,0.8019,0.08
u5837,0.014,-0.113773,9.4633,2.97728,0.660229,0.404054,-0.988699,0.8196,0.8049,0.7804,0.08
u5838,0.014,6.70556,-11.1969,-2.7724,-0.0271735,-0.0747835,0.411264,0.7574,0.7894,0.8426,0.08
u5839,0.014,0.721822,-12.0039,-2.51488,0.669893,0.264378,0.228958,0.7766,0.7942,0.8234,0.08
u5840,0.014,-11.324,-8.53095,6.01339,0.542183,-0.529086,-0.783104,0.72,0.78,0.88,0.08
u5841,0.014,-7.94645,2.91952,-3.4839,-1.52923,-1.78031,0.489299,0.8336,0.8084,0.7664,0.08
u5842,0.014,-3.67059,-11.5808,1.40842,1.18187,0.157157,-0.562753,0.7776,0.7944,0.8224,0.08
u5843,0.014,16.2461,2.25241,6.28729,1.07296,0.91305,-2.19202,0.6806,0.7702,0.9194,0.08
u5844,0.014,-10.1561,-11.5732,9.53189,0.829674,-0.381775,-0.450237,0.6707,0.7677,0.9293,0.08
u5845,0.014,8.0595,-2.1658,-15.2565,-1.49195,-0.093275,-0.469515,0.6838,0.771,0.9162,0.08
u5846,0.014,12.7696,-6.00524,-7.30211,0.427475,1.69137,0.284265,0.7111,0.7778,0.8889,0.08
u5847,0.014,-8.37195,-11.7323,-6.61565,0.398173,1.17023,-0.0355031,0.7117,0.7779,0.8883,0.08
u5848,0.014,9.66178,-7.57801,2.91113,0.776636,1.04531,0.801958,0.7706,0.7926,0.8294,0.08
u5849,0.014,0.335665,9.15794,13.4512,0.132078,1.03524,1.18519,0.7041,0.776,0.8959,0.08
u5850,0.014,1.9328,-14.7093,0.465867,0.364113,1.52519,0.219868,0.7301,0.7825,0.8699,0.08
u5851,0.014,6.32116,-8.21315,4.08672,0.974577,0.112099,-0.275323,0.7974,0.7994,0.8026,0.08
u5852,0.014,-9.47276,8.68685,10.9071,-0.733537,-0.629627,0.219169,0.6935,0.7734,0.9065,0.08
u5853,0.014,7.20799,-17.2514,8.39779,0.850794,1.12524,-1.01969,0.6273,0.7568,0.9727,0.08
u5854,0.014,10.6902,-15.5589,0.731343,0.980268,0.364202,-0.789392,0.6565,0.7641,0.9435,0.08
u5855,0.014,-9.64553,16.4806,6.85419,0.262367,-1.16999,-1.00513,0.6311,0.7578,0.9689,0.08
u5856,0.014,10.4254,3.6081,5.12574,0.999021,0.135805,1.37367,0.7788,0.7947,0.8212,0.08
u5857,0.014,5.02114,10.7767,10.1869,-0.472981,0.940942,0.165779,0.7153,0.7788,0.8847,0.08
u5858,0.014,-14.9105,4.25365,4.46977,-1.34932,-1.37361,0.681554,0.7066,0.7767,0.8934,0.08
u5859,0.014,-10.9691,7.54578,-1.96336,-0.790518,-1.33244,-0.200284,0.7553,0.7888,0.8447,0.08
u5860,0.014,-10.0244,-16.3816,-4.2069,1.94394,-1.1891,0.321906,0.6425,0.7606,0.9575,0.08
u5861,0.014,2.21324,-4.10459,9.46447,0.517982,-0.111155,-0.696154,0.8082,0.802,0.7918,0.08
u5862,0.014,5.12698,-12.6967,-4.37804,1.32253,0.0299409,0.498468,0.7386,0.7847,0.8614,0.08
u5863,0.014,-11.8714,-4.9106,-13.3029,0.543973,-1.07143,-1.2501,0.6638,0.7659,0.9362,0.08
u5864,0.014,6.51778,1.19407,-1.38242,-0.377812,0.112563,-0.446082,0.8769,0.8192,0.7231,0.08
u5865,0.014,8.29627,-11.6071,10.3729,0.822711,0.040789,0.781806,0.6793,0.7698,0.9207,0.08
u5866,0.014,-5.54084,-15.0234,2.85243,2.28149,0.0308023,0.736026,0.7043,0.7761,0.8957,0.08
u5867,0.014,-19.0523,4.40448,-2.30625,0.621229,-0.169659,-0.624303,0.642,0.7605,0.958,0.08
u5868,0.014,-15.7512,-11.8636,-1.39451,2.13823,-1.29631,0.54519,0.6406,0.7601,0.9594,0.08
u5869,0.014,2.66377,-5.47535,-4.09746,0.305595,0.439999,0.799338,0.8666,0.8166,0.7334,0.08
u5870,0.014,19.0885,-6.77046,0.205918,0.626753,0.144467,-0.953062,0.6317,0.7579,0.9683,0.08
u5871,0.014,-2.48927,15.7258,-7.20683,-0.847519,0.179004,0.6808,0.6822,0.7706,0.9178,0.08
u5872,0.014,4.47949,-0.34453,0.576642,-1.29491,0.880412,0.197135,0.9176,0.8294,0.6824,0.08
u5873,0.014,14.878,-7.30003,-4.01504,0.590169,1.04929,0.340489,0.69,0.7725,0.91,0.08
u5874,0.014,11.6234,-14.3526,6.87051,0.758491,0.990257,0.890865,0.6417,0.7604,0.9583,0.08
u5875,0.014,4.88914,12.9196,-11.959,1.62223,1.33781,0.446643,0.6678,0.7669,0.9322,0.08
u5876,0.014,-5.39634,-9.01697,-3.64234,0.144518,0.543552,0.895584,0.7978,0.7994,0.8022,0.08
u5877,0.014,-12.0249,7.0806,12.5388,0.326427,-1.46937,0.87899,0.6589,0.7647,0.9411,0.08
u5878,0.014,-14.5828,11.9381,-6.07233,-1.43044,-1.18083,0.333007,0.64,0.76,0.96,0.08
u5879,0.014,-9.25194,-8.02388,13.3582,0.846605,-2.25248,-0.367025,0.6705,0.7676,0.9295,0.08
u5880,0.014,-0.237328,6.46692,-13.4121,-0.0264677,0.730598,-0.589942,0.7292,0.7823,0.8708,0.08
u5881,0.014,-0.801018,4.57759,11.5735,-0.162187,0.554458,0.310257,0.7732,0.7933,0.8268,0.08
u5882,0.014,-1.01961,-5.98561,15.5487,0.714814,-0.796615,-0.185684,0.6965,0.7741,0.9035,0.08
u5883,0.014,-3.92116,-14.5016,-7.9759,0.954726,-0.049228,1.02587,0.6908,0.7727,0.9092,0.08
u5884,0.014,-7.47783,-18.1922,2.73332,0.996896,-1.65796,-1.25693,0.6389,0.7597,0.9611,0.08
u5885,0.014,-17.2486,1.95431,-3.65547,-1.03424,-0.749255,-0.0328473,0.6775,0.7694,0.9225,0.08
u5886,0.014,2.7545,-19.8067,5.75139,1.66317,-0.474228,0.3233,0.6217,0.7554,0.9783,0.08
u5887,0.014,12.8331,-1.85803,-8.09736,0.285372,-0.389551,-1.22711,0.722,0.7805,0.878,0.08
u5888,0.014,-11.5724,-17.5029,-3.96704,1.83385,0.440979,0.560013,0.6117,0.7529,0.9883,0.08
u5889,0.014,-3.2011,-16.9015,2.47681,2.29279,-0.606701,0.352503,0.684,0.771,0.916,0.08
u5890,0.014,6.45201,-15.3201,-8.9299,0.81331,0.241208,0.257893,0.6569,0.7642,0.9431,0.08
u5891,0.014,-8.67974,1.358,1.7639,-0.850856,0.289239,-0.269861,0.8371,0.8093,0.7629,0.08
u5892,0.014,3.59594,7.18509,14.2127,0.390627,0.650592,0.568238,0.7032,0.7758,0.8968,0.08
u5893,0.014,3.98449,-18.4456,7.54857,0.0632068,-0.951594,-0.546243,0.6305,0.7576,0.9695,0.08
u5894,0.014,2.36351,5.4204,14.5199,0.0778385,0.486281,1.35333,0.7149,0.7787,0.8851,0.08
u5895,0.014,-1.26,-5.54492,2.88915,0.519238,-0.451952,0.512427,0.884,0.821,0.716,0.08
u5896,0.014,14.4638,-15.2374,-1.65731,0.86414,0.680247,-0.42345,0.6168,0.7542,0.9832,0.08
u5897,0.014,-2.20329,-17.0818,-2.71713,0.342718,0.584824,0.892812,0.683,0.7707,0.917,0.08
u5898,0.014,0.146336,13.2196,8.97283,-0.137472,-0.446671,0.309606,0.7095,0.7774,0.8905,0.08
u5899,0.014,-9.23296,-5.23335,11.3075,0.181788,-1.03387,0.528096,0.718,0.7795,0.882,0.08
u5900,0.014,-6.39189,-2.59339,4.7177,-0.0319291,0.731625,-1.4416,0.8481,0.812,0.7519,0.08
u5901,0.014,5.43353,-10.5468,10.4073,0.451751,-1.84451,-1.18103,0.7131,0.7783,0.8869,0.08
u5902,0.014,-19.5699,7.42156,-1.15924,-0.6745,0.126498,1.29748,0.6189,0.7547,0.9811,0.08
u5903,0.014,-5.60768,-0.30975,6.45469,0.413883,-0.940211,0.651015,0.8444,0.8111,0.7556,0.08
u5904,0.014,-14.8248,13.6079,-6.52912,-1.41207,-0.209459,-0.601623,0.6153,0.7538,0.9847,0.08
u5905,0.014,-0.736589,-13.9059,4.90954,1.06736,0.283291,0.0570161,0.7315,0.7829,0.8685,0.08
u5906,0.014,0.538951,-1.54603,-11.3241,0.26627,1.15011,1.80251,0.792,0.798,0.808,0.08
u5907,0.014,8.11719,0.754203,2.0767,-0.583405,-2.57815,-0.294602,0.847,0.8118,0.753,0.08
u5908,0.014,-2.87741,-6.28393,-11.6454,-2.24721,-0.412466,0.210404,0.7538,0.7884,0.8462,0.08
u5909,0.014,-9.53281,2.24952,-2.3876,-0.145121,-0.705305,-0.524664,0.8167,0.8042,0.7833,0.08
u5910,0.014,-6.68828,6.435,-0.990357,-1.46538,-0.334111,0.405845,0.8303,0.8076,0.7697,0.08
u5911,0.014,1.8281,-10.0459,-6.22045,1.41754,-0.719369,0.889892,0.7826,0.7957,0.8174,0.08
u5912,0.014,15.5173,4.50763,7.20315,-1.18201,0.730901,1.86501,0.6783,0.7696,0.9217,0.08
u5913,0.014,-5.56429,15.4276,9.37834,-1.13909,-0.676744,1.47389,0.6565,0.7641,0.9435,0.08
u5914,0.014,18.8275,-6.55375,-6.31127,0.387751,0.488957,0.837286,0.6198,0.755,0.9802,0.08
u5915,0.014,-4.05507,-15.2224,-9.02471,1.04628,-0.474826,-1.17556,0.6699,0.7675,0.9301,0.08
u5916,0.014,-7.76787,-15.1965,2.14747,1.04421,-0.323,0.857991,0.6872,0.7718,0.9128,0.08
u5917,0.014,-4.36436,13.3307,-3.61749,-0.217495,1.02199,-1.08467,0.7366,0.7842,0.8634,0.08
u5918,0.014,5.69498,9.21057,-12.3887,-1.46458,0.926425,0.911049,0.7008,0.7752,0.8992,0.08
u5919,0.014,-2.70512,10.4896,2.42051,-1.29121,-0.634703,0.763633,0.7982,0.7995,0.8018,0.08
u5920,0.014,5.48542,-1.40114,13.8305,-0.709276,1.01064,0.218159,0.7283,0.7821,0.8717,0.08
u5921,0.014,-2.2705,11.9267,12.5899,-2.08417,-0.0861799,0.452492,0.682,0.7705,0.918,0.08
u5922,0.014,-3.53669,-7.40014,-14.1776,0.870427,0.369206,-0.869093,0.7022,0.7755,0.8978,0.08
u5923,0.014,16.9173,-3.20479,9.56532,-0.184841,-0.396656,0.5095,0.6419,0.7605,0.9581,0.08
u5924,0.014,-9.46559,15.0794,5.27378,-2.26922,-0.162617,0.765637,0.6624,0.7656,0.9376,0.08
u5925,0.014,-12.5825,2.63743,-10.743,1.11196,-0.108404,-0.603517,0.6954,0.7738,0.9046,0.08
u5926,0.014,-17.3381,10.5605,6.25567,-0.723199,-1.82886,-0.06045,0.6138,0.7534,0.9862,0.08
u5927,0.014,12.6687,1.07116,-3.48136,-0.98158,-0.823434,-0.765566,0.7603,0.7901,0.8397,0.08
u5928,0.014,-2.28608,-11.1124,1.68712,0.546521,-0.552204,0.149391,0.7915,0.7979,0.8085,0.08
u5929,0.014,-1.29943,3.58247,-4.77317,0.2479,0.563857,1.24677,0.8889,0.8222,0.7111,0.08
u5930,0.014,-13.3886,5.88882,-6.24268,0.605644,-0.0613223,1.29871,0.7109,0.7777,0.8891,0.08
u5931,0.014,-0.297312,-10.7203,6.93132,-0.21297,0.823379,1.05837,0.7678,0.792,0.8322,0.08
u5932,0.014,-19.2151,-5.70666,5.24266,0.486023,-0.0293643,-0.697315,0.6233,0.7558,0.9767,0.08
u5933,0.014,5.03876,1.89085,15.3642,-0.255632,-0.917157,0.267981,0.704,0.776,0.896,0.08
u5934,0.014,4.75706,-10.0537,-5.04848,0.543202,-0.70048,-1.2448,0.7779,0.7945,0.8221,0.08
u5935,0.014,0.775194,0.270064,1.59819,0.447112,-0.381205,0.0924963,0.9673,0.8418,0.6327,0.08
u5936,0.014,8.63484,3.35796,-3.2435,0.557562,1.68864,0.739383,0.8215,0.8054,0.7785,0.08
u5937,0.014,3.05896,16.5687,-0.770581,1.28602,1.33661,0.430159,0.6933,0.7733,0.9067,0.08
u5938,0.014,-15.0919,-12.9314,1.13441,0.565621,1.14792,-1.21978,0.6381,0.7595,0.9619,0.08
u5939,0.014,-2.07881,-1.28424,-1.39516,-0.268344,-1.02388,-0.443555,0.9488,0.8372,0.6512,0.08
u5940,0.014,-4.2745,-10.9435,-0.443413,-0.789782,-0.555317,-0.618951,0.7862,0.7966,0.8138,0.08
u5941,0.014,4.24775,-2.41912,4.27356,-0.105532,-1.16656,-0.299291,0.8819,0.8205,0.7181,0.08
u5942,0.014,-0.666042,7.92245,-9.45572,-1.17205,1.35446,0.445904,0.7754,0.7938,0.8246,0.08
u5943,0.014,-4.98331,4.57716,13.1323,-1.737,-0.337817,0.343189,0.7314,0.7828,0.8686,0.08
u5944,0.014,-14.9019,2.01821,6.49579,-0.405344,-0.896338,0.0650411,0.7022,0.7755,0.8978,0.08
u5945,0.014,10.8907,5.33531,10.8278,-1.25595,0.900217,0.248102,0.7044,0.7761,0.8956,0.08
u5946,0.014,18.2968,-7.64046,5.44742,-1.03518,1.44039,1.33086,0.6261,0.7565,0.9739,0.08
u5947,0.014,9.48768,-3.98497,11.9845,-0.116786,2.28103,0.780197,0.7128,0.7782,0.8872,0.08
u5948,0.014,-16.9263,-11.6332,0.801345,-0.97008,-2.19823,-0.300289,0.6263,0.7566,0.9737,0.08
u5949,0.014,20.4475,-0.0519483,-3.61216,-1.08852,0.0779226,-0.19791,0.6225,0.7556,0.9775,0.08
u5950,0.014,4.66396,12.428,9.48468,-0.321203,1.15579,-0.435909,0.7034,0.7758,0.8966,0.08
u5951,0.014,8.45416,-12.6853,7.98874,1.75968,0.809651,-0.219786,0.6871,0.7718,0.9129,0.08
u5952,0.014,10.1965,-5.84465,9.91106,0.349647,1.45851,1.17511,0.7205,0.7801,0.8795,0.08
u5953,0.014,-2.50124,-13.07,-5.21292,0.791904,-0.414237,0.163507,0.7401,0.785,0.8599,0.08
u5954,0.014,-7.30646,-9.17535,-13.9558,0.05141,0.0495335,0.246932,0.6685,0.7671,0.9315,0.08
u5955,0.014,10.7976,16.92,-1.48118,-0.922742,0.75888,-1.53446,0.6341,0.7585,0.9659,0.08
u5956,0.014,-16.7521,-1.4703,-4.02923,0.315364,-0.183657,0.465842,0.6856,0.7714,0.9144,0.08
u5957,0.014,-0.580296,18.5581,0.428072,-2.06391,-1.10482,-0.0905444,0.6623,0.7656,0.9377,0.08
u5958,0.014,13.2771,11.0286,-6.92984,-0.438609,1.27688,0.161993,0.6618,0.7655,0.9382,0.08
u5959,0.014,7.96438,-10.5552,4.38475,0.13587,1.29588,1.55918,0.7467,0.7867,0.8533,0.08
u5960,0.014,3.92622,-2.23878,3.5277,-0.84568,-1.04836,-0.512002,0.8958,0.8239,0.7042,0.08
u5961,0.014,-3.84348,-5.1872,-10.4461,1.0795,0.233908,-0.196176,0.7767,0.7942,0.8233,0.08
u5962,0.014,-14.253,-0.512894,-3.22368,-0.961257,-0.406942,0.00307954,0.7341,0.7835,0.8659,0.08
u5963,0.014,13.9936,-3.12971,-0.529395,0.75242,1.0751,0.437065,0.7391,0.7848,0.8609,0.08
u5964,0.014,-0.523153,-3.95531,2.12263,1.3301,-1.12177,0.165356,0.9178,0.8295,0.6822,0.08
u5965,0.014,9.57362,10.6591,9.22053,-0.0329255,0.400769,1.22958,0.6902,0.7726,0.9098,0.08
u5966,0.014,7.1258,8.86875,1.43589,-1.56223,0.774723,-0.678246,0.7915,0.7979,0.8085,0.08
u5967,0.014,7.4411,-17.6554,-3.37942,1.7141,0.209945,0.9916,0.6463,0.7616,0.9537,0.08
u5968,0.014,17.1449,10.0443,-2.20434,-0.0792911,0.712449,0.839092,0.6365,0.7591,0.9635,0.08
u5969,0.014,9.57947,-5.45079,-11.8548,1.14509,0.944105,-1.20486,0.7057,0.7764,0.8943,0.08
u5970,0.014,0.0352588,-5.91194,14.9841,0.512223,0.222704,0.43033,0.7071,0.7768,0.8929,0.08
u5971,0.014,1.5483,-11.6663,-8.99751,1.13771,1.2114,0.909965,0.7307,0.7827,0.8693,0.08
u5972,0.014,-5.07876,6.8304,-8.11274,-1.03431,-0.790807,-0.970967,0.7862,0.7966,0.8138,0.08
u5973,0.014,-5.59429,8.84983,-4.98676,1.06152,-0.622937,0.0631574,0.7892,0.7973,0.8108,0.08
u5974,0.014,9.59281,7.1534,-11.0218,-1.14474,0.447796,1.08218,0.7042,0.7761,0.8958,0.08
u5975,0.014,17.1025,1.26766,7.50892,-0.17607,0.77337,1.45454,0.6596,0.7649,0.9404,0.08
u5976,0.014,-3.03114,-16.691,3.33272,0.19993,-0.300964,1.06487,0.6857,0.7714,0.9143,0.08
u5977,0.014,2.99143,6.73003,-8.45527,-0.317821,-0.658941,0.796532,0.7961,0.799,0.8039,0.08
u5978,0.014,20.5136,4.46229,4.33004,0.177636,1.99435,0.269211,0.6103,0.7526,0.9897,0.08
u5979,0.014,-6.37441,2.6537,-4.66698,0.307439,-0.334819,-0.191832,0.8485,0.8121,0.7515,0.08
u5980,0.014,2.32416,-11.0261,0.622356,1.45746,1.14456,-0.543353,0.7948,0.7987,0.8052,0.08
u5981,0.014,-3.50903,5.14078,6.9672,0.913425,-0.244364,-0.486519,0.8301,0.8075,0.7699,0.08
u5982,0.014,-11.8601,13.3411,2.5485,0.396877,-1.2394,-0.22796,0.6722,0.768,0.9278,0.08
u5983,0.014,0.706806,-6.19614,-11.7488,0.491482,-0.449452,1.38294,0.7582,0.7895,0.8418,0.08
u5984,0.014,6.34182,-19.5886,-2.67348,2.05326,1.94211,0.514429,0.6225,0.7556,0.9775,0.08
u5985,0.014,2.79128,4.34964,12.5194,-1.78186,1.63129,0.525199,0.7537,0.7884,0.8463,0.08
u5986,0.014,-6.6832,19.6897,-4.93409,-2.82188,0.264343,0.396982,0.6114,0.7529,0.9886,0.08
u5987,0.014,-16.0913,4.33001,7.86174,0.0434144,-1.13229,0.920238,0.665,0.7662,0.935,0.08
u5988,0.014,-0.309511,3.71894,10.2398,0.264424,0.517751,-1.74927,0.8018,0.8005,0.7982,0.08
u5989,0.014,-14.7136,10.1814,-8.73501,-0.982968,-0.0906178,0.803,0.638,0.7595,0.962,0.08
u5990,0.014,12.1914,15.3002,-3.14697,-1.25614,-0.374076,0.650369,0.6397,0.7599,0.9603,0.08
u5991,0.014,-12.1042,-5.09034,-3.42933,0.953824,0.155411,1.02868,0.7532,0.7883,0.8468,0.08
u5992,0.014,0.991413,-15.1704,8.62537,0.389917,-0.33553,-0.0833477,0.6822,0.7705,0.9178,0.08
u5993,0.014,-1.56406,-1.99771,8.53995,-1.2749,0.230385,0.302992,0.838,0.8095,0.762,0.08
u5994,0.014,-9.25373,-9.68325,1.04649,1.27315,1.37003,1.53447,0.7557,0.7889,0.8443,0.08
u5995,0.014,0.679618,-11.4534,-4.98002,0.129782,-0.215096,-1.52005,0.7726,0.7931,0.8274,0.08
u5996,0.014,16.6387,10.6458,-4.55165,-1.611,0.710886,0.312628,0.6314,0.7579,0.9686,0.08
u5997,0.014,-11.5339,3.01799,-9.15132,0.457019,-0.822443,-0.267716,0.7267,0.7817,0.8733,0.08
u5998,0.014,7.39086,8.551,6.41375,0.695989,0.68973,0.555772,0.7637,0.7909,0.8363,0.08
u5999,0.014,0.252364,-6.78817,-1.2765,1.14347,0.588717,1.06323,0.8743,0.8186,0.7257,0.08
u6000,0.014,5.91014,-18.6575,-0.0716266,0.448252,1.68569,0.0335238,0.6442,0.761,0.9558,0.08
u6001,0.014,14.6296,-4.23312,-10.883,0.43366,-0.916098,0.694052,0.6597,0.7649,0.9403,0.08
u6002,0.014,5.3998,0.588566,14.096,-0.831848,0.176789,-0.312629,0.7253,0.7813,0.8747,0.08
u6003,0.014,-16.5022,-4.89599,-8.30929,-0.545994,-1.30034,0.730939,0.6525,0.7631,0.9475,0.08
u6004,0.014,6.32962,12.1682,12.4415,-1.22872,0.2335,0.866273,0.6633,0.7658,0.9367,0.08
u6005,0.014,16.0513,-2.98865,-6.76428,0.52211,-0.811218,-1.04596,0.6787,0.7697,0.9213,0.08
u6006,0.014,-10.5648,2.2253,-0.88288,-0.393158,-2.07515,0.52597,0.803,0.8008,0.797,0.08
u6007,0.014,5.38042,2.42484,4.94106,-0.910401,1.05326,0.236561,0.8601,0.815,0.7399,0.08
u6008,0.014,6.80098,-5.36539,-14.7403,0.986566,-0.62742,-0.73297,0.6891,0.7723,0.9109,0.08
u6009,0.014,14.7105,-0.715813,-3.66836,-0.224344,1.18406,-0.381799,0.724,0.781,0.876,0.08
u6010,0.014,-4.74937,-14.3258,-10.0598,0.425953,-0.352601,0.165972,0.6702,0.7676,0.9298,0.08
u6011,0.014,-9.96094,17.3367,-4.29852,-1.0863,-0.651571,-0.237747,0.6282,0.757,0.9718,0.08
u6012,0.014,-8.08894,8.86379,12.8511,-0.537491,-0.586569,-0.391045,0.6803,0.7701,0.9197,0.08
u6013,0.014,-0.844659,2.28246,-0.577336,0.505132,-0.233883,0.825135,0.9545,0.8386,0.6455,0.08
u6014,0.014,-9.7152,-3.96244,-6.2864,1.24767,-1.11386,0.924023,0.7776,0.7944,0.8224,0.08
u6015,0.014,19.7745,-4.31632,5.78979,0.093827,2.47439,1.16606,0.6172,0.7543,0.9828,0.08
u6016,0.014,6.5347,-4.17853,7.9193,0.287483,-1.04049,1.42258,0.7985,0.7996,0.8015,0.08
u6017,0.014,6.63194,-10.0342,-1.25453,1.42478,-0.772312,-0.21514,0.7801,0.795,0.8199,0.08
u6018,0.014,-6.27036,12.5177,-8.90046,-1.74559,0.64568,0.406765,0.6984,0.7746,0.9016,0.08
u6019,0.014,2.0257,-16.634,0.60926,0.474291,-1.47008,1.61846,0.6951,0.7738,0.9049,0.08
u6020,0.014,-17.3928,2.70864,2.60286,-0.70894,-0.612692,1.18627,0.6765,0.7691,0.9235,0.08
u6021,0.014,14.1315,1.10161,-10.6209,-1.09091,-0.363708,0.208264,0.678,0.7695,0.922,0.08
u6022,0.014,13.3779,6.74608,-11.0764,0.427694,0.0184605,0.0473302,0.6612,0.7653,0.9388,0.08
u6023,0.014,3.74307,4.2115,7.01544,-0.0539013,0.464285,-0.124871,0.8364,0.8091,0.7636,0.08
u6024,0.014,17.1047,-6.51627,8.29305,0.637121,0.489397,-0.932887,0.6346,0.7587,0.9654,0.08
u6025,0.014,-17.9892,1.55626,9.06581,-0.0598615,-1.69638,-0.815535,0.6326,0.7582,0.9674,0.08
u6026,0.014,-4.04642,-8.09361,2.96519,-0.537589,1.32947,0.431301,0.8269,0.8067,0.7731,0.08
u6027,0.014,6.63501,-6.35491,-2.01828,1.66559,0.257781,0.32166,0.829,0.8072,0.771,0.08
u6028,0.014,-17.2619,7.69605,2.29737,-0.404264,-0.102969,-0.0167297,0.6538,0.7635,0.9462,0.08
u6029,0.014,-3.74877,-12.5878,10.9276,2.57748,-0.556916,0.104571,0.6894,0.7723,0.9106,0.08
u6030,0.014,-17.4397,0.856613,-3.79797,0.238298,-0.188319,-0.834451,0.6751,0.7688,0.9249,0.08
u6031,0.014,-0.0766718,19.2701,3.30445,-0.831779,-0.518311,0.0921461,0.6445,0.7611,0.9555,0.08
u6032,0.014,7.99584,-2.88195,8.22727,0.316607,0.727613,0.446854,0.7849,0.7962,0.8151,0.08
u6033,0.014,-1.21664,-11.0352,-12.0765,1.12736,0.0446716,0.984139,0.7017,0.7754,0.8983,0.08
u6034,0.014,-13.1011,4.91885,-5.491,-0.598527,-0.142306,-1.23319,0.7267,0.7817,0.8733,0.08
u6035,0.014,12.9426,-13.2824,6.80189,1.83421,0.220414,-1.3966,0.6408,0.7602,0.9592,0.08
u6036,0.014,6.42191,6.17549,-6.11206,-0.740735,-0.0271471,1.15397,0.8036,0.8009,0.7964,0.08
u6037,0.014,8.16537,13.4139,2.96692,-1.44247,0.282656,0.866126,0.7094,0.7774,0.8906,0.08
u6038,0.014,-5.1385,-14.8854,-9.06536,0.134093,-0.125895,-0.522261,0.6696,0.7674,0.9304,0.08
u6039,0.014,7.36434,3.91547,-10.5099,-0.344489,0.819651,-0.731163,0.756,0.789,0.844,0.08
u6040,0.014,-0.289723,7.24659,4.57356,0.14795,-0.685809,0.488265,0.8441,0.811,0.7559,0.08
u6041,0.014,-5.68034,-1.35676,-2.56925,0.347537,-2.18853,-0.486229,0.884,0.821,0.716,0.08
u6042,0.014,14.1652,4.74986,-10.1592,-0.161057,0.384864,0.265602,0.6715,0.7679,0.9285,0.08
u6043,0.014,-10.9488,-9.43388,-7.76001,-0.311871,-1.32442,-0.638023,0.7017,0.7754,0.8983,0.08
u6044,0.014,13.9262,-0.754938,11.5566,0.30486,0.984717,0.692993,0.6707,0.7677,0.9293,0.08
u6045,0.014,-19.0492,-1.48671,8.05176,0.912841,-0.798534,-0.0968492,0.623,0.7558,0.977,0.08
u6046,0.014,-10.3916,10.9215,-5.14296,0.209609,-0.72222,1.39889,0.7104,0.7776,0.8896,0.08
u6047,0.014,-10.1829,14.3572,6.91809,-0.789253,-0.132927,-0.178052,0.6561,0.764,0.9439,0.08
u6048,0.014,-0.327888,-9.66901,-13.9246,-1.00159,0.0305952,-1.06723,0.6917,0.7729,0.9083,0.08
u6049,0.014,-0.0379337,-2.96923,15.0007,-0.758592,1.4142,-0.022788,0.722,0.7805,0.878,0.08
u6050,0.014,-5.26282,10.0399,-4.00244,-0.434615,0.0596852,1.04176,0.7814,0.7954,0.8186,0.08
u6051,0.014,6.03407,4.21312,13.1816,-0.0216093,-0.915368,-0.348318,0.7255,0.7814,0.8745,0.08
u6052,0.014,4.78819,-2.03275,7.59609,-0.334114,0.0491355,0.17274,0.8326,0.8082,0.7674,0.08
u6053,0.014,-8.7953,-13.6234,7.06296,1.54002,-0.449725,-0.0353142,0.6784,0.7696,0.9216,0.08
u6054,0.014,-10.49,-10.8605,-7.4209,1.26669,-1.92862,0.220427,0.6941,0.7735,0.9059,0.08
u6055,0.014,-2.54389,14.0815,2.77282,-0.170113,0.301171,-1.24771,0.735,0.7837,0.865,0.08
u6056,0.014,-3.6162,-8.03752,9.77557,-0.610389,-0.752406,0.274651,0.7607,0.7902,0.8393,0.08
u6057,0.014,-2.98496,1.12163,-5.5377,-0.129068,-0.799686,0.933894,0.8838,0.821,0.7162,0.08
u6058,0.014,-2.80768,3.49982,-7.91782,-0.579385,-0.0643638,-1.18631,0.8345,0.8086,0.7655,0.08
u6059,0.014,9.08982,12.1998,10.4384,-0.42264,1.05701,-0.520007,0.6645,0.7661,0.9355,0.08
u6060,0.014,-7.25709,-16.7631,-1.52447,0.561735,0.187373,-0.21446,0.6667,0.7667,0.9333,0.08
u6061,0.014,-21.6647,-0.294799,1.95152,-0.876112,-0.62245,1.11947,0.6045,0.7511,0.9955,0.08
u6062,0.014,-16.2899,0.786213,5.34466,-1.04224,-1.31424,-0.196043,0.688,0.772,0.912,0.08
u6063,0.014,-2.4809,3.17842,-10.6298,-0.63995,0.580707,-0.143583,0.7933,0.7983,0.8067,0.08
u6064,0.014,3.85309,0.601991,4.17879,-0.60104,-0.846525,-1.49342,0.8961,0.824,0.7039,0.08
u6065,0.014,0.972139,-7.90842,1.44218,0.298778,-0.697268,-1.07638,0.8528,0.8132,0.7472,0.08
u6066,0.014,2.0556,0.792547,2.87397,-1.35613,1.28871,0.526033,0.9342,0.8335,0.6658,0.08
u6067,0.014,7.27425,18.0164,6.75639,-0.20546,0.13973,0.58465,0.626,0.7565,0.974,0.08
u6068,0.014,15.1684,-5.98562,-0.738398,0.810527,1.0435,-1.21947,0.7032,0.7758,0.8968,0.08
u6069,0.014,1.08887,-18.7396,-3.7025,-0.63091,-0.00742474,0.56641,0.6521,0.763,0.9479,0.08
u6070,0.014,-13.4235,1.22037,-3.52631,1.53106,-0.222837,-1.08959,0.7467,0.7867,0.8533,0.08
u6071,0.014,-5.3248,6.65948,5.05341,0.583298,-0.0422973,-0.72186,0.8198,0.8049,0.7802,0.08
u6072,0.014,2.38561,-10.6087,10.194,0.976619,1.47717,0.359083,0.729,0.7823,0.871,0.08
u6073,0.014,-5.85134,-17.1774,-2.10979,0.270799,-0.271829,-0.435611,0.6678,0.767,0.9322,0.08
u6074,0.014,3.60958,3.60328,-4.84971,0.552683,0.468163,-0.0454231,0.872,0.818,0.728,0.08
u6075,0.014,17.4859,-6.45102,6.7747,1.61199,1.69857,0.862515,0.6394,0.7599,0.9606,0.08
u6076,0.014,10.7117,3.22628,12.3846,-0.874507,1.15282,-0.53023,0.6966,0.7741,0.9034,0.08
u6077,0.014,-15.7755,-6.09714,0.172647,-0.170381,0.973617,-0.0522584,0.6925,0.7731,0.9075,0.08
u6078,0.014,12.5756,-1.33357,9.8558,1.22558,-0.377354,0.134159,0.7085,0.7771,0.8915,0.08
u6079,0.014,-15.3133,13.9976,-0.912924,0.465802,0.22321,-0.359296,0.6224,0.7556,0.9776,0.08
u6080,0.014,6.61545,-3.12017,15.4649,1.7524,0.139662,-0.104766,0.689,0.7722,0.911,0.08
u6081,0.014,13.4047,3.89488,-8.51697,0.0337169,0.17987,-0.772021,0.7027,0.7757,0.8973,0.08
u6082,0.014,19.1821,-7.27037,4.22117,2.37006,2.87499,0.0591678,0.6192,0.7548,0.9808,0.08
u6083,0.014,-14.7765,-7.65751,1.92629,0.893,-0.639269,0.286887,0.6954,0.7738,0.9046,0.08
u6084,0.014,-14.4634,-5.92107,8.91267,0.106009,-2.99456,1.01497,0.6729,0.7682,0.9271,0.08
u6085,0.014,3.37928,-9.68361,-10.7695,1.29442,1.12314,0.193411,0.7296,0.7824,0.8704,0.08
u6086,0.014,-14.1477,14.7011,-0.956562,0.398817,-0.824373,0.823088,0.6286,0.7572,0.9714,0.08
u6087,0.014,14.4034,7.69789,3.68446,-0.0852976,-0.95398,0.611645,0.6956,0.7739,0.9044,0.08
u6088,0.014,-6.47475,14.1095,-5.41461,-0.704362,-1.12495,-0.917022,0.7011,0.7753,0.8989,0.08
u6089,0.014,14.4505,-0.470257,-0.194107,-0.733449,1.06458,1.13001,0.7371,0.7843,0.8629,0.08
u6090,0.014,0.837124,6.41641,-12.2435,0.242545,-0.634928,-1.0963,0.7482,0.7871,0.8518,0.08
u6091,0.014,1.00337,0.452033,-9.21572,-0.926209,-0.27378,0.642507,0.8313,0.8078,0.7687,0.08
u6092,0.014,1.59352,16.7188,-5.04626,-0.75121,0.452738,0.649824,0.6812,0.7703,0.9188,0.08
u6093,0.014,6.38585,17.4415,6.46057,-1.49084,-1.77024,1.34903,0.6424,0.7606,0.9576,0.08
u6094,0.014,6.66659,-9.37895,13.5887,0.511909,-0.193199,-0.263839,0.6763,0.7691,0.9237,0.08
u6095,0.014,4.05588,-0.479441,1.49666,-0.133439,0.650045,0.197977,0.9209,0.8302,0.6791,0.08
u6096,0.014,-13.3856,6.40665,9.95444,-0.785872,-0.661217,-0.675263,0.6751,0.7688,0.9249,0.08
u6097,0.014,1.37235,0.67226,-7.84167,-0.461116,0.576589,1.05734,0.8547,0.8137,0.7453,0.08
u6098,0.014,6.88142,-4.05722,-9.72312,1.33742,0.383197,-0.282006,0.7712,0.7928,0.8288,0.08
u6099,0.014,-4.15785,9.84564,9.48785,0.379415,0.010692,2.01249,0.7402,0.785,0.8598,0.08
u6100,0.014,-16.4968,-3.8804,-0.960031,-0.670004,0.466942,0.663627,0.6914,0.7728,0.9086,0.08
u6101,0.014,-8.19402,-6.04907,-5.29661,0.104255,0.137485,0.671365,0.7913,0.7978,0.8087,0.08
u6102,0.014,-8.1736,-0.849778,13.1126,0.0317435,-0.519231,0.88023,0.7186,0.7797,0.8814,0.08
u6103,0.014,0.552217,-13.3677,2.17919,0.0408351,-2.334,-0.45484,0.7535,0.7884,0.8465,0.08
u6104,0.014,8.04388,17.9986,1.95248,-0.953614,0.722266,0.0527201,0.6398,0.76,0.9602,0.08
u6105,0.014,7.3042,0.87976,-14.6323,-0.899118,0.789204,0.0635512,0.7022,0.7756,0.8978,0.08
u6106,0.014,-15.8386,10.0653,3.6965,0.21097,-1.03359,0.518789,0.6522,0.7631,0.9478,0.08
u6107,0.014,11.331,13.1997,-10.0491,-0.813613,-0.694654,0.747088,0.6347,0.7587,0.9653,0.08
u6108,0.014,-8.92032,-9.905,10.2801,1.67495,0.800714,-0.00308109,0.6939,0.7735,0.9061,0.08
u6109,0.014,-11.9307,-11.4347,3.11874,0.254603,1.68468,0.160908,0.6942,0.7736,0.9058,0.08
u6110,0.014,-2.65835,-7.78953,-7.39549,-0.890808,-0.710072,0.554928,0.7988,0.7997,0.8012,0.08
u6111,0.014,-6.34024,-1.48442,-6.30723,-1.03032,0.389775,-0.995214,0.8352,0.8088,0.7648,0.08
u6112,0.014,6.09798,-4.27323,-9.63488,0.658764,0.0262748,-0.0759608,0.7786,0.7947,0.8214,0.08
u6113,0.014,-2.08961,0.547318,6.98572,0.129331,-1.32474,0.000735593,0.8671,0.8168,0.7329,0.08
u6114,0.014,10.4957,9.09688,-12.3505,-1.22718,1.10989,0.686218,0.6621,0.7655,0.9379,0.08
u6115,0.014,0.685861,-12.842,-6.74352,0.539928,0.604465,-0.788855,0.736,0.784,0.864,0.08
u6116,0.014,-1.95942,0.676022,-11.5034,-0.400448,0.750023,-1.44596,0.7875,0.7969,0.8125,0.08
u6117,0.014,-0.987488,15.0338,5.70623,-0.953243,1.23901,1.10457,0.7071,0.7768,0.8929,0.08
u6118,0.014,11.8061,-5.28266,8.09557,1.11648,-0.418774,-0.444783,0.7226,0.7806,0.8774,0.08
u6119,0.014,15.0675,-11.3342,3.02643,0.909538,2.073,-0.752118,0.6528,0.7632,0.9472,0.08
u6120,0.014,-2.83706,3.49698,3.5658,-0.3563,-1.1854,-0.00758042,0.8956,0.8239,0.7044,0.08
u6121,0.014,17.0212,10.1697,-5.51618,-0.679471,-0.117305,-0.241295,0.6258,0.7565,0.9742,0.08
u6122,0.014,-3.66155,3.08048,10.2543,-1.42481,-1.1387,-0.771061,0.7943,0.7986,0.8057,0.08
u6123,0.014,8.47289,8.63683,-3.44788,-1.30482,0.388269,0.775861,0.7713,0.7928,0.8287,0.08
u6124,0.014,9.40287,-8.16637,2.63605,0.237286,1.11254,-0.640886,0.7685,0.7921,0.8315,0.08
u6125,0.014,-0.722511,0.554644,-10.5279,0.253509,-0.77975,1.30404,0.8079,0.802,0.7921,0.08
u6126,0.014,-4.69546,-20.8704,1.06759,2.6044,0.973808,1.09867,0.6106,0.7526,0.9894,0.08
u6127,0.014,0.0477859,14.0072,12.0224,-0.383193,1.29848,2.58377,0.6644,0.7661,0.9356,0.08
u6128,0.014,8.61587,-3.76013,3.44084,-0.105703,-0.550698,0.0553834,0.818,0.8045,0.782,0.08
u6129,0.014,-10.2651,-9.93824,7.95721,0.410267,-0.253991,-0.333306,0.7027,0.7757,0.8973,0.08
u6130,0.014,12.8929,0.526564,12.5343,0.267285,-0.830777,0.109348,0.6729,0.7682,0.9271,0.08
u6131,0.014,-6.58903,4.38153,-3.40202,-0.908728,-0.683847,-0.0206066,0.8434,0.8108,0.7566,0.08
u6132,0.014,-5.91402,-14.5478,-7.27183,0.309981,-0.814512,0.309242,0.6853,0.7713,0.9147,0.08
u6133,0.014,-16.2259,12.3209,-1.67466,1.14926,-0.542895,0.843032,0.6283,0.7571,0.9717,0.08
u6134,0.014,2.23979,-6.01963,7.06942,1.31871,0.575444,0.276175,0.8263,0.8066,0.7737,0.08
u6135,0.014,-11.6831,-8.51156,6.97179,0.51127,-2.14973,-0.482848,0.7082,0.7771,0.8918,0.08
u6136,0.014,-1.36952,-14.8559,-10.5748,0.161493,-0.823621,0.604152,0.6675,0.7669,0.9325,0.08
u6137,0.014,0.561976,13.8246,1.65536,0.179114,0.609167,-0.452027,0.7466,0.7867,0.8534,0.08
u6138,0.014,15.9496,-2.46572,-7.2258,1.26456,2.47326,-1.62243,0.6785,0.7696,0.9215,0.08
u6139,0.014,9.35293,4.35803,-2.85866,-1.554,-0.21863,-0.896154,0.8053,0.8013,0.7947,0.08
u6140,0.014,-0.769876,7.18199,-1.38083,-0.733255,-0.0871117,-1.02402,0.8663,0.8166,0.7337,0.08
u6141,0.014,3.85193,-12.9356,-3.35941,0.47331,0.966041,-0.159695,0.7471,0.7868,0.8529,0.08
u6142,0.014,-17.8927,-7.41607,-6.28753,0.278091,0.42221,-1.62027,0.6298,0.7574,0.9702,0.08
u6143,0.014,4.95963,7.10794,-8.9357,0.710084,-0.662984,-0.735812,0.7737,0.7934,0.8263,0.08
u6144,0.014,7.03738,-10.0177,-6.81042,2.12302,0.684613,1.06501,0.7453,0.7863,0.8547,0.08
u6145,0.014,-2.40849,-19.3735,-7.18237,0.89162,-0.259201,0.419008,0.6218,0.7554,0.9782,0.08
u6146,0.014,6.85984,20.2574,-0.859185,-1.39729,-0.166415,0.862342,0.6108,0.7527,0.9892,0.08
u6147,0.014,-14.6824,-11.8054,8.22333,0.986764,-1.15383,0.140137,0.6262,0.7566,0.9738,0.08
u6148,0.014,6.86981,6.12119,8.64041,1.4271,0.440883,-1.10522,0.7705,0.7926,0.8295,0.08
u6149,0.014,4.72034,1.1848,-0.0656329,-0.262445,0.720104,-0.00765235,0.9115,0.8279,0.6885,0.08
u6150,0.014,15.3907,-2.95669,2.64532,-2.28618,1.03752,-0.189433,0.711,0.7778,0.889,0.08
u6151,0.014,-2.38253,-0.164351,-5.15096,-0.994695,1.38638,-0.488341,0.8968,0.8242,0.7032,0.08
u6152,0.014,12.8192,-4.56043,3.05341,-0.369989,-0.240275,-0.0106733,0.7465,0.7866,0.8535,0.08
u6153,0.014,4.86131,-4.12532,-12.6391,1.12033,0.68719,-1.36221,0.7426,0.7857,0.8574,0.08
u6154,0.014,-0.545057,10.1394,-6.77056,0.563322,1.4298,-0.472627,0.7781,0.7945,0.8219,0.08
u6155,0.014,7.1487,10.0339,-6.15249,-0.813642,1.26862,-0.329001,0.7496,0.7874,0.8504,0.08
u6156,0.014,-3.97463,-0.431636,-4.11954,-0.611521,1.16669,1.05741,0.8956,0.8239,0.7044,0.08
u6157,0.014,1.53082,-5.37786,10.0557,1.6559,-0.782576,1.28297,0.7908,0.7977,0.8092,0.08
u6158,0.014,-2.66458,-0.229846,-12.7599,-0.28722,-0.162871,-0.236163,0.763,0.7907,0.837,0.08
u6159,0.014,-4.56348,-9.34459,11.8809,2.54759,0.0878564,1.24903,0.7129,0.7782,0.8871,0.08
u6160,0.014,5.20492,-7.69515,0.738761,-0.0360435,0.234188,1.00584,0.8306,0.8076,0.7694,0.08
u6161,0.014,2.41934,2.71087,5.00863,-0.0581657,-0.653694,-2.04564,0.8875,0.8219,0.7125,0.08
u6162,0.014,10.1727,8.00231,-5.47254,-0.173272,-0.971649,-0.0117023,0.7445,0.7861,0.8555,0.08
u6163,0.014,1.98488,12.635,-8.6038,-0.12132,-1.46334,0.774486,0.7197,0.7799,0.8803,0.08
u6164,0.014,4.48836,3.1808,0.255135,-0.402534,-1.42354,-0.615789,0.8999,0.825,0.7001,0.08
u6165,0.014,-9.60409,-17.3933,-4.29869,1.60838,0.964766,-0.142767,0.6304,0.7576,0.9696,0.08
u6166,0.014,-14.5495,-13.5855,-6.65938,1.7384,-0.688887,1.18534,0.6184,0.7546,0.9816,0.08
u6167,0.014,9.84733,-17.2347,-0.290488,0.5803,-0.0659784,0.231582,0.6391,0.7598,0.9609,0.08
u6168,0.014,-13.9467,-6.52348,3.74303,1.81937,0.128162,0.169619,0.7119,0.778,0.8881,0.08
u6169,0.014,12.8282,4.58098,-9.29685,-0.844095,0.212168,-1.22223,0.7001,0.775,0.8999,0.08
u6170,0.014,-0.96248,1.20797,-10.0018,-0.862462,0.866473,0.626607,0.816,0.804,0.784,0.08
u6171,0.014,-13.6682,10.5512,1.31897,-0.52082,0.103211,0.330322,0.6851,0.7713,0.9149,0.08
u6172,0.014,8.89865,-18.1466,1.17804,2.34151,1.98155,-0.28253,0.6319,0.758,0.9681,0.08
u6173,0.014,-4.91409,-0.229474,6.70177,-0.0379584,-0.880231,-0.293548,0.8488,0.8122,0.7512,0.08
u6174,0.014,-14.2187,-12.3459,-3.24718,1.42668,-2.39376,0.876072,0.6526,0.7631,0.9474,0.08
u6175,0.014,-14.3138,2.29395,-8.64364,-0.108211,-1.79192,0.89396,0.6931,0.7733,0.9069,0.08
u6176,0.014,-15.4227,-9.48304,-3.76376,0.542101,-1.36463,-0.600301,0.6638,0.7659,0.9362,0.08
u6177,0.014,-9.4282,-2.89292,-2.51073,0.0815324,0.0472979,0.428029,0.815,0.8037,0.785,0.08
u6178,0.014,5.4268,-6.11029,0.835252,-0.548999,0.611049,-2.19993,0.8506,0.8127,0.7494,0.08
u6179,0.014,4.15127,5.74413,-6.50593,-0.616676,0.309634,0.344854,0.8251,0.8063,0.7749,0.08
u6180,0.014,-14.692,-9.86488,5.76061,-0.262336,-0.0390097,1.14432,0.6616,0.7654,0.9384,0.08
u6181,0.014,7.93554,-4.57922,-10.5297,0.386192,1.72639,1.28188,0.7462,0.7866,0.8538,0.08
u6182,0.014,-0.292909,1.56133,-5.9218,-1.30108,0.474526,0.102148,0.8885,0.8221,0.7115,0.08
u6183,0.014,-15.2578,-13.1484,1.57842,0.0727905,-0.167983,0.673862,0.6327,0.7582,0.9673,0.08
u6184,0.014,-17.3772,-3.69742,-3.706,-0.744006,-0.82958,-0.30578,0.67,0.7675,0.93,0.08
u6185,0.014,2.26819,-8.47924,1.68753,1.40832,0.661663,-0.768398,0.8375,0.8094,0.7625,0.08
u6186,0.014,8.32049,6.33089,0.231396,-1.12954,-0.597014,0.0877409,0.8099,0.8025,0.7901,0.08
u6187,0.014,-5.87583,7.1054,8.81703,-0.909499,0.44452,0.457762,0.768,0.792,0.832,0.08
u6188,0.014,3.8122,18.4264,6.59196,-0.512517,0.584477,-0.801144,0.6375,0.7594,0.9625,0.08
u6189,0.014,-2.68885,18.2862,-6.35259,-2.72329,0.744955,-0.917664,0.6447,0.7612,0.9553,0.08
u6190,0.014,-17.8921,0.485733,8.8264,0.383955,-2.12387,-0.0092079,0.6372,0.7593,0.9628,0.08
u6191,0.014,16.2364,9.51594,-2.40997,-0.91587,1.13788,-0.440558,0.655,0.7638,0.945,0.08
u6192,0.014,-1.72683,2.32232,-7.69137,0.408831,-1.16116,-0.254928,0.8506,0.8126,0.7494,0.08
u6193,0.014,12.1552,-10.2486,1.87725,0.363399,-0.439472,-0.15022,0.7089,0.7772,0.8911,0.08
u6194,0.014,-3.49075,0.612485,12.0645,-0.996154,0.39411,0.773366,0.7714,0.7928,0.8286,0.08
u6195,0.014,8.65735,8.39959,1.44256,0.20554,0.191339,-0.899784,0.7791,0.7948,0.8209,0.08
u6196,0.014,-10.554,17.0083,-1.53064,0.319608,0.102306,-0.389484,0.635,0.7587,0.965,0.08
u6197,0.014,12.6861,-6.68846,-9.86744,0.144962,-0.044584,0.56095,0.6835,0.7709,0.9165,0.08
u6198,0.014,-2.09263,-12.367,12.3634,0.3368,0.502688,-0.739523,0.6798,0.7699,0.9202,0.08
u6199,0.014,7.51267,-0.687263,13.8519,0.147707,1.16958,-0.730899,0.7132,0.7783,0.8868,0.08
u6200,0.014,-7.30006,-8.21614,-2.28185,-1.38447,-3.71327,0.292146,0.7959,0.799,0.8041,0.08
u6201,0.014,2.48398,2.00023,-4.69793,-0.0272484,-0.186787,1.12356,0.8968,0.8242,0.7032,0.08
u6202,0.014,0.710054,-20.4134,-4.30976,0.244371,0.369928,0.772559,0.6204,0.7551,0.9796,0.08
u6203,0.014,16.6588,-8.0575,-0.256878,0.802912,0.67502,0.459733,0.6635,0.7659,0.9365,0.08
u6204,0.014,-12.4808,4.54379,-12.224,-1.47357,-0.791498,0.332308,0.6718,0.7679,0.9282,0.08
u6205,0.014,11.5821,-12.5494,1.43269,-0.545926,0.117801,0.0317246,0.6884,0.7721,0.9116,0.08
u6206,0.014,5.56666,11.2808,9.43714,-0.413273,-0.392958,0.0331259,0.7141,0.7785,0.8859,0.08
u6207,0.014,6.25603,-15.415,-7.23437,1.43627,0.918469,-1.35949,0.6702,0.7675,0.9298,0.08
u6208,0.014,16.6733,-10.8773,1.14929,0.770669,1.04047,0.432529,0.6374,0.7594,0.9626,0.08
u6209,0.014,11.0831,11.0348,9.71975,-0.56649,0.248644,-0.574192,0.6652,0.7663,0.9348,0.08
u6210,0.014,1.73596,-2.31487,6.37688,-0.656121,-0.348267,0.329421,0.8727,0.8182,0.7273,0.08
u6211,0.014,14.9677,-3.2295,-6.57726,0.678937,-0.0568225,-0.397299,0.697,0.7742,0.903,0.08
u6212,0.014,-2.48753,-6.59271,13.7693,0.333823,-1.81961,-1.21683,0.7188,0.7797,0.8812,0.08
u6213,0.014,-3.32735,-0.764531,-4.55305,-0.817448,-1.97478,1.10105,0.8965,0.8241,0.7035,0.08
u6214,0.014,4.05727,-15.4256,-0.512882,0.150644,0.903956,0.839334,0.7098,0.7775,0.8902,0.08
u6215,0.014,18.4715,-1.35826,5.40184,-1.12177,2.35918,0.326533,0.6492,0.7623,0.9508,0.08
u6216,0.014,-18.4721,-10.0037,1.74578,0.623911,-1.50702,-0.142192,0.6167,0.7542,0.9833,0.08
u6217,0.014,4.69396,-12.1317,1.1083,1.51992,1.45297,-0.231405,0.7626,0.7907,0.8374,0.08
u6218,0.014,-2.6007,-9.56954,-13.6241,1.32156,0.169815,0.141319,0.6936,0.7734,0.9064,0.08
u6219,0.014,-4.98765,15.4015,-2.45977,-1.32793,0.568091,0.0879996,0.7023,0.7756,0.8977,0.08
u6220,0.014,-3.12715,17.4315,7.78281,-2.00639,0.15954,0.00244735,0.6483,0.7621,0.9517,0.08
u6221,0.014,-12.255,5.30473,11.3205,-0.705694,0.0175941,0.0764343,0.6817,0.7704,0.9183,0.08
u6222,0.014,-10.8821,15.8364,5.21386,-0.260784,-1.25717,1.2064,0.638,0.7595,0.962,0.08
u6223,0.014,-4.1839,-20.0239,-4.08262,0.505609,-0.907838,0.624801,0.6207,0.7552,0.9793,0.08
u6224,0.014,2.40006,11.1785,-2.46849,-0.539565,0.241673,0.111028,0.7873,0.7968,0.8127,0.08
u6225,0.014,15.5156,11.3528,-4.38124,-0.212035,0.42967,-0.91369,0.6415,0.7604,0.9585,0.08
u6226,0.014,-1.71074,-4.95796,-1.96588,-0.113563,0.407153,0.959548,0.8982,0.8245,0.7018,0.08
u6227,0.014,5.96999,-15.6458,-0.369416,1.60112,-0.177847,0.575396,0.6955,0.7739,0.9045,0.08
u6228,0.014,5.11882,-12.4389,1.63549,1.00691,-0.969696,1.75086,0.7536,0.7884,0.8464,0.08
u6229,0.014,-6.27285,-10.0423,-7.03942,-1.28751,-1.10347,1.5355,0.7495,0.7874,0.8505,0.08
u6230,0.014,15.1148,0.220869,3.20861,-1.24752,0.959162,0.0349121,0.719,0.7798,0.881,0.08
u6231,0.014,5.05017,-16.1306,0.0561587,-0.195027,2.01462,0.598482,0.6927,0.7732,0.9073,0.08
u6232,0.014,9.83321,-4.21598,-9.98243,0.967497,0.90363,0.226514,0.734,0.7835,0.866,0.08
u6233,0.014,-12.1007,-2.08512,9.87338,-0.626449,-0.774102,0.332151,0.7135,0.7784,0.8865,0.08
u6234,0.014,-17.8128,4.2762,0.025424,-0.453014,-1.42305,0.371835,0.6669,0.7667,0.9331,0.08
u6235,0.014,-8.82492,-9.78416,-12.451,0.875421,0.0136852,-1.05491,0.6704,0.7676,0.9296,0.08
u6236,0.014,-11.5016,1.44275,-11.4832,0.851968,-0.5969,-1.61814,0.7033,0.7758,0.8967,0.08
u6237,0.014,8.82556,-7.97572,-5.36567,2.68296,-1.07684,-1.69188,0.7627,0.7907,0.8373,0.08
u6238,0.014,21.1618,5.15291,-1.97548,0.701502,1.73552,0.810539,0.6024,0.7506,0.9976,0.08
u6239,0.014,-16.8412,-12.3738,-2.53781,0.367957,-2.31373,1.10185,0.6172,0.7543,0.9828,0.08
u6240,0.014,9.88545,8.59715,-8.7692,-0.846134,1.60254,0.0876508,0.7134,0.7783,0.8866,0.08
u6241,0.014,-0.42659,7.75071,-11.7388,-0.858335,-1.1387,-2.19898,0.7441,0.786,0.8559,0.08
u6242,0.014,14.5688,-0.0950867,-3.88777,-0.320632,0.478785,0.3056,0.7258,0.7815,0.8742,0.08
u6243,0.014,-19.7959,3.99055,-3.30792,-0.835113,-2.53057,-1.39589,0.6279,0.757,0.9721,0.08
u6244,0.014,-11.7902,-17.0235,-1.10932,0.436963,-0.263528,1.09182,0.623,0.7557,0.977,0.08
u6245,0.014,2.70873,-6.35452,12.8954,0.677854,-0.721007,-0.104585,0.734,0.7835,0.866,0.08
u6246,0.014,-6.89113,-15.158,4.81266,1.05785,0.480608,1.1354,0.6849,0.7712,0.9151,0.08
u6247,0.014,-13.6194,-3.97367,7.14679,0.118727,-0.10023,-0.265791,0.7112,0.7778,0.8888,0.08
u6248,0.014,-16.3228,-12.0903,4.77019,0.306278,-1.2633,-2.1839,0.6206,0.7552,0.9794,0.08
u6249,0.014,14.1058,-1.89036,-1.38461,0.395783,1.8761,-1.18118,0.74,0.785,0.86,0.08
u6250,0.014,-0.674534,-4.59008,13.4195,0.288336,-0.286763,1.29253,0.7418,0.7855,0.8582,0.08
u6251,0.014,3.22068,6.016,4.15547,-1.44826,0.0525708,1.08483,0.8547,0.8137,0.7453,0.08
u6252,0.014,-11.4164,-0.865615,1.75613,-1.85789,-0.968198,0.29772,0.7894,0.7973,0.8106,0.08
u6253,0.014,5.41011,14.8149,10.9992,-1.57957,2.12063,-0.593661,0.6504,0.7626,0.9496,0.08
u6254,0.014,-20.2965,2.3457,5.04399,0.227882,-1.1396,-0.364927,0.6174,0.7543,0.9826,0.08
u6255,0.014,-15.3068,13.2899,0.646298,-1.00508,0.5771,0.417751,0.6312,0.7578,0.9688,0.08
u6256,0.014,7.01451,-4.28662,-3.72738,1.6092,0.565147,1.2263,0.8359,0.809,0.7641,0.08
u6257,0.014,7.93709,-13.3651,0.57801,1.99064,-0.442361,0.0827196,0.7172,0.7793,0.8828,0.08
u6258,0.014,9.88983,-6.75526,8.40493,0.970826,0.541766,0.247897,0.734,0.7835,0.866,0.08
u6259,0.014,3.45083,-1.33143,10.5649,1.18394,-0.0802151,0.83174,0.7965,0.7991,0.8035,0.08
u6260,0.014,-10.1267,8.25978,6.90827,-0.953506,-0.501554,0.893545,0.7312,0.7828,0.8688,0.08
u6261,0.014,0.491926,7.4695,2.57241,-0.114244,0.166473,0.910489,0.8561,0.814,0.7439,0.08
u6262,0.014,-2.34856,18.2932,4.09419,0.783598,0.157848,0.14769,0.6565,0.7641,0.9435,0.08
u6263,0.014,-18.8373,9.29907,1.18729,-1.22343,-1.19003,-0.936531,0.6174,0.7544,0.9826,0.08
u6264,0.014,-3.11706,-19.3242,-4.12532,1.38784,-0.396929,0.900044,0.6363,0.7591,0.9637,0.08
u6265,0.014,6.54186,4.91188,10.0986,0.178947,0.245339,0.126782,0.7637,0.7909,0.8363,0.08
u6266,0.014,-1.28779,1.74696,-9.00229,-1.48418,-0.746597,-0.687057,0.8316,0.8079,0.7684,0.08
u6267,0.014,4.96662,9.41654,13.3717,-1.49794,0.708221,-0.36001,0.6892,0.7723,0.9108,0.08
u6268,0.014,11.8312,-15.2054,0.984915,-1.02318,0.853559,0.714361,0.6493,0.7623,0.9507,0.08
u6269,0.014,4.9709,-12.2284,8.02476,0.791948,1.03484,-0.465668,0.7191,0.7798,0.8809,0.08
u6270,0.014,1.41262,2.21756,-8.42067,-0.639396,0.621876,0.271668,0.8396,0.8099,0.7604,0.08
u6271,0.014,4.64643,-4.8458,-11.3459,-0.0202323,1.57045,-0.687277,0.7603,0.7901,0.8397,0.08
u6272,0.014,-13.001,-14.257,1.0384,1.31091,-0.131221,-0.0254589,0.6487,0.7622,0.9513,0.08
u6273,0.014,-10.9516,-15.5148,-7.42265,1.24297,-0.133618,-0.233595,0.6293,0.7573,0.9707,0.08
u6274,0.014,5.27017,1.02945,9.09748,0.811414,0.126621,-0.295147,0.8079,0.802,0.7921,0.08
u6275,0.014,-1.5742,-7.32874,-1.78778,0.909163,-1.64717,-0.366046,0.8599,0.815,0.7401,0.08
u6276,0.014,1.36853,-2.61958,5.17508,-0.876136,0.158181,-0.593404,0.8916,0.8229,0.7084,0.08
u6277,0.014,-0.528783,-10.4161,11.3702,1.99609,0.7852,0.0479724,0.7195,0.7799,0.8805,0.08
u6278,0.014,-5.29389,5.79062,11.2253,-0.112006,-0.287018,0.302038,0.751,0.7877,0.849,0.08
u6279,0.014,16.9828,-9.01244,4.86597,0.898709,-0.320844,-0.0796987,0.6394,0.7599,0.9606,0.08
u6280,0.014,5.96479,-8.93352,-2.98372,-0.484674,1.46539,1.44627,0.7973,0.7993,0.8027,0.08
u6281,0.014,15.9046,-0.695945,0.811375,-0.246885,1.44722,-0.258202,0.7102,0.7775,0.8898,0.08
u6282,0.014,13.8004,11.7984,7.58734,-1.5251,0.965719,-0.594374,0.6422,0.7606,0.9578,0.08
u6283,0.014,-1.89154,6.35909,-5.96049,0.558787,-1.17057,0.935945,0.8378,0.8095,0.7622,0.08
u6284,0.014,-4.99876,13.267,10.9064,-1.20949,1.24931,-1.07094,0.6748,0.7687,0.9252,0.08
u6285,0.014,-2.32751,-13.2156,8.8814,0.684978,0.658438,0.44472,0.7074,0.7769,0.8926,0.08
u6286,0.014,-6.80978,-2.26159,12.4276,0.126103,1.66472,-0.358097,0.7391,0.7848,0.8609,0.08
u6287,0.014,3.45988,2.98902,11.3219,-1.68064,1.23363,0.621099,0.778,0.7945,0.822,0.08
u6288,0.014,1.15994,11.876,13.3436,-1.1091,-0.728982,-1.09023,0.6745,0.7686,0.9255,0.08
u6289,0.014,-11.7924,-2.55633,-4.26259,-0.695098,-0.661922,0.748032,0.7673,0.7918,0.8327,0.08
u6290,0.014,9.84145,12.3531,4.5916,-1.14645,1.92385,1.16559,0.7009,0.7752,0.8991,0.08
u6291,0.014,7.63364,6.44296,7.65209,0.802671,2.518,1.51162,0.7712,0.7928,0.8288,0.08
u6292,0.014,4.40048,11.4705,11.6521,0.353955,0.685843,-1.40541,0.6921,0.773,0.9079,0.08
u6293,0.014,-2.32827,-7.64226,12.5333,0.546731,-1.32597,-0.589143,0.7298,0.7824,0.8702,0.08
u6294,0.014,-5.3317,15.9215,8.03096,-0.857672,-0.445328,-1.17522,0.6616,0.7654,0.9384,0.08
u6295,0.014,10.2051,10.0683,2.00346,-1.04252,1.94312,1.3159,0.7368,0.7842,0.8632,0.08
u6296,0.014,3.18176,18.6314,8.38383,-1.86427,1.71568,0.963879,0.6241,0.756,0.9759,0.08
u6297,0.014,-16.5873,-2.96357,-0.830775,0.229858,-0.0716036,0.021673,0.6933,0.7733,0.9067,0.08
u6298,0.014,-12.0775,6.10559,-7.67369,0.0208912,-0.748149,0.449165,0.7171,0.7793,0.8829,0.08
u6299,0.014,-1.66517,-13.0069,6.63724,-0.485551,-0.111086,0.435411,0.7328,0.7832,0.8672,0.08
u6300,0.014,11.0517,-10.1767,0.648917,0.671906,0.509253,0.894143,0.7266,0.7816,0.8734,0.08
u6301,0.014,-4.45601,2.31174,6.33291,-1.0013,-1.92695,0.285751,0.8531,0.8133,0.7469,0.08
u6302,0.014,-1.05809,2.69828,-3.93351,0.733953,0.596547,1.11022,0.9112,0.8278,0.6888,0.08
u6303,0.014,-6.04031,7.936,10.4284,-0.859254,-0.359578,-0.112343,0.7376,0.7844,0.8624,0.08
u6304,0.014,15.6816,-2.59047,-1.39421,0.40204,0.654353,0.453771,0.7099,0.7775,0.8901,0.08
u6305,0.014,6.25982,-14.1577,5.79211,-0.602705,0.402479,0.00105146,0.6995,0.7749,0.9005,0.08
u6306,0.014,13.6481,13.0298,2.34181,-0.995491,0.58664,0.495533,0.6543,0.7636,0.9457,0.08
u6307,0.014,-13.656,-14.5657,-2.57275,1.75908,-0.411675,-0.658696,0.634,0.7585,0.966,0.08
u6308,0.014,8.90889,-11.8045,9.31555,1.16978,-0.349094,1.50985,0.6822,0.7706,0.9178,0.08
u6309,0.014,-10.3365,-10.7423,-2.89167,-0.454116,-0.085272,-1.38576,0.7239,0.781,0.8761,0.08
u6310,0.014,-8.29874,10.3369,9.01305,-0.979247,-1.11177,-0.366633,0.7085,0.7771,0.8915,0.08
u6311,0.014,3.0129,0.270073,8.50464,-0.559435,0.811201,0.122413,0.8359,0.809,0.7641,0.08
u6312,0.014,-12.52,3.84255,-12.619,-0.415887,0.100828,-0.147591,0.6693,0.7673,0.9307,0.08
u6313,0.014,10.5647,-0.701706,13.7882,-0.376677,0.229503,-0.20521,0.6839,0.771,0.9161,0.08
u6314,0.014,17.6319,11.422,-1.9748,-0.354733,0.343593,-1.42082,0.6163,0.7541,0.9837,0.08
u6315,0.014,-13.4565,0.75795,-12.3062,1.12554,-1.92959,0.53438,0.6682,0.767,0.9318,0.08
u6316,0.014,9.16196,9.82681,-12.2302,0.318393,-1.19957,0.583939,0.6697,0.7674,0.9303,0.08
u6317,0.014,20.7018,-5.2381,-3.11767,-0.0620851,-0.964397,0.324931,0.6076,0.7519,0.9924,0.08
u6318,0.014,19.2465,8.07092,1.75067,0.472076,1.05999,0.814313,0.6192,0.7548,0.9808,0.08
u6319,0.014,-16.5109,8.1506,-5.612,-0.378521,-0.409463,1.03656,0.65,0.7625,0.95,0.08
u6320,0.014,-15.5163,-12.175,1.93591,0.555298,-1.42253,0.976666,0.6397,0.7599,0.9603,0.08
u6321,0.014,-2.72316,16.0388,1.7716,0.482631,-1.36879,-0.798926,0.7025,0.7756,0.8975,0.08
u6322,0.014,7.27119,0.150806,6.9083,0.450359,2.14305,-0.385828,0.8176,0.8044,0.7824,0.08
u6323,0.014,8.31011,-5.38388,10.5495,0.120959,0.0606391,-0.122889,0.7369,0.7842,0.8631,0.08
u6324,0.014,-9.45605,-6.10814,-10.0654,-0.200526,-1.4615,0.473456,0.7254,0.7814,0.8746,0.08
u6325,0.014,15.0273,7.44671,-5.1383,-0.310333,2.47645,-1.16476,0.6811,0.7703,0.9189,0.08
u6326,0.014,4.07521,11.8671,7.77578,-1.56355,0.530223,0.137845,0.7316,0.7829,0.8684,0.08
u6327,0.014,-3.99536,-3.57514,-14.6399,-0.386607,0.78237,-1.19785,0.7165,0.7791,0.8835,0.08
u6328,0.014,-14.3371,1.3254,-8.92393,-0.949855,-0.202752,-0.791824,0.692,0.773,0.908,0.08
u6329,0.014,8.45473,-6.27534,4.63906,0.0757837,1.17191,0.520783,0.7908,0.7977,0.8092,0.08
u6330,0.014,16.5409,-7.19875,6.26526,0.974873,1.09974,0.828952,0.6528,0.7632,0.9472,0.08
u6331,0.014,1.92558,-5.72537,-5.01867,-0.495642,1.95874,0.604307,0.8572,0.8143,0.7428,0.08
u6332,0.014,-4.01593,-5.93273,0.927315,1.21672,-0.514909,0.585861,0.8687,0.8172,0.7313,0.08
u6333,0.014,2.47588,3.03528,2.00694,0.400363,0.943956,-0.914725,0.92,0.83,0.68,0.08
u6334,0.014,2.53017,-18.6227,2.12427,1.93512,-0.243442,0.909583,0.6561,0.764,0.9439,0.08
u6335,0.014,-17.2814,5.82609,5.21412,-0.282384,-0.657277,0.339697,0.6551,0.7638,0.9449,0.08
u6336,0.014,-6.63594,14.2159,-5.89934,-1.73933,-0.652266,1.02474,0.6953,0.7738,0.9047,0.08
u6337,0.014,-11.9559,-1.18674,-13.0046,1.60659,0.589467,-0.182249,0.6781,0.7695,0.9219,0.08
u6338,0.014,9.75592,6.99062,-3.46424,0.489971,0.968757,-1.65906,0.7729,0.7932,0.8271,0.08
u6339,0.014,-4.94268,-17.7688,0.683309,1.66458,-0.85613,0.730848,0.6644,0.7661,0.9356,0.08
u6340,0.014,-0.813742,-18.9675,-4.43653,2.07533,-1.30757,-1.17195,0.6455,0.7614,0.9545,0.08
u6341,0.014,-9.50005,14.5128,-5.96433,0.676712,1.09715,-1.26071,0.6665,0.7666,0.9335,0.08
u6342,0.014,8.59631,-2.80845,-8.09935,1.68163,1.1459,0.852562,0.7793,0.7948,0.8207,0.08
u6343,0.014,2.67529,-9.70511,4.48766,0.152739,-1.72231,0.45161,0.7996,0.7999,0.8004,0.08
u6344,0.014,9.1219,12.5719,3.0547,-1.1043,0.80373,0.349143,0.7122,0.778,0.8878,0.08
u6345,0.014,-8.89863,-10.4841,-5.55586,-0.574743,-0.173632,0.394487,0.7303,0.7826,0.8697,0.08
u6346,0.014,-18.1881,-0.288347,5.33457,-0.00469808,-0.579538,1.69396,0.6553,0.7638,0.9447,0.08
u6347,0.014,-3.89177,15.1813,8.39757,0.23466,-2.63314,0.178738,0.6767,0.7692,0.9233,0.08
u6348,0.014,-11.8589,-1.42864,-12.3565,-0.192535,-1.37261,1.21563,0.6875,0.7719,0.9125,0.08
u6349,0.014,4.0625,-4.33097,-4.75459,0.760162,0.831532,0.825683,0.8617,0.8154,0.7383,0.08
u6350,0.014,-14.1507,-2.25442,-2.19342,0.228453,-1.16307,0.184276,0.7364,0.7841,0.8636,0.08
u6351,0.014,7.5043,-17.8665,1.45524,1.01221,-0.668953,-0.201878,0.6467,0.7617,0.9533,0.08
u6352,0.014,-9.94491,8.93818,10.2647,-1.47777,-0.185006,0.517314,0.6935,0.7734,0.9065,0.08
u6353,0.014,6.17762,-11.5022,-3.53653,1.43617,0.835131,0.956277,0.7541,0.7885,0.8459,0.08
u6354,0.014,-3.99329,17.5001,-2.55725,-1.32693,-0.977344,1.41527,0.6703,0.7676,0.9297,0.08
u6355,0.014,15.0895,-6.6036,8.70652,-0.295845,0.996034,-0.204792,0.6613,0.7653,0.9387,0.08
u6356,0.014,-5.34898,0.0652103,10.3356,0.318844,0.361519,0.909812,0.7884,0.7971,0.8116,0.08
u6357,0.014,0.685601,-18.0348,5.2749,0.849575,-0.115023,0.338236,0.6581,0.7645,0.9419,0.08
u6358,0.014,-13.7935,-4.90546,-5.90435,0.180206,-1.49756,-1.14632,0.713,0.7782,0.887,0.08
u6359,0.014,-3.37621,-20.4252,1.65194,2.46732,0.342526,0.950383,0.6224,0.7556,0.9776,0.08
u6360,0.014,-10.3471,9.61014,10.7596,-0.951735,-1.6231,-0.209677,0.6772,0.7693,0.9228,0.08
u6361,0.014,9.18188,14.1929,-1.48696,-1.73455,0.290746,-1.62217,0.6915,0.7729,0.9085,0.08
u6362,0.014,16.5322,-4.29685,-7.02997,0.704104,1.05643,0.53293,0.6642,0.766,0.9358,0.08
u6363,0.014,15.9541,-1.96871,4.98533,-0.969076,1.30859,1.14155,0.694,0.7735,0.906,0.08
u6364,0.014,5.26163,-5.45667,-3.33633,0.457284,0.00622198,1.66828,0.8494,0.8124,0.7506,0.08
u6365,0.014,-18.8251,0.29694,6.86176,0.0420436,-1.12733,1.14487,0.6357,0.7589,0.9643,0.08
u6366,0.014,-14.7263,7.07071,4.25213,0.83991,-2.39484,-1.27962,0.6931,0.7733,0.9069,0.08
u6367,0.014,15.9768,-7.10055,-9.65004,0.29353,-1.25917,0.0879089,0.6369,0.7592,0.9631,0.08
u6368,0.014,-9.04413,-7.42673,13.8978,-0.568981,0.401621,0.560534,0.6697,0.7674,0.9303,0.08
u6369,0.014,-1.39454,1.80858,-0.990839,-0.877725,-1.98464,-1.20317,0.9547,0.8387,0.6453,0.08
u6370,0.014,19.027,1.13559,1.95064,-1.54431,0.186023,0.377393,0.6516,0.7629,0.9484,0.08
u6371,0.014,-5.86101,6.37296,7.67995,-0.283609,-1.45139,0.978717,0.7896,0.7974,0.8104,0.08
u6372,0.014,7.77758,-10.219,2.86398,0.0619408,0.177419,1.08747,0.7608,0.7902,0.8392,0.08
u6373,0.014,18.0128,4.16939,-2.42996,0.0782166,0.599096,0.663889,0.6609,0.7652,0.9391,0.08
u6374,0.014,-14.5939,-5.46319,-10.8246,-0.185612,-2.71865,-1.22412,0.655,0.7638,0.945,0.08
u6375,0.014,3.08825,-0.148649,-14.9847,0.418533,0.699376,-0.77931,0.7218,0.7805,0.8782,0.08
u6376,0.014,0.1869,18.9193,3.45615,-0.428621,1.96724,1.71562,0.6503,0.7626,0.9497,0.08
u6377,0.014,8.58267,10.7083,3.49181,0.318428,-0.368615,0.166344,0.7425,0.7856,0.8575,0.08
u6378,0.014,6.9978,-11.4493,-11.8567,0.554541,-0.165743,1.68937,0.6744,0.7686,0.9256,0.08
u6379,0.014,12.2104,14.4848,4.1113,-0.209485,0.347625,0.380594,0.6475,0.7619,0.9525,0.08
u6380,0.014,6.57012,1.22901,-8.93667,-0.0749573,0.117448,-1.34546,0.7971,0.7993,0.8029,0.08
u6381,0.014,-5.84305,-11.0328,-6.33083,0.0253227,-0.94617,-0.22262,0.7455,0.7864,0.8545,0.08
u6382,0.014,-0.128138,13.0428,-10.6747,-1.52647,-0.0762392,0.777896,0.6936,0.7734,0.9064,0.08
u6383,0.014,-8.815,-9.01683,5.03233,0.309605,-0.668807,0.632853,0.7531,0.7883,0.8469,0.08
u6384,0.014,-10.3302,-6.16727,-11.2929,0.413681,0.14684,0.750056,0.7,0.775,0.9,0.08
u6385,0.014,6.65136,12.7328,-4.14722,-0.454573,1.80446,-0.159879,0.7281,0.782,0.8719,0.08
u6386,0.014,1.58048,-13.852,4.56181,0.246825,-0.480794,-0.416557,0.7333,0.7833,0.8667,0.08
u6387,0.014,-6.92744,17.3299,5.52741,-1.46125,-1.89407,-0.377841,0.6461,0.7615,0.9539,0.08
u6388,0.014,6.40657,-7.33194,-10.3696,0.159091,1.0712,-0.463385,0.7414,0.7853,0.8586,0.08
u6389,0.014,-7.30763,15.6226,-0.21895,-2.12101,0.129884,0.0780546,0.6864,0.7716,0.9136,0.08
u6390,0.014,-13.4646,11.3968,-6.01999,0.428895,-0.715996,0.59221,0.6611,0.7653,0.9389,0.08
u6391,0.014,13.2016,0.932568,-2.03412,-0.0306647,0.556375,0.309067,0.7565,0.7891,0.8435,0.08
u6392,0.014,-6.55813,9.72366,-4.41906,-1.81501,-0.837025,-1.74895,0.7721,0.793,0.8279,0.08
u6393,0.014,-1.07911,1.49631,10.152,-0.728711,-0.793543,-0.329193,0.8124,0.8031,0.7876,0.08
u6394,0.014,11.8388,-7.31922,-11.8465,0.149452,0.0369563,-0.654185,0.6677,0.7669,0.9323,0.08
u6395,0.014,8.21482,8.33488,-13.4872,-0.72182,1.30427,1.35764,0.6753,0.7688,0.9247,0.08
u6396,0.014,7.38796,11.6071,-4.12727,-1.62583,-0.0482191,-0.283075,0.7388,0.7847,0.8612,0.08
u6397,0.014,-17.2077,-1.14901,-1.91357,0.768752,0.41973,-0.818223,0.6845,0.7711,0.9155,0.08
u6398,0.014,-0.1781,16.4315,-10.6796,-1.19937,-0.378773,0.338987,0.6437,0.7609,0.9563,0.08
u6399,0.014,12.2487,-8.55211,-8.50626,1.10792,0.166778,-0.391788,0.6874,0.7719,0.9126,0.08
u6400,0.014,1.73478,14.3311,-1.13395,0.452199,0.114515,-0.589461,0.7367,0.7842,0.8633,0.08
u6401,0.014,9.98636,4.42468,-11.8427,-1.08968,0.158013,0.139868,0.7071,0.7768,0.8929,0.08
u6402,0.014,2.48584,-7.1372,14.6016,0.720616,-0.188802,0.173291,0.7011,0.7753,0.8989,0.08
u6403,0.014,-6.46352,6.83549,9.42354,-0.5683,-0.499482,-0.465123,0.7579,0.7895,0.8421,0.08
u6404,0.014,-4.18045,-2.82764,-0.672238,1.63195,0.138022,0.693747,0.9074,0.8269,0.6926,0.08
u6405,0.014,13.1882,-14.6206,2.85824,0.276825,-0.29294,1.102,0.6382,0.7596,0.9618,0.08
u6406,0.014,1.6128,13.3985,3.16441,-0.326925,0.236816,0.212152,0.748,0.787,0.852,0.08
u6407,0.014,-2.21179,13.6521,12.2924,-0.446385,-0.709127,0.288121,0.6636,0.7659,0.9364,0.08
u6408,0.014,8.24738,-12.8549,-8.12144,0.529954,0.495257,-1.0695,0.6855,0.7714,0.9145,0.08
u6409,0.014,0.978744,-0.950637,1.0133,-0.0912134,0.230744,1.50448,0.9691,0.8423,0.6309,0.08
u6410,0.014,13.449,-12.1123,-7.76378,0.31562,0.448882,0.147835,0.6419,0.7605,0.9581,0.08
u6411,0.014,9.03741,10.8808,5.91186,-0.759149,0.541858,-0.400851,0.7213,0.7803,0.8787,0.08
u6412,0.014,5.43954,1.0681,-4.46203,0.509888,0.0616289,0.3784,0.8706,0.8177,0.7294,0.08
u6413,0.014,8.79096,7.88269,9.08139,-0.33007,-0.325812,-1.50923,0.7292,0.7823,0.8708,0.08
u6414,0.014,13.7708,-2.79737,12.6386,0.958534,2.00981,-0.33549,0.6564,0.7641,0.9436,0.08
u6415,0.014,11.2427,-8.83187,-8.1897,0.225845,1.18881,-0.101872,0.7004,0.7751,0.8996,0.08
u6416,0.014,-19.2754,6.66644,-3.16146,0.43415,-1.42147,0.935678,0.6247,0.7562,0.9753,0.08
u6417,0.014,-14.9312,-7.73968,-8.14866,-0.339308,-1.73234,1.24308,0.6602,0.7651,0.9398,0.08
u6418,0.014,-9.3833,4.77722,3.06084,0.12542,-0.794278,-0.210597,0.8006,0.8002,0.7994,0.08
u6419,0.014,7.26819,10.3731,-10.8382,0.941352,1.55549,0.906636,0.6969,0.7742,0.9031,0.08
u6420,0.014,-1.06862,-8.04945,-4.8019,0.498881,-1.65449,0.985867,0.8285,0.8071,0.7715,0.08
u6421,0.014,2.33318,5.05018,-1.55219,-0.224813,0.379749,1.10622,0.895,0.8237,0.705,0.08
u6422,0.014,0.67543,-17.8352,-7.26932,-0.166933,-0.5,-1.44331,0.6496,0.7624,0.9504,0.08
u6423,0.014,13.4918,14.6309,-2.3827,-1.07332,1.55423,0.566796,0.6356,0.7589,0.9644,0.08
u6424,0.014,1.08134,6.10701,4.15847,0.635124,-0.538441,-2.41986,0.8642,0.8161,0.7358,0.08
u6425,0.014,6.45642,-13.6075,-5.02809,0.254564,-1.49907,-1.13908,0.7113,0.7778,0.8887,0.08
u6426,0.014,-21.134,3.04747,0.198096,0.464845,-1.50766,-0.34277,0.6118,0.7529,0.9882,0.08
u6427,0.014,-6.40497,-17.8257,5.35756,0.252384,-1.43927,-0.593314,0.6421,0.7605,0.9579,0.08
u6428,0.014,-15.1576,-5.74596,-5.45967,-0.241055,0.0573037,0.336568,0.689,0.7723,0.911,0.08
u6429,0.014,21.1343,1.74331,0.479155,-0.328955,-0.211648,-0.598927,0.6143,0.7536,0.9857,0.08
u6430,0.014,1.20961,17.9263,8.1811,-0.982577,1.40024,1.09975,0.6411,0.7603,0.9589,0.08
u6431,0.014,-19.9597,-1.54261,5.54601,0.980225,-1.28543,-0.439994,0.6223,0.7556,0.9777,0.08
u6432,0.014,-13.3063,-4.69381,-11.2497,-1.40119,-1.33466,1.28409,0.6719,0.768,0.9281,0.08
u6433,0.014,14.4108,-5.14326,1.83877,-0.0389965,0.581061,-0.978313,0.7198,0.7799,0.8802,0.08
u6434,0.014,1.58544,-5.77458,9.01453,0.0201382,-0.609441,-0.610721,0.8032,0.8008,0.7968,0.08
u6435,0.014,8.51595,6.87676,-9.32724,-0.0163596,0.580752,-0.801442,0.7385,0.7846,0.8615,0.08
u6436,0.014,4.67538,0.813613,-16.1025,-0.441204,-0.253094,-0.827178,0.6948,0.7737,0.9052,0.08
u6437,0.014,-4.10413,15.3452,1.70083,-2.11735,-0.303812,-0.284635,0.7095,0.7774,0.8905,0.08
u6438,0.014,-13.1329,2.79905,-8.40293,-0.153865,-0.938919,-0.667355,0.712,0.778,0.888,0.08
u6439,0.014,-4.30774,5.17524,4.07744,-1.29703,-1.49962,0.0551732,0.8569,0.8142,0.7431,0.08
u6440,0.014,-8.80398,-13.7771,7.0795,1.0762,-0.669721,-0.438539,0.6761,0.769,0.9239,0.08
u6441,0.014,17.8593,-3.47259,-6.70414,-0.0915486,0.262811,0.71316,0.6475,0.7619,0.9525,0.08
u6442,0.014,-3.47762,-13.3075,12.6727,0.808121,0.0819316,-0.88417,0.66,0.765,0.94,0.08
u6443,0.014,-12.6545,-11.7887,3.32884,0.306334,-0.00865667,0.628015,0.6798,0.7699,0.9202,0.08
u6444,0.014,11.5436,14.7532,-1.27857,-1.1047,1.54568,0.649541,0.6586,0.7647,0.9414,0.08
u6445,0.014,6.59393,15.2928,1.85216,-1.6174,-0.313333,0.105823,0.6953,0.7738,0.9047,0.08
u6446,0.014,-12.7211,12.5719,-2.80986,-1.70624,-0.301405,0.271076,0.6708,0.7677,0.9292,0.08
u6447,0.014,10.522,-9.50505,-10.2282,0.403928,0.624201,1.03753,0.6821,0.7705,0.9179,0.08
u6448,0.014,5.18374,-1.44683,-14.8989,0.286731,-1.05864,1.12676,0.712,0.778,0.888,0.08
u6449,0.014,19.7811,3.24356,1.67368,0.61761,1.70346,-0.704183,0.6343,0.7586,0.9657,0.08
u6450,0.014,-1.09114,-10.2947,-12.2902,-0.196462,-0.214365,0.000204601,0.7078,0.777,0.8922,0.08
u6451,0.014,16.218,0.198115,8.11572,0.565985,0.756102,-0.24092,0.6702,0.7676,0.9298,0.08
u6452,0.014,7.49436,-17.2343,7.34949,2.17883,-0.077847,0.628197,0.6331,0.7583,0.9669,0.08
u6453,0.014,-5.08989,-4.97995,9.65393,0.0117437,-0.587181,-0.535088,0.7819,0.7955,0.8181,0.08
u6454,0.014,-11.1203,14.8088,6.48559,0.239952,-0.332478,-0.471305,0.6432,0.7608,0.9568,0.08
u6455,0.014,-6.79171,1.00754,7.47219,1.38751,-1.17954,-0.286408,0.8155,0.8039,0.7845,0.08
u6456,0.014,0.839993,19.395,-7.06705,-2.25778,0.405535,0.121234,0.6244,0.7561,0.9756,0.08
u6457,0.014,-2.09963,-6.82949,-15.048,-0.89671,-0.436959,0.691694,0.6971,0.7743,0.9029,0.08
u6458,0.014,0.566138,5.31679,-15.1176,-0.561878,0.496109,-0.407952,0.7084,0.7771,0.8916,0.08
u6459,0.014,4.80384,-0.884164,-6.21376,0.930063,-0.935131,-0.354624,0.8563,0.8141,0.7437,0.08
u6460,0.014,1.94633,13.9023,3.3297,-0.166246,-0.349521,0.102747,0.7377,0.7844,0.8623,0.08
u6461,0.014,-8.65342,12.4983,5.38001,-0.430557,-0.834981,-0.331067,0.7068,0.7767,0.8932,0.08
u6462,0.014,1.69432,0.22207,2.94316,0.915319,-1.45673,-1.27434,0.9381,0.8345,0.6619,0.08
u6463,0.014,-0.288695,8.12124,-8.107,-0.615081,-1.5575,-0.779725,0.7913,0.7978,0.8087,0.08
u6464,0.014,3.76793,2.5043,6.53792,0.659445,0.270453,-0.6363,0.8554,0.8139,0.7446,0.08
u6465,0.014,7.62477,-6.1522,-10.4059,-0.532266,0.265801,0.712525,0.7401,0.785,0.8599,0.08
u6466,0.014,-18.7905,5.04427,0.597553,0.49352,-0.110578,-0.54039,0.6461,0.7615,0.9539,0.08
u6467,0.014,-6.2401,18.419,-7.20804,-1.53399,-1.51156,0.962969,0.6229,0.7557,0.9771,0.08
u6468,0.014,-2.44694,-1.03325,11.0599,-1.55682,0.757841,0.877232,0.7932,0.7983,0.8068,0.08
u6469,0.014,0.625906,6.75687,-0.467237,-0.136835,0.510197,0.584788,0.8763,0.8191,0.7237,0.08
u6470,0.014,1.36724,-5.6472,4.56254,-0.743204,-0.111035,-0.290536,0.8657,0.8164,0.7343,0.08
u6471,0.014,-2.01339,11.0353,-5.26768,0.545643,-0.640643,-0.433563,0.7747,0.7937,0.8253,0.08
u6472,0.014,8.64172,-5.04286,2.60809,0.685973,1.25981,0.832699,0.812,0.803,0.788,0.08
u6473,0.014,4.5163,-0.410247,13.8359,-0.354125,-0.701646,1.72763,0.7353,0.7838,0.8647,0.08
u6474,0.014,-5.18578,5.98713,-0.0801699,-1.27153,-1.52725,-0.274031,0.856,0.814,0.744,0.08
u6475,0.014,-13.0893,10.0051,0.337221,0.233815,-0.416863,1.5041,0.7004,0.7751,0.8996,0.08
u6476,0.014,12.3409,-13.0527,6.92634,2.04341,1.83127,0.0915201,0.65,0.7625,0.95,0.08
u6477,0.014,4.75549,-12.5193,-11.7137,3.07861,0.0463891,-0.659979,0.6765,0.7691,0.9235,0.08
u6478,0.014,-3.39983,-2.21865,6.84145,-0.398283,-0.184516,-1.24128,0.8554,0.8138,0.7446,0.08
u6479,0.014,-15.1246,-8.04367,4.4643,-0.01297,-1.97565,-1.2335,0.6781,0.7695,0.9219,0.08
u6480,0.014,-13.9996,14.4191,2.74207,0.52643,-2.08049,-1.32304,0.6312,0.7578,0.9688,0.08
u6481,0.014,2.02494,18.3303,5.06955,-1.76285,-0.80975,-2.22854,0.6523,0.7631,0.9477,0.08
u6482,0.014,0.239857,-8.43688,-5.91875,-0.109297,0.847887,-1.04154,0.8126,0.8031,0.7874,0.08
u6483,0.014,11.9551,-10.0227,-7.81511,2.17439,1.39703,-1.94787,0.6828,0.7707,0.9172,0.08
u6484,0.014,-8.94852,1.60361,-3.30953,-0.306627,-0.681629,0.776676,0.8241,0.806,0.7759,0.08
u6485,0.014,17.7502,1.27253,-9.55272,0.317151,0.307228,0.135553,0.6328,0.7582,0.9672,0.08
u6486,0.014,-12.7371,-10.5872,-10.3761,0.361181,-0.857081,-0.475104,0.6446,0.7612,0.9554,0.08
u6487,0.014,-1.01201,-12.672,-1.72388,0.149998,1.5924,1.26727,0.7668,0.7917,0.8332,0.08
u6488,0.014,-7.57932,8.79818,-11.7167,-1.07578,-0.833575,-0.510504,0.7001,0.775,0.8999,0.08
u6489,0.014,-8.92378,13.0538,8.10736,-1.61257,-1.01397,-1.25437,0.6769,0.7692,0.9231,0.08
u6490,0.014,9.33772,-6.44981,-8.09414,1.09308,0.190866,-0.622484,0.7466,0.7866,0.8534,0.08
u6491,0.014,-4.73288,10.85,-4.0097,-0.325608,-0.173283,-0.381606,0.7728,0.7932,0.8272,0.08
u6492,0.014,-11.9089,10.128,-3.41195,-0.504419,-0.00451955,1.59156,0.7091,0.7773,0.8909,0.08
u6493,0.014,-11.2619,-5.65226,8.48987,-0.472009,-1.23189,-0.96738,0.7237,0.7809,0.8763,0.08
u6494,0.014,7.00392,-20.1716,-3.9593,0.983144,0.147221,-0.430298,0.6051,0.7513,0.9949,0.08
u6495,0.014,11.8735,-8.6369,-9.39232,0.104038,-0.541351,0.540992,0.6831,0.7708,0.9169,0.08
u6496,0.014,-0.132211,17.5301,9.64271,-1.3975,-0.548147,-0.316794,0.6362,0.7591,0.9638,0.08
u6497,0.014,10.5334,-12.2453,0.966562,-0.0745186,0.521686,0.588256,0.7058,0.7764,0.8942,0.08
u6498,0.014,18.7786,9.1928,-3.01218,0.909104,1.65961,0.436932,0.6159,0.754,0.9841,0.08
u6499,0.014,16.182,11.3257,4.3113,0.614869,0.0916114,-0.248911,0.6324,0.7581,0.9676,0.08
u6500,0.014,18.4011,6.99599,-5.93392,0.759553,0.601312,-0.74204,0.6262,0.7565,0.9738,0.08
u6501,0.014,12.0769,5.09089,1.48569,-0.0403477,0.678466,-0.0848739,0.7602,0.79,0.8398,0.08
u6502,0.014,-14.4726,-7.2359,1.94557,-0.763884,-1.43976,0.467028,0.7037,0.7759,0.8963,0.08
u6503,0.014,0.263848,-0.947568,12.9384,0.180407,-0.886567,-0.553038,0.7641,0.791,0.8359,0.08
u6504,0.014,-4.07453,-9.90614,4.3464,1.02398,-0.953953,-0.076001,0.7898,0.7975,0.8102,0.08
u6505,0.014,-3.56191,-11.8777,-4.12334,-0.4377,-0.794166,-0.636025,0.7624,0.7906,0.8376,0.08
u6506,0.014,7.31343,8.77499,-13.5963,-2.67805,-0.400587,0.384257,0.6771,0.7693,0.9229,0.08
u6507,0.014,7.2322,12.1245,-10.9241,0.227403,0.275575,-0.349445,0.6754,0.7689,0.9246,0.08
u6508,0.014,-18.4203,9.61593,1.51151,0.477437,-1.13585,0.274236,0.6212,0.7553,0.9788,0.08
u6509,0.014,-4.00868,-10.9412,-8.15231,2.28837,0.334757,-1.29152,0.7414,0.7854,0.8586,0.08
u6510,0.014,-6.05869,-17.6125,6.30399,1.51438,-0.419839,0.180609,0.6425,0.7606,0.9575,0.08
u6511,0.014,0.773192,8.01026,8.62235,0.148791,-0.869302,-0.613044,0.7856,0.7964,0.8144,0.08
u6512,0.014,2.7042,-9.01572,10.8487,-0.879987,0.639974,0.177159,0.7389,0.7847,0.8611,0.08
u6513,0.014,-2.4349,10.4194,1.91143,-0.39329,-0.963768,-0.193464,0.8024,0.8006,0.7976,0.08
u6514,0.014,1.77612,7.73227,1.48939,0.0227989,0.0785304,-0.0515398,0.8532,0.8133,0.7468,0.08
u6515,0.014,-13.5028,0.428919,2.25766,0.238281,-0.17805,-0.539296,0.751,0.7877,0.849,0.08
u6516,0.014,6.35881,17.6765,-0.914084,0.767115,0.0364064,0.19579,0.658,0.7645,0.942,0.08
u6517,0.014,9.41219,-2.08868,-1.13775,0.991661,0.785141,-1.5616,0.8235,0.8059,0.7765,0.08
u6518,0.014,16.0886,7.70287,3.90475,-0.0434403,0.404567,0.154107,0.668,0.767,0.932,0.08
u6519,0.014,-5.31081,-19.3737,2.26705,0.387947,0.114691,-0.881232,0.6324,0.7581,0.9676,0.08
u6520,0.014,-16.0451,-10.1282,-4.11388,1.02741,-2.28704,-1.24012,0.647,0.7617,0.953,0.08
u6521,0.014,8.61707,-5.31392,2.15198,-0.872979,-0.219028,-0.487681,0.8118,0.803,0.7882,0.08
u6522,0.014,3.02711,-13.332,-10.0237,0.972348,0.780684,1.1802,0.6918,0.7729,0.9082,0.08
u6523,0.014,5.3109,-10.619,-7.58468,1.31868,-0.886832,0.523755,0.7438,0.786,0.8562,0.08
u6524,0.014,-10.6646,7.10052,9.5101,-2.04173,-0.0327159,0.564831,0.7099,0.7775,0.8901,0.08
u6525,0.014,10.8952,3.18053,-7.03325,-0.960308,-0.622373,-0.0771119,0.7572,0.7893,0.8428,0.08
u6526,0.014,0.157013,11.0924,1.65912,-0.69789,0.249913,-0.504048,0.7961,0.799,0.8039,0.08
u6527,0.014,13.8853,-12.5293,7.31149,1.12341,0.215993,0.648129,0.6349,0.7587,0.9651,0.08
u6528,0.014,-18.0167,11.1518,3.31802,-2.91449,-0.249626,-0.4206,0.6101,0.7525,0.9899,0.08
u6529,0.014,5.314,-3.54457,-5.79515,-0.799638,0.0210363,0.225402,0.8432,0.8108,0.7568,0.08
u6530,0.014,-3.6761,-1.7287,1.71033,0.185647,-0.493739,-0.917641,0.9199,0.83,0.6801,0.08
u6531,0.014,2.14397,-15.14,9.56419,0.798443,1.51667,-0.669935,0.6721,0.768,0.9279,0.08
u6532,0.014,-10.9319,7.7229,11.6814,-0.399447,-1.99439,-0.479134,0.677,0.7692,0.923,0.08
u6533,0.014,-2.97325,4.08467,-3.66667,0.443289,-1.41513,-0.479118,0.8865,0.8216,0.7135,0.08
u6534,0.014,4.448,-6.05142,-9.52463,0.800134,0.937519,-0.540632,0.7795,0.7949,0.8205,0.08
u6535,0.014,-1.00206,-9.97147,5.36951,0.921733,0.472035,-0.977808,0.7933,0.7983,0.8067,0.08
u6536,0.014,-2.91121,-4.57347,-4.71628,0.123107,1.12152,-0.614115,0.8693,0.8173,0.7307,0.08
u6537,0.014,6.62149,-14.3199,-1.78395,1.46753,0.72268,-0.678846,0.7113,0.7778,0.8887,0.08
u6538,0.014,10.4481,-1.05134,-8.49748,-0.244949,0.120542,0.220443,0.7544,0.7886,0.8456,0.08
u6539,0.014,-10.9921,-15.3719,0.533766,-0.124187,-0.723794,-0.0863309,0.6563,0.7641,0.9437,0.08
u6540,0.014,-4.60632,-8.6736,11.468,1.60063,-0.575349,-0.172534,0.7255,0.7814,0.8745,0.08
u6541,0.014,-7.59882,-9.74334,1.32273,1.04273,-1.25228,-0.378325,0.7741,0.7935,0.8259,0.08
u6542,0.014,2.62559,9.79871,5.85784,-1.43032,0.232362,-0.273764,0.787,0.7968,0.813,0.08
u6543,0.014,-15.498,-6.26635,7.13028,0.337185,-1.4785,-0.540527,0.6696,0.7674,0.9304,0.08
u6544,0.014,6.18133,-15.5751,-10.471,0.535249,0.346842,0.677851,0.6407,0.7602,0.9593,0.08
u6545,0.014,10.3823,5.22073,-8.59378,-0.943815,0.335958,0.0673273,0.7372,0.7843,0.8628,0.08
u6546,0.014,-0.700412,-9.58483,-5.82513,0.566108,-0.899474,-0.350935,0.7957,0.7989,0.8043,0.08
u6547,0.014,-19.519,7.51192,-0.738848,0.233777,-1.50001,-0.317214,0.6195,0.7549,0.9805,0.08
u6548,0.014,-6.79892,13.0224,-11.3577,0.302691,-1.23361,-0.380387,0.6624,0.7656,0.9376,0.08
u6549,0.014,15.0368,1.7333,-3.27701,0.296245,0.53272,-1.64204,0.7184,0.7796,0.8816,0.08
u6550,0.014,-1.71266,-4.07471,-8.68883,0.48489,0.529594,1.78522,0.8228,0.8057,0.7772,0.08
u6551,0.014,3.19974,0.0961725,13.9466,-0.275244,0.514455,-0.456057,0.7398,0.785,0.8602,0.08
u6552,0.014,-15.5368,9.93639,7.28778,-1.00953,-0.739285,-0.435712,0.6395,0.7599,0.9605,0.08
u6553,0.014,-8.06524,1.37176,-12.5963,0.212421,1.21772,-1.42877,0.7269,0.7817,0.8731,0.08
u6554,0.014,1.57247,-6.07792,11.7145,0.142395,0.319143,0.521754,0.7583,0.7896,0.8417,0.08
u6555,0.014,-9.24704,2.09789,-2.21088,-0.691914,0.526205,-0.779168,0.823,0.8057,0.777,0.08
u6556,0.014,-9.02315,-13.0708,1.17865,1.68748,0.584191,0.230333,0.7104,0.7776,0.8896,0.08
u6557,0.014,-0.252684,16.9877,6.83809,-0.730867,0.162613,-0.217719,0.667,0.7668,0.933,0.08
u6558,0.014,-0.935046,-6.54694,-0.365848,2.08604,-1.26596,0.936918,0.8796,0.8199,0.7204,0.08
u6559,0.014,-13.5762,-12.5405,4.65089,0.634732,-1.49942,0.439768,0.6535,0.7634,0.9465,0.08
u6560,0.014,14.9175,3.87052,-3.62685,0.142927,1.09787,1.56145,0.7121,0.778,0.8879,0.08
u6561,0.014,1.54582,13.5442,-5.21666,-0.763469,1.14282,-0.32653,0.7346,0.7837,0.8654,0.08
u6562,0.014,8.84395,15.9304,4.44644,-0.652303,1.5917,-0.524401,0.659,0.7647,0.941,0.08
u6563,0.014,-3.22708,15.3649,-0.695203,-0.788296,-1.70114,0.256361,0.7143,0.7786,0.8857,0.08
u6564,0.014,2.01981,-11.3822,5.1402,0.353724,-0.898439,0.699276,0.77,0.7925,0.83,0.08
u6565,0.014,-1.01574,-6.27987,-1.71775,0.729866,0.0798056,0.990905,0.8802,0.82,0.7198,0.08
u6566,0.014,-3.60204,10.413,13.632,-1.61585,-0.613577,0.423743,0.6813,0.7703,0.9187,0.08
u6567,0.014,-7.57114,-4.48206,-3.18483,0.603519,-0.652175,0.391011,0.8299,0.8075,0.7701,0.08
u6568,0.014,0.863063,-1.76249,-5.21919,0.192673,0.664241,0.501959,0.8986,0.8247,0.7014,0.08
u6569,0.014,2.69209,-3.33324,-14.2988,-1.18759,1.89134,-0.315662,0.7286,0.7822,0.8714,0.08
u6570,0.014,-7.06354,7.66916,12.0461,-1.5396,-0.554266,-0.0907656,0.7103,0.7776,0.8897,0.08
u6571,0.014,10.9645,3.14297,11.4832,-1.43557,0.669902,-0.671372,0.7057,0.7764,0.8943,0.08
u6572,0.014,0.737572,3.26528,3.63429,1.24058,-1.70333,0.144691,0.9102,0.8275,0.6898,0.08
u6573,0.014,-1.46519,-7.1652,-7.55423,0.784431,0.663125,0.0757911,0.8088,0.8022,0.7912,0.08
u6574,0.014,-9.87841,-12.8529,9.92426,-0.428297,-0.892659,-0.320025,0.6544,0.7636,0.9456,0.08
u6575,0.014,-10.56,2.88966,-12.3661,0.493817,-0.696638,-0.942,0.6997,0.7749,0.9003,0.08
u6576,0.014,-8.04796,16.0723,-5.50267,-0.3647,-1.44535,1.64075,0.6582,0.7646,0.9418,0.08
u6577,0.014,12.379,15.111,-4.29494,-1.67881,-0.133604,-1.86346,0.6364,0.7591,0.9636,0.08
u6578,0.014,-4.98863,9.15839,10.7873,0.014025,-1.27453,-0.235789,0.7272,0.7818,0.8728,0.08
u6579,0.014,-11.5234,2.06269,-12.8782,-0.479207,-0.476955,-0.906117,0.6836,0.7709,0.9164,0.08
u6580,0.014,7.37721,-15.7447,6.84782,-0.273216,-0.521165,0.477149,0.6602,0.7651,0.9398,0.08
u6581,0.014,5.32184,-9.48161,-0.0523959,-0.768524,0.324599,1.04351,0.8023,0.8006,0.7977,0.08
u6582,0.014,-11.9895,-7.25123,-4.48176,0.547882,-2.06082,1.77228,0.7325,0.7831,0.8675,0.08
u6583,0.014,5.80533,0.00919225,-4.41843,0.134884,0.706518,0.0117836,0.8674,0.8168,0.7326,0.08
u6584,0.014,-11.7356,-9.85236,5.69056,0.184016,-1.11532,0.00735672,0.7028,0.7757,0.8972,0.08
u6585,0.014,-12.7255,-5.96849,5.95579,1.10886,-1.28591,1.25604,0.7224,0.7806,0.8776,0.08
u6586,0.014,-15.489,2.37721,5.7413,0.264128,0.097433,0.60817,0.6966,0.7741,0.9034,0.08
u6587,0.014,0.551667,11.1146,9.21055,-1.788,0.408392,-0.896711,0.7374,0.7843,0.8626,0.08
u6588,0.014,15.6861,-10.5481,6.71566,-0.221612,1.41811,-0.87744,0.6353,0.7588,0.9647,0.08
u6589,0.014,12.1189,6.55011,-11.0952,-1.28443,-0.630849,0.942166,0.6784,0.7696,0.9216,0.08
u6590,0.014,13.3266,-10.4279,-8.6658,0.683036,0.994533,-1.60834,0.6543,0.7636,0.9457,0.08
u6591,0.014,2.11508,8.76189,2.57157,0.477973,-0.00425333,-0.298828,0.8296,0.8074,0.7704,0.08
u6592,0.014,2.133,20.3886,-0.5368,-0.508707,-0.966475,1.42703,0.6271,0.7568,0.9729,0.08
u6593,0.014,4.62412,18.9855,7.32593,0.305315,-1.13177,0.466517,0.6206,0.7551,0.9794,0.08
u6594,0.014,7.38179,-10.5853,-0.887116,0.367084,-1.46112,0.965008,0.7648,0.7912,0.8352,0.08
u6595,0.014,6.21926,8.11113,4.1328,0.783761,0.991725,0.0692536,0.7995,0.7999,0.8005,0.08
u6596,0.014,10.8597,-6.92564,10.7157,0.825363,1.15767,1.15447,0.6954,0.7738,0.9046,0.08
u6597,0.014,1.41155,9.29475,-6.87155,-0.968608,0.577289,1.00733,0.7883,0.7971,0.8117,0.08
u6598,0.014,-9.6973,-4.45194,-9.19084,0.607897,0.348933,-1.2258,0.7439,0.786,0.8561,0.08
u6599,0.014,10.4973,-9.53951,9.78166,0.0605376,0.684567,0.727078,0.6867,0.7717,0.9133,0.08
u6600,0.014,-2.7803,7.09716,1.79667,-1.29755,0.795671,0.451051,0.8576,0.8144,0.7424,0.08
u6601,0.014,11.9992,2.86416,0.133811,0.477054,-1.4064,1.15267,0.7757,0.7939,0.8243,0.08
u6602,0.014,3.21419,-10.7242,3.75678,1.66506,1.13005,-0.339309,0.7853,0.7963,0.8147,0.08
u6603,0.014,9.65108,15.3368,-1.55913,0.39253,2.07293,0.857605,0.6693,0.7673,0.9307,0.08
u6604,0.014,-9.21126,-7.14086,13.3193,0.597131,-0.37485,-1.17446,0.6782,0.7696,0.9218,0.08
u6605,0.014,19.3291,0.664855,-4.04462,1.62886,0.633383,-0.493452,0.6407,0.7602,0.9593,0.08
u6606,0.014,-5.60991,17.3631,6.06898,-0.0205213,-0.549742,-0.61656,0.6504,0.7626,0.9496,0.08
u6607,0.014,4.98857,-3.02316,8.78789,0.715833,0.406723,1.42332,0.8082,0.8021,0.7918,0.08
u6608,0.014,-15.0239,-13.7116,0.804805,1.10466,0.879923,1.08762,0.6299,0.7575,0.9701,0.08
u6609,0.014,-12.7244,7.45168,7.28386,0.0525693,-1.31553,-1.28023,0.701,0.7752,0.899,0.08
u6610,0.014,-4.74678,2.52231,15.0325,-0.383553,-0.155549,0.0387946,0.7097,0.7774,0.8903,0.08
u6611,0.014,11.2989,-11.8414,-2.50632,1.83678,-0.0958032,-0.327795,0.6989,0.7747,0.9011,0.08
u6612,0.014,-4.33235,17.5915,2.44669,-0.233448,-1.66241,1.02261,0.6676,0.7669,0.9324,0.08
u6613,0.014,-3.6091,-17.0585,3.94131,1.12004,-0.728656,0.771354,0.675,0.7687,0.925,0.08
u6614,0.014,-18.5062,-11.3362,2.39719,0.560719,-1.07722,1.0864,0.603,0.7508,0.997,0.08
u6615,0.014,15.5567,12.578,-3.78009,-1.64263,-0.611915,-0.308173,0.6298,0.7575,0.9702,0.08
u6616,0.014,10.3533,-3.10933,2.76562,0.0167157,0.150769,-1.23819,0.7971,0.7993,0.8029,0.08
u6617,0.014,1.68543,5.88585,-7.9943,0.147531,-0.00122,0.528969,0.8169,0.8042,0.7831,0.08
u6618,0.014,14.2966,-8.28257,3.33657,-0.579294,3.13501,-1.00607,0.6935,0.7734,0.9065,0.08
u6619,0.014,-3.92024,-5.77343,-7.61109,1.07831,0.15081,-0.23996,0.8123,0.8031,0.7877,0.08
u6620,0.014,5.39639,18.5816,-1.93849,-1.35199,1.64916,-1.28753,0.6464,0.7616,0.9536,0.08
u6621,0.014,-10.1443,-2.6585,-11.8977,-1.17794,-1.06343,0.104214,0.7116,0.7779,0.8884,0.08
u6622,0.014,-13.1672,5.90115,-2.51269,-0.846358,0.543295,-1.2017,0.7337,0.7834,0.8663,0.08
u6623,0.014,-8.26018,4.339,0.548495,-0.0780879,0.224298,-0.386346,0.8301,0.8075,0.7699,0.08
u6624,0.014,10.3243,5.36378,-12.381,-0.862878,0.755243,0.420245,0.6911,0.7728,0.9089,0.08
u6625,0.014,-3.14489,-5.76433,-9.73801,-0.440299,-0.637202,0.126881,0.7865,0.7966,0.8135,0.08
u6626,0.014,-7.98105,13.8612,-7.77447,0.390703,0.592608,0.20066,0.6767,0.7692,0.9233,0.08
u6627,0.014,-10.8253,6.02256,1.95971,0.471811,0.937103,0.922938,0.772,0.793,0.828,0.08
u6628,0.014,-9.07114,3.46817,13.3988,-2.17786,0.0486508,-2.10952,0.6991,0.7748,0.9009,0.08
u6629,0.014,8.92328,-8.94975,-3.89358,-0.122231,-0.770131,-0.126356,0.7596,0.7899,0.8404,0.08
u6630,0.014,-5.18282,-1.27102,-5.81593,0.624208,-0.159702,0.26051,0.8565,0.8141,0.7435,0.08
u6631,0.014,18.8071,4.92982,0.969822,-2.52219,0.462346,-0.147114,0.6461,0.7615,0.9539,0.08
u6632,0.014,-5.9975,-13.5681,3.87872,-0.660617,-0.0738015,-1.88628,0.7212,0.7803,0.8788,0.08
u6633,0.014,-3.93984,-14.8083,-9.78869,2.15149,-0.397864,2.29297,0.6694,0.7673,0.9306,0.08
u6634,0.014,3.80924,17.263,-3.38763,-0.0638761,-0.191401,-1.16362,0.6727,0.7682,0.9273,0.08
u6635,0.014,-3.9243,-16.5487,3.64605,0.270051,-0.338037,-0.601568,0.6837,0.7709,0.9163,0.08
u6636,0.014,-0.565177,11.0604,-0.785435,-1.95673,-0.0620241,0.190878,0.7981,0.7995,0.8019,0.08
u6637,0.014,11.9809,8.47094,-11.2208,-1.38819,0.419164,-1.51337,0.6642,0.766,0.9358,0.08
u6638,0.014,0.524454,-19.0189,4.35172,-0.456361,0.90207,0.801889,0.6451,0.7613,0.9549,0.08
u6639,0.014,-5.8941,7.64213,8.16545,-0.214152,-1.87056,-2.03353,0.7701,0.7925,0.8299,0.08
u6640,0.014,11.0814,-11.2113,-1.75971,0.629735,0.854064,0.183828,0.7116,0.7779,0.8884,0.08
u6641,0.014,1.37067,3.70905,-9.11361,-0.091754,0.466719,0.111969,0.8194,0.8048,0.7806,0.08
u6642,0.014,14.9062,-7.58512,-4.86438,-1.2268,-0.112567,0.254246,0.6833,0.7708,0.9167,0.08
u6643,0.014,8.32371,-3.63058,13.9618,1.62763,0.0552787,1.2831,0.6972,0.7743,0.9028,0.08
u6644,0.014,5.73568,-6.44295,-10.7142,1.91166,0.773166,-0.861447,0.7499,0.7875,0.8501,0.08
u6645,0.014,-8.10336,-14.2414,1.5574,2.01486,-0.269835,0.817028,0.7007,0.7752,0.8993,0.08
u6646,0.014,-2.90383,0.296503,-4.29172,-2.94748,-1.07071,-1.12924,0.9056,0.8264,0.6944,0.08
u6647,0.014,-2.14698,5.09817,-13.2972,-1.31536,-1.82261,0.446546,0.7381,0.7845,0.8619,0.08
u6648,0.014,-7.37191,-2.78419,4.1701,-0.102682,0.0537953,-0.161089,0.8379,0.8095,0.7621,0.08
u6649,0.014,0.352225,12.1397,-4.94874,-0.462106,-0.128551,-0.863525,0.7616,0.7904,0.8384,0.08
u6650,0.014,2.67223,10.2881,-9.79249,-1.00641,-0.221423,0.944031,0.7372,0.7843,0.8628,0.08
u6651,0.014,-2.60334,2.09508,12.1085,-1.35691,-1.69803,0.592312,0.7716,0.7929,0.8284,0.08
u6652,0.014,-10.3747,-10.2608,-5.39077,2.13341,0.371437,-0.865013,0.7172,0.7793,0.8828,0.08
u6653,0.014,0.894816,-13.2239,-10.6256,0.681255,-0.979604,-2.27348,0.6911,0.7728,0.9089,0.08
u6654,0.014,-15.5017,-13.079,-0.801024,0.468704,-0.108349,1.09673,0.6309,0.7577,0.9691,0.08
u6655,0.014,-18.8429,-2.68274,-0.621805,0.838208,-1.32071,-0.49593,0.6538,0.7634,0.9462,0.08
u6656,0.014,12.3232,-16.2359,-0.566447,2.04832,0.254394,-0.344647,0.6293,0.7573,0.9707,0.08
u6657,0.014,-4.02975,-0.724043,-5.43703,-1.89253,0.222905,0.634052,0.8763,0.8191,0.7237,0.08
u6658,0.014,4.28795,-15.6213,-1.35081,0.382884,-1.20907,0.157509,0.7044,0.7761,0.8956,0.08
u6659,0.014,10.8307,-2.37907,5.03955,-0.0959841,0.896423,0.172841,0.7785,0.7946,0.8215,0.08
u6660,0.014,1.75739,-1.30625,-12.8331,0.319315,-0.775621,-0.638063,0.7633,0.7908,0.8367,0.08
u6661,0.014,3.68841,-1.07951,7.18299,0.844614,0.569232,-1.47058,0.8519,0.813,0.7481,0.08
u6662,0.014,6.92338,9.28819,-9.57014,-1.39178,-0.446472,-0.841351,0.7268,0.7817,0.8732,0.08
u6663,0.014,-3.54848,-4.30885,10.6614,0.157416,1.39672,0.188656,0.7812,0.7953,0.8188,0.08
u6664,0.014,-4.14457,-12.959,4.05454,1.3879,-0.208644,0.0386919,0.7419,0.7855,0.8581,0.08
u6665,0.014,3.80618,1.59095,16.0488,-0.470776,-1.45477,-0.765376,0.6987,0.7747,0.9013,0.08
u6666,0.014,-4.9622,10.7132,-0.319248,-0.358666,0.236308,-1.18745,0.7853,0.7963,0.8147,0.08
u6667,0.014,-5.09277,-17.0484,8.86964,1.54034,0.353877,0.900253,0.6385,0.7596,0.9615,0.08
u6668,0.014,7.20228,14.1051,2.23734,-0.0254995,-0.612356,-0.150949,0.7092,0.7773,0.8908,0.08
u6669,0.014,-0.202139,15.3943,5.19169,-1.15787,-0.214927,0.430877,0.7046,0.7761,0.8954,0.08
u6670,0.014,-9.08751,13.1759,-4.43562,0.772257,-1.13861,-2.48546,0.698,0.7745,0.902,0.08
u6671,0.014,-6.30081,7.79608,10.2179,0.241127,0.453498,-1.87156,0.7397,0.7849,0.8603,0.08
u6672,0.014,-6.18293,11.2596,10.5572,-0.101635,-0.457027,0.423776,0.6977,0.7744,0.9023,0.08
u6673,0.014,12.7894,-6.27929,-5.82775,-0.17791,0.121149,0.452138,0.7201,0.78,0.8799,0.08
u6674,0.014,3.47399,4.15124,14.7152,-1.08773,-0.672995,-0.911635,0.7149,0.7787,0.8851,0.08
u6675,0.014,-6.26913,-15.4225,-6.77026,0.671757,-0.48893,-0.298458,0.6732,0.7683,0.9268,0.08
u6676,0.014,9.80062,0.706031,0.593093,-0.854977,-1.53932,0.143535,0.821,0.8053,0.779,0.08
u6677,0.014,-4.04745,16.8129,-3.081,-0.778988,-0.621903,-0.604152,0.6806,0.7702,0.9194,0.08
u6678,0.014,-3.71095,-2.79101,11.1399,1.2985,1.13053,0.440914,0.7806,0.7951,0.8194,0.08
u6679,0.014,6.9454,3.49012,15.3558,-0.788555,-0.0559047,0.43328,0.6871,0.7718,0.9129,0.08
u6680,0.014,-13.0773,-10.8,2.61614,0.181565,-0.513213,-0.597214,0.688,0.772,0.912,0.08
u6681,0.014,-5.58782,18.1221,6.48819,-1.41643,0.481762,1.91556,0.6356,0.7589,0.9644,0.08
u6682,0.014,-9.3229,-3.00387,5.12353,-0.564047,0.521286,-0.920914,0.799,0.7998,0.801,0.08
u6683,0.014,-14.4609,10.3645,-2.2799,-0.664529,0.964035,0.722972,0.6739,0.7685,0.9261,0.08
u6684,0.014,-13.1291,9.6327,-3.75726,0.652602,-1.77281,-0.0588219,0.6962,0.774,0.9038,0.08
u6685,0.014,0.0464259,-3.62292,7.78493,-0.979008,0.666215,0.010029,0.8439,0.811,0.7561,0.08
u6686,0.014,-14.8598,1.01996,-7.08283,0.075234,-0.77509,-1.24134,0.7001,0.775,0.8999,0.08
u6687,0.014,-4.75208,16.0869,5.52039,-0.3082,-0.361939,-0.182458,0.6789,0.7697,0.9211,0.08
u6688,0.014,1.03218,-12.9205,12.9709,1.25284,-1.19418,-0.494238,0.6666,0.7666,0.9334,0.08
u6689,0.014,0.561695,-6.68848,-9.16927,1.2861,-0.146063,0.0965872,0.7934,0.7983,0.8066,0.08
u6690,0.014,11.8137,-13.1034,-6.84155,2.29079,0.853325,0.254295,0.656,0.764,0.944,0.08
u6691,0.014,13.3305,-7.12549,-7.46163,1.27761,0.302594,-0.468366,0.6935,0.7734,0.9065,0.08
u6692,0.014,16.2503,5.97047,8.6148,-0.777477,0.499103,-1.17311,0.6484,0.7621,0.9516,0.08
u6693,0.014,-7.54709,-3.61939,0.519591,0.40045,-0.197923,-2.40382,0.8475,0.8119,0.7525,0.08
u6694,0.014,5.63373,-13.7244,5.32457,0.155316,0.706989,-0.630659,0.7134,0.7784,0.8866,0.08
u6695,0.014,-11.0811,0.800217,-4.86622,0.00407158,-0.578173,0.167589,0.7795,0.7949,0.8205,0.08
u6696,0.014,9.13429,0.680687,-7.15359,0.0383776,1.79692,-0.400409,0.7887,0.7972,0.8113,0.08
u6697,0.014,9.87571,9.93959,-4.4668,0.572771,1.04604,-1.62457,0.7326,0.7832,0.8674,0.08
u6698,0.014,2.66749,9.65927,1.84323,0.268718,0.0336765,-1.05495,0.8147,0.8037,0.7853,0.08
u6699,0.014,5.64269,-4.47844,1.39342,-0.803756,1.4582,0.468873,0.8666,0.8166,0.7334,0.08
u6700,0.014,-2.21561,0.72488,-6.14596,0.914434,1.17333,-1.14233,0.8805,0.8201,0.7195,0.08
u6701,0.014,-13.5132,-4.86971,8.68002,-0.0897813,-0.120952,0.392219,0.6949,0.7737,0.9051,0.08
u6702,0.014,-7.35581,14.5882,-6.90108,-2.33563,-1.00126,-0.293146,0.6775,0.7694,0.9225,0.08
u6703,0.014,-5.32889,-0.719745,4.9447,-0.144199,-0.568881,-0.92445,0.8672,0.8168,0.7328,0.08
u6704,0.014,-14.1602,13.4683,2.64109,-0.196854,-0.495149,-1.16532,0.6415,0.7604,0.9585,0.08
u6705,0.014,7.65848,-2.65117,14.7691,1.57004,-0.780979,0.137446,0.6937,0.7734,0.9063,0.08
u6706,0.014,6.32312,-12.4514,3.5387,-0.110398,1.18911,-0.120385,0.7381,0.7845,0.8619,0.08
u6707,0.014,0.434211,-3.76869,1.60561,-0.129712,-1.48725,-0.598838,0.9251,0.8313,0.6749,0.08
u6708,0.014,2.69711,9.81937,3.44228,-0.384786,1.17581,-0.0103444,0.8046,0.8011,0.7954,0.08
u6709,0.014,-3.76226,7.25488,3.51499,-0.128586,1.03429,-0.261228,0.8383,0.8096,0.7617,0.08
u6710,0.014,6.0721,7.95578,-10.6493,0.263945,-0.565829,0.486265,0.7343,0.7836,0.8657,0.08
u6711,0.014,10.9148,-8.86528,4.63856,0.798101,1.35663,0.0951411,0.7308,0.7827,0.8692,0.08
u6712,0.014,10.903,-6.29848,9.27898,0.954753,0.644045,-0.126448,0.7156,0.7789,0.8844,0.08
u6713,0.014,-9.95563,11.8158,6.86487,-1.6319,-0.192951,1.25829,0.6926,0.7731,0.9074,0.08
u6714,0.014,-7.36708,5.71962,8.51769,-1.08447,-1.33348,-0.335762,0.7703,0.7926,0.8297,0.08
u6715,0.014,-8.60707,-8.08078,-3.27626,1.15142,-0.587449,0.116292,0.7772,0.7943,0.8228,0.08
u6716,0.014,0.649902,-9.94088,-9.23763,1.12989,-0.707822,-0.661206,0.753,0.7882,0.847,0.08
u6717,0.014,-14.9581,-4.34297,-8.78519,1.32706,-1.13314,-0.438754,0.6749,0.7687,0.9251,0.08
u6718,0.014,5.20999,-4.03361,-13.7686,0.101143,-1.57141,0.245286,0.7225,0.7806,0.8775,0.08
u6719,0.014,4.97347,-4.93261,-6.81763,0.268342,0.557677,1.09263,0.8223,0.8056,0.7777,0.08
u6720,0.014,19.9933,-1.10894,-6.42977,-0.044704,0.104262,0.0528217,0.6176,0.7544,0.9824,0.08
u6721,0.014,-4.27129,-2.77686,3.96404,-0.34003,1.19338,0.694815,0.8826,0.8207,0.7174,0.08
u6722,0.014,-1.70728,0.831595,-5.08639,-0.467687,-0.602115,-0.0586579,0.9013,0.8253,0.6987,0.08
u6723,0.014,-12.5207,-6.66946,-12.5063,0.707082,-1.74929,0.24206,0.6561,0.764,0.9439,0.08
u6724,0.014,12.5649,13.0738,-3.06285,-0.470702,-0.0304056,0.503786,0.6656,0.7664,0.9344,0.08
u6725,0.014,-3.2356,-16.0802,-7.26124,-0.109822,0.0631857,0.0878002,0.6739,0.7685,0.9261,0.08
u6726,0.014,-15.6286,-5.69308,3.05366,0.765307,-0.523958,0.71588,0.6925,0.7731,0.9075,0.08
u6727,0.014,7.33227,-17.4857,-7.14881,2.02684,-0.883494,0.378641,0.6316,0.7579,0.9684,0.08
u6728,0.014,13.0177,-5.9563,-12.5284,0.393428,1.85085,-0.44153,0.6541,0.7635,0.9459,0.08
u6729,0.014,8.05311,-12.6886,-2.70358,0.613497,0.500989,0.361262,0.7224,0.7806,0.8776,0.08
u6730,0.014,2.9932,-12.4317,-12.82,0.407243,-0.132077,1.2909,0.6708,0.7677,0.9292,0.08
u6731,0.014,19.9579,0.19214,-2.9362,-0.832247,1.66035,-0.944256,0.6332,0.7583,0.9668,0.08
u6732,0.014,-0.0820493,-4.82308,1.22774,0.275938,-0.27579,0.149009,0.9095,0.8274,0.6905,0.08
u6733,0.014,7.12165,-16.6072,-3.34581,1.20706,0.446708,0.36598,0.6659,0.7665,0.9341,0.08
u6734,0.014,4.34384,-12.3081,-0.837354,-0.160126,0.78578,-0.61515,0.7622,0.7906,0.8378,0.08
u6735,0.014,6.14875,3.5644,14.1537,-0.502953,0.620552,-0.743003,0.712,0.778,0.888,0.08
u6736,0.014,11.6308,-0.10828,7.62858,-1.08237,-0.421321,0.388466,0.7471,0.7868,0.8529,0.08
u6737,0.014,-9.15396,11.5155,9.26704,-1.79272,0.268829,-0.931546,0.6839,0.771,0.9161,0.08
u6738,0.014,4.83444,18.6336,-1.21438,-0.0855655,0.382498,0.212891,0.6493,0.7623,0.9507,0.08
u6739,0.014,-4.58482,-17.1573,-3.71108,-0.442907,-0.170974,0.753456,0.6701,0.7675,0.9299,0.08
u6740,0.014,-1.6785,-3.46898,-4.87837,-0.218184,1.53481,0.128622,0.887,0.8217,0.713,0.08
u6741,0.014,4.34723,5.60947,14.8517,0.440676,1.02823,-0.160051,0.7007,0.7752,0.8993,0.08
u6742,0.014,5.35548,-9.57915,-4.23642,1.35661,1.32273,-0.622251,0.7861,0.7965,0.8139,0.08
u6743,0.014,-14.8356,5.90586,-6.94084,-0.949872,-2.43485,0.10125,0.6834,0.7709,0.9166,0.08
u6744,0.014,-18.4159,4.92911,-1.6535,-0.0371024,-0.79421,1.0007,0.6521,0.763,0.9479,0.08
u6745,0.014,5.13915,16.3028,9.72613,-1.77996,1.445,-1.1075,0.6424,0.7606,0.9576,0.08
u6746,0.014,0.317443,14.5841,-3.61845,-0.537944,0.013983,-1.33702,0.7267,0.7817,0.8733,0.08
u6747,0.014,-2.91442,-12.869,-7.99701,1.49245,-0.405677,-1.95858,0.7195,0.7799,0.8805,0.08
u6748,0.014,5.42759,18.866,-1.4279,-0.817187,-0.0551737,0.595298,0.6421,0.7605,0.9579,0.08
u6749,0.014,-19.9986,-0.516138,5.27716,-0.645668,0.321736,0.150554,0.6238,0.756,0.9762,0.08
u6750,0.014,-12.5979,-12.3304,-5.31766,1.42122,-1.48572,-0.0295487,0.6652,0.7663,0.9348,0.08
u6751,0.014,2.73754,6.28585,-10.427,-0.197132,0.216073,0.743511,0.7731,0.7933,0.8269,0.08
u6752,0.014,2.9987,-7.31838,-1.24916,-0.76924,-0.983451,1.20579,0.8544,0.8136,0.7456,0.08
u6753,0.014,0.557496,20.2475,-4.24371,-0.538465,-0.0974276,1.08491,0.6237,0.7559,0.9763,0.08
u6754,0.014,-8.76716,-14.7993,1.45944,0.833547,-0.936618,0.00268839,0.6861,0.7715,0.9139,0.08
u6755,0.014,1.98892,17.5135,-9.21407,-1.16326,0.696559,1.97372,0.6384,0.7596,0.9616,0.08
u6756,0.014,16.7254,-6.03429,1.27752,-0.476924,0.416716,0.924537,0.6759,0.769,0.9241,0.08
u6757,0.014,5.14548,-2.47163,-5.324,-0.258221,-1.30832,-0.902357,0.8581,0.8145,0.7419,0.08
u6758,0.014,-13.6821,7.4576,-0.634126,-1.43326,-0.0740474,0.0470153,0.7164,0.7791,0.8836,0.08
u6759,0.014,-8.1035,-0.600423,0.124067,1.64922,-1.48232,-0.178052,0.8522,0.8131,0.7478,0.08
u6760,0.014,7.34933,18.1857,-6.43197,0.348814,0.38462,0.229747,0.6247,0.7562,0.9753,0.08
u6761,0.014,7.30483,6.32503,-1.2875,-0.433177,0.23445,0.218174,0.8228,0.8057,0.7772,0.08
u6762,0.014,-14.823,5.47286,8.61678,0.277368,0.764767,-0.478898,0.6728,0.7682,0.9272,0.08
u6763,0.014,-5.72155,1.73632,-4.87782,-0.932513,-1.34844,-1.3698,0.8597,0.8149,0.7403,0.08
u6764,0.014,-14.4541,-0.189096,-1.59545,1.89539,-0.377534,-0.610582,0.7356,0.7839,0.8644,0.08
u6765,0.014,-5.72964,3.43091,-3.61033,-0.46435,-1.28201,-0.235202,0.862,0.8155,0.738,0.08
u6766,0.014,-1.62573,-17.0227,-8.55931,0.760316,0.0780499,-0.546272,0.6523,0.7631,0.9477,0.08
u6767,0.014,-4.69799,18.5856,0.556945,-2.08685,-0.448814,-0.246866,0.6513,0.7628,0.9487,0.08
u6768,0.014,4.59329,-2.96924,12.8538,0.31417,0.581899,0.603618,0.746,0.7865,0.854,0.08
u6769,0.014,1.54684,-12.7257,-1.40198,1.75734,-0.0142261,-0.0371552,0.7655,0.7914,0.8345,0.08
u6770,0.014,17.7817,0.387169,-2.34234,1.18597,1.21637,0.703886,0.6738,0.7685,0.9262,0.08
u6771,0.014,9.16343,-7.6923,-3.4443,1.38478,0.132143,1.03379,0.7736,0.7934,0.8264,0.08
u6772,0.014,-5.92988,16.1036,0.546505,-1.68,0.504028,0.522718,0.6878,0.772,0.9122,0.08
u6773,0.014,16.5281,12.1527,4.4142,-0.96876,1.22438,0.650923,0.6185,0.7546,0.9815,0.08
u6774,0.014,4.16013,13.2148,7.0834,-2.70917,-1.43882,0.0972932,0.7171,0.7793,0.8829,0.08
u6775,0.014,-16.6884,12.6255,-4.76462,-0.270181,-0.814463,1.39527,0.6098,0.7524,0.9902,0.08
u6776,0.014,-3.31662,-3.94489,-4.81613,0.990649,-1.91827,0.111023,0.8717,0.8179,0.7283,0.08
u6777,0.014,-9.14751,5.34498,10.8922,-0.567308,-1.3352,-0.0926812,0.7237,0.7809,0.8763,0.08
u6778,0.014,-9.18885,0.357785,10.7852,0.91904,-2.14401,-0.207827,0.7423,0.7856,0.8577,0.08
u6779,0.014,-7.37389,-9.73792,-11.5913,2.22856,-1.62811,-0.00887356,0.6938,0.7735,0.9062,0.08
u6780,0.014,4.52174,13.0146,-10.0096,-1.41618,1.40958,0.530104,0.6904,0.7726,0.9096,0.08
u6781,0.014,6.5911,4.09971,-2.90123,1.98516,0.30716,0.145112,0.8493,0.8123,0.7507,0.08
u6782,0.014,-7.47789,-19.1505,4.65021,0.87915,0.487006,-2.26188,0.6168,0.7542,0.9832,0.08
u6783,0.014,3.80568,3.1111,-4.52776,1.16158,0.510446,-0.00644565,0.8785,0.8196,0.7215,0.08
u6784,0.014,-2.37571,-14.4442,6.9124,1.61022,0.496658,-0.787457,0.7057,0.7764,0.8943,0.08
u6785,0.014,-7.16175,19.6296,-4.41705,-1.44988,-0.9265,0.32899,0.6117,0.7529,0.9883,0.08
u6786,0.014,-16.819,2.37839,7.18218,0.844678,-1.18495,-0.706832,0.6647,0.7662,0.9353,0.08
u6787,0.014,17.6708,9.03821,3.63654,-0.725361,2.0381,-0.765472,0.6331,0.7583,0.9669,0.08
u6788,0.014,19.9788,1.42511,4.55324,0.0793621,1.44968,-0.808912,0.6265,0.7566,0.9735,0.08
u6789,0.014,7.31237,12.1497,-3.92386,-0.666647,-0.152995,0.239321,0.7325,0.7831,0.8675,0.08
u6790,0.014,-17.5499,5.76266,1.42868,-0.40668,0.020606,0.837745,0.6631,0.7658,0.9369,0.08
u6791,0.014,5.02421,-5.22702,1.8873,-0.960575,1.773,0.842761,0.8638,0.8159,0.7362,0.08
u6792,0.014,-6.12379,-5.52617,13.0437,1.70947,-0.0848712,-1.29878,0.7194,0.7799,0.8806,0.08
u6793,0.014,-12.2922,-4.65383,-2.9887,2.65193,-2.44907,0.795112,0.7549,0.7887,0.8451,0.08
u6794,0.014,1.19953,-8.35212,8.29142,0.39999,0.48665,0.0913648,0.7849,0.7962,0.8151,0.08
u6795,0.014,12.0188,5.71581,9.91172,0.923483,1.63604,1.7841,0.6983,0.7746,0.9017,0.08
u6796,0.014,-9.16567,-4.23423,-7.8196,0.332234,-1.58097,-1.57754,0.7678,0.792,0.8322,0.08
u6797,0.014,15.4021,-0.800004,-8.38684,-0.365276,1.11559,0.108069,0.6808,0.7702,0.9192,0.08
u6798,0.014,-3.74449,-12.3054,-7.6673,1.12512,-0.320714,-0.659174,0.7277,0.7819,0.8723,0.08
u6799,0.014,-3.35289,-10.3393,-13.6527,2.33687,0.112415,-1.74779,0.6827,0.7707,0.9173,0.08
u6800,0.014,-17.5423,2.5459,-2.60059,-0.372943,-1.18743,-0.380694,0.6743,0.7686,0.9257,0.08
u6801,0.014,-8.64567,-6.50826,3.90314,0.486484,-0.376585,-0.300728,0.7908,0.7977,0.8092,0.08
u6802,0.014,0.930421,-6.11466,-4.0078,-1.18829,0.754635,1.43596,0.866,0.8165,0.734,0.08
u6803,0.014,17.1815,0.430993,4.00302,-0.767209,1.0088,0.592457,0.6791,0.7698,0.9209,0.08
u6804,0.014,9.80795,8.68296,10.0699,-0.239777,0.156462,0.307555,0.6996,0.7749,0.9004,0.08
u6805,0.014,6.02486,7.85658,10.4502,-0.893485,-0.144817,0.368452,0.7383,0.7846,0.8617,0.08
u6806,0.014,4.11189,4.37336,-15.609,-1.53891,-0.00890374,-0.567723,0.6959,0.774,0.9041,0.08
u6807,0.014,-12.8316,10.4084,6.01471,-1.37805,0.126082,-0.210822,0.6803,0.7701,0.9197,0.08
u6808,0.014,-7.37502,6.41661,-13.0924,-0.793545,-1.19387,-0.91251,0.7029,0.7757,0.8971,0.08
u6809,0.014,7.48799,15.9593,5.41812,-0.358009,0.939077,-0.271458,0.6647,0.7662,0.9353,0.08
u6810,0.014,7.33629,0.898207,-7.99477,-0.115178,0.793677,0.591855,0.802,0.8005,0.798,0.08
u6811,0.014,-0.795992,-18.1787,-6.83859,1.72816,0.335161,0.230452,0.6466,0.7616,0.9534,0.08
u6812,0.014,0.674355,-1.45433,-3.11901,1.21784,-0.88354,0.812769,0.9362,0.8341,0.6638,0.08
u6813,0.014,-10.5682,9.82791,-11.5529,1.24101,0.450704,-0.217853,0.6639,0.766,0.9361,0.08
u6814,0.014,-5.61903,1.63077,4.97603,-0.185294,-0.527676,-0.486305,0.8604,0.8151,0.7396,0.08
u6815,0.014,-7.20351,19.4577,0.0714524,-3.43494,0.0807123,0.0435537,0.6228,0.7557,0.9772,0.08
u6816,0.014,-2.34422,-15.4104,0.936056,0.26878,-0.153145,-0.781722,0.7161,0.779,0.8839,0.08
u6817,0.014,-8.21048,14.0591,4.57867,-0.45579,-1.29675,-0.136344,0.6925,0.7731,0.9075,0.08
u6818,0.014,10.6864,0.559546,-11.1196,-0.273722,1.48396,0.810106,0.7194,0.7799,0.8806,0.08
u6819,0.014,17.9361,-2.72456,7.29175,1.87657,1.73128,0.912175,0.6445,0.7611,0.9555,0.08
u6820,0.014,11.462,14.5184,0.780255,-0.117493,0.31303,-1.235,0.6634,0.7658,0.9366,0.08
u6821,0.014,-15.6412,10.8613,1.69569,-1.71423,0.136315,0.529893,0.6524,0.7631,0.9476,0.08
u6822,0.014,-9.57914,-18.7949,-3.38063,0.679706,-1.52873,-0.997799,0.6116,0.7529,0.9884,0.08
u6823,0.014,4.05125,-9.65443,1.5035,1.10213,-0.233177,-0.825611,0.8077,0.8019,0.7923,0.08
u6824,0.014,7.50767,4.38215,7.20847,-0.87875,0.0506269,-0.193634,0.7947,0.7987,0.8053,0.08
u6825,0.014,1.23603,-15.8524,9.29729,1.01556,1.11342,-0.176709,0.6651,0.7663,0.9349,0.08
u6826,0.014,19.9657,2.70767,-0.123991,0.0262421,2.12579,-0.83004,0.6337,0.7584,0.9663,0.08
u6827,0.014,-1.64302,-2.16046,-12.3291,-0.608921,1.24282,0.210053,0.7705,0.7926,0.8295,0.08
u6828,0.014,13.9418,15.1712,-0.757925,-0.37445,0.757734,1.16099,0.6251,0.7563,0.9749,0.08
u6829,0.014,15.5224,0.50598,-10.2801,-0.97552,-0.722788,0.112136,0.6614,0.7653,0.9386,0.08
u6830,0.014,13.6637,-6.65229,11.6793,1.95349,-0.238993,-1.16538,0.6515,0.7629,0.9485,0.08
u6831,0.014,-9.0287,13.1467,-5.29909,-0.657053,-1.01489,0.896661,0.6944,0.7736,0.9056,0.08
u6832,0.014,-18.4905,10.8116,-2.90043,0.426853,-0.619372,0.144172,0.607,0.7518,0.993,0.08
u6833,0.014,-6.03348,3.09812,-4.05287,-0.286082,-0.0678012,0.682757,0.8563,0.8141,0.7437,0.08
u6834,0.014,-8.56525,-2.38941,11.2911,-1.01485,-1.41657,0.0712487,0.7387,0.7847,0.8613,0.08
u6835,0.014,-0.0872945,-16.2693,2.22077,0.282053,-0.228657,0.0375024,0.7014,0.7754,0.8986,0.08
u6836,0.014,-7.5851,3.6273,13.7006,-1.66172,0.898975,0.47003,0.7077,0.7769,0.8923,0.08
u6837,0.014,1.85909,-5.82562,-11.8538,0.315771,0.223327,-1.63783,0.7575,0.7894,0.8425,0.08
u6838,0.014,2.61792,-10.788,5.48292,1.81796,-0.825815,-0.259488,0.7749,0.7937,0.8251,0.08
u6839,0.014,-0.575255,10.7801,-12.0907,-0.240494,-1.05255,-0.122794,0.7053,0.7763,0.8947,0.08
u6840,0.014,-4.8918,12.4792,8.91569,-1.97312,-0.372981,0.181706,0.7073,0.7768,0.8927,0.08
u6841,0.014,-14.6171,3.75866,-2.62292,0.158306,-1.35003,-0.761301,0.7215,0.7804,0.8785,0.08
u6842,0.014,-19.6458,-2.41581,-7.20032,0.417163,-0.383498,-0.803676,0.617,0.7543,0.983,0.08
u6843,0.014,-20.0275,-8.48072,-1.62455,1.84439,-1.13359,1.80808,0.6035,0.7509,0.9965,0.08
u6844,0.014,7.48862,-4.00355,-6.33347,1.48063,1.29174,-0.310514,0.8074,0.8018,0.7926,0.08
u6845,0.014,7.65176,18.9058,0.671357,-1.88288,0.691293,0.840053,0.629,0.7572,0.971,0.08
u6846,0.014,-14.3952,15.4201,1.84923,-0.97646,-1.60505,-0.241345,0.615,0.7537,0.985,0.08
u6847,0.014,-10.7269,6.58581,-7.99916,-0.936444,-1.57392,-0.37696,0.7288,0.7822,0.8712,0.08
u6848,0.014,-3.6731,-11.5921,-0.511371,0.530069,0.105333,0.0263445,0.7787,0.7947,0.8213,0.08
u6849,0.014,-10.5605,16.3422,6.92713,-1.39673,0.0206563,1.40186,0.6245,0.7561,0.9755,0.08
u6850,0.014,4.55573,5.14817,2.50147,-0.211684,0.795335,0.00507592,0.867,0.8167,0.733,0.08
u6851,0.014,-1.00195,-20.8466,3.60585,-0.2537,-0.469101,0.24852,0.6149,0.7537,0.9851,0.08
u6852,0.014,13.6757,15.6734,-0.0704484,-1.11524,1.04903,-0.0658967,0.6218,0.7554,0.9782,0.08
u6853,0.014,-19.9184,7.15444,-2.44539,0.579043,-1.70824,0.560508,0.6126,0.7532,0.9874,0.08
u6854,0.014,-2.7066,-4.58765,13.8076,-1.163,0.139688,1.2885,0.7309,0.7827,0.8691,0.08
u6855,0.014,10.5113,13.1711,4.97022,-0.544818,-0.0382087,0.856722,0.6806,0.7701,0.9194,0.08
u6856,0.014,-5.77702,-16.4983,-8.8765,0.449506,-0.445451,-0.262622,0.6435,0.7609,0.9565,0.08
u6857,0.014,-2.2684,2.27376,-6.35918,-1.15635,-0.249875,-0.149558,0.8705,0.8176,0.7295,0.08
u6858,0.014,2.54817,-0.716264,0.680984,0.489202,0.526971,-0.110188,0.9503,0.8376,0.6497,0.08
u6859,0.014,-4.89739,-18.2567,3.27401,0.647615,-0.339429,-1.19979,0.6512,0.7628,0.9488,0.08
u6860,0.014,4.49438,-13.6412,-3.3473,1.78996,1.26714,-0.856553,0.7319,0.783,0.8681,0.08
u6861,0.014,-10.5696,18.5673,-1.07999,-0.52499,0.529301,0.508825,0.6111,0.7528,0.9889,0.08
u6862,0.014,-16.0891,9.76916,-8.25901,-0.62947,-1.90513,0.0675103,0.6263,0.7566,0.9737,0.08
u6863,0.014,0.291542,-4.52108,11.4105,1.67281,1.12894,0.47871,0.7768,0.7942,0.8232,0.08
u6864,0.014,-10.2082,-13.4755,2.9344,1.68215,0.688087,-0.599862,0.688,0.772,0.912,0.08
u6865,0.014,-7.06685,4.64683,2.77178,-1.33818,0.372834,1.76772,0.8382,0.8095,0.7618,0.08
u6866,0.014,-12.7289,10.2605,-1.10498,-0.851761,-0.241081,-0.331102,0.7021,0.7755,0.8979,0.08
u6867,0.014,16.0153,-6.68113,-4.70717,-1.57632,1.41616,-0.493123,0.6731,0.7683,0.9269,0.08
u6868,0.014,-15.755,6.31095,9.25513,-0.621369,0.689109,-0.688279,0.6485,0.7621,0.9515,0.08
u6869,0.014,-6.40644,19.4645,1.01755,-0.63487,-0.223171,0.807335,0.627,0.7567,0.973,0.08
u6870,0.014,-7.54975,-6.44328,-10.8697,1.4451,-0.0289059,-0.139144,0.7324,0.7831,0.8676,0.08
u6871,0.014,9.65602,11.3924,11.83,-0.162566,0.300798,-0.0850056,0.6536,0.7634,0.9464,0.08
u6872,0.014,-1.94244,-5.94071,-6.69378,0.462288,-0.32942,-0.664669,0.8335,0.8084,0.7665,0.08
u6873,0.014,-9.81395,12.1719,-11.5166,-0.101927,0.288629,-0.34795,0.6469,0.7617,0.9531,0.08
u6874,0.014,15.8007,-5.64664,-10.4728,0.861261,-0.0441854,0.623268,0.6404,0.7601,0.9596,0.08
u6875,0.014,5.41501,-3.16035,8.6092,1.02548,2.01821,-0.367988,0.8064,0.8016,0.7936,0.08
u6876,0.014,12.9367,-7.27339,-0.827071,1.52788,0.555173,0.566147,0.7297,0.7824,0.8703,0.08
u6877,0.014,14.8208,-3.41226,0.158552,-0.777832,-0.94074,-1.31784,0.7235,0.7809,0.8765,0.08
u6878,0.014,-9.80209,0.989083,8.80805,-0.654943,-0.207743,-0.65589,0.7597,0.7899,0.8403,0.08
u6879,0.014,0.986857,-0.776723,-13.2085,0.338963,0.675825,1.02644,0.7588,0.7897,0.8412,0.08
u6880,0.014,6.08192,11.1242,-1.81405,-1.88779,0.435448,0.365205,0.7671,0.7918,0.8329,0.08
u6881,0.014,17.7539,-5.67306,5.95121,-0.768415,2.31514,0.703941,0.6443,0.7611,0.9557,0.08
u6882,0.014,18.6863,-3.12921,8.16473,0.797864,-0.0537222,0.519511,0.6249,0.7562,0.9751,0.08
u6883,0.014,-1.87865,7.75025,-0.222095,-0.688286,-0.00475339,0.47487,0.8549,0.8137,0.7451,0.08
u6884,0.014,-9.86812,-2.33876,3.11452,0.13025,-0.163756,-0.00245475,0.8071,0.8018,0.7929,0.08
u6885,0.014,-4.19895,-10.6786,-8.12309,0.090257,-0.385776,0.737369,0.7444,0.7861,0.8556,0.08
u6886,0.014,16.2904,-1.007,-0.0437471,0.0221016,0.646624,-0.525931,0.7032,0.7758,0.8968,0.08
u6887,0.014,-14.4606,-7.25104,-4.36566,1.15362,-0.964496,-0.496749,0.6954,0.7738,0.9046,0.08
u6888,0.014,2.4332,4.62821,-3.39814,-1.37601,0.921895,-0.099291,0.8866,0.8217,0.7134,0.08
u6889,0.014,8.34106,-11.1319,10.8237,0.536608,0.79239,-0.476355,0.6795,0.7699,0.9205,0.08
u6890,0.014,14.2729,-1.53996,2.59168,0.813835,0.636121,-0.370101,0.7348,0.7837,0.8652,0.08
u6891,0.014,4.90548,10.6754,0.535463,-0.735559,-1.6653,0.375632,0.7862,0.7965,0.8138,0.08
u6892,0.014,-0.552871,17.0659,7.97721,-1.90081,0.413936,1.08607,0.6573,0.7643,0.9427,0.08
u6893,0.014,4.86002,5.28293,-9.75541,-0.300437,0.193737,0.490828,0.7798,0.7949,0.8202,0.08
u6894,0.014,19.3509,7.06015,5.56495,-1.54212,-0.126995,-0.991895,0.6121,0.753,0.9879,0.08
u6895,0.014,15.2451,-13.3928,-6.20039,1.16093,0.871897,-0.190043,0.6142,0.7536,0.9858,0.08
u6896,0.014,-7.38081,11.5937,10.7625,-0.30956,0.57136,-0.558281,0.6826,0.7707,0.9174,0.08
u6897,0.014,11.1864,-15.9968,5.14534,1.22763,-0.0179816,-0.176709,0.633,0.7582,0.967,0.08
u6898,0.014,14.2528,2.42733,4.34088,0.718499,0.816041,-0.416501,0.7255,0.7814,0.8745,0.08
u6899,0.014,-14.6643,12.198,4.8073,-0.061809,-0.581995,0.342603,0.6423,0.7606,0.9577,0.08
u6900,0.014,-2.7264,-11.2624,8.80901,1.10822,0.00779507,0.121068,0.7353,0.7838,0.8647,0.08
u6901,0.014,-14.9133,-2.21389,-4.73129,-0.983172,-1.86862,1.2025,0.7127,0.7782,0.8873,0.08
u6902,0.014,4.20266,-11.8724,6.47711,0.521732,-0.532476,1.1259,0.7425,0.7856,0.8575,0.08
u6903,0.014,-16.4426,5.50503,7.22578,-0.412801,-1.52147,-1.90038,0.6585,0.7646,0.9415,0.08
u6904,0.014,-4.30671,-7.0624,5.60502,0.471825,1.40149,-0.382399,0.8183,0.8046,0.7817,0.08
u6905,0.014,-7.27349,11.4721,9.58804,-0.335573,-0.11665,0.0512712,0.6977,0.7744,0.9023,0.08
u6906,0.014,-0.695109,19.8764,-2.37614,-1.11698,0.547536,-0.091038,0.6358,0.759,0.9642,0.08
u6907,0.014,-15.5674,3.03958,1.84554,1.25318,1.0012,-0.941129,0.7097,0.7774,0.8903,0.08
u6908,0.014,2.54316,0.146641,14.73,-1.35887,0.0911416,0.40665,0.7282,0.7821,0.8718,0.08
u6909,0.014,13.5037,-2.70854,-7.34089,-0.233685,1.1197,1.11308,0.7162,0.7791,0.8838,0.08
u6910,0.014,9.60385,12.9763,6.7756,-0.295632,1.02953,0.246307,0.6817,0.7704,0.9183,0.08
u6911,0.014,9.17955,4.4879,9.54658,-0.532375,0.61955,-0.664954,0.7458,0.7864,0.8542,0.08
u6912,0.014,2.28388,-3.25349,-9.62222,0.76597,1.21843,-0.175816,0.8107,0.8027,0.7893,0.08
u6913,0.014,-1.72285,20.3632,2.16002,-1.92213,0.346444,1.13756,0.6264,0.7566,0.9736,0.08
u6914,0.014,14.4335,11.369,-4.91205,1.22997,1.20962,0.403877,0.6542,0.7636,0.9458,0.08
u6915,0.014,14.2277,-5.26983,5.78326,-0.320858,1.68235,0.63853,0.7048,0.7762,0.8952,0.08
u6916,0.014,-3.68091,-18.5083,-0.650847,-0.177732,0.681909,0.26214,0.6567,0.7642,0.9433,0.08
u6917,0.014,16.7523,-2.01103,-6.89557,-1.54673,0.255519,-0.637664,0.6686,0.7671,0.9314,0.08
u6918,0.014,13.2044,7.77593,-7.90789,-0.945712,1.07026,0.234863,0.6865,0.7716,0.9135,0.08
u6919,0.014,-0.550943,-14.1125,9.86732,-0.563813,0.716262,0.477954,0.6868,0.7717,0.9132,0.08
u6920,0.014,2.02975,5.00144,5.89627,0.263557,0.541222,-0.950327,0.8547,0.8137,0.7453,0.08
u6921,0.014,1.89231,-11.9011,1.52903,0.969379,1.18917,-0.534742,0.7791,0.7948,0.8209,0.08
u6922,0.014,18.6044,-8.96521,-5.51902,-0.404551,-1.23316,0.941007,0.6113,0.7528,0.9887,0.08
u6923,0.014,-5.90354,-15.2148,-7.65143,-0.0851031,0.791121,0.935184,0.6723,0.7681,0.9277,0.08
u6924,0.014,2.862,-10.0151,-12.516,1.06005,-1.09281,0.748458,0.7039,0.776,0.8961,0.08
u6925,0.014,-14.427,14.5833,2.49276,-1.04863,0.917053,0.102108,0.6243,0.7561,0.9757,0.08
u6926,0.014,-1.96623,2.84947,-0.756229,1.27371,-1.67866,0.746472,0.9356,0.8339,0.6644,0.08
u6927,0.014,2.45201,-10.2547,-11.0352,-0.349365,0.312974,-0.0848517,0.7225,0.7806,0.8775,0.08
u6928,0.014,3.21852,-0.863355,3.27561,1.03782,-0.0896881,-0.232991,0.915,0.8288,0.685,0.08
u6929,0.014,-5.84426,-8.6307,6.67562,1.786,-0.313631,-0.0718469,0.775,0.7937,0.825,0.08
u6930,0.014,0.763084,-3.9129,-8.81639,-0.830768,-1.05324,-0.329571,0.8241,0.806,0.7759,0.08
u6931,0.014,0.904157,-11.9476,13.0757,0.604115,0.848164,0.731305,0.6775,0.7694,0.9225,0.08
u6932,0.014,-1.82748,-3.00757,9.91439,-0.710232,-1.57153,-1.52005,0.8087,0.8022,0.7913,0.08
u6933,0.014,2.16779,-1.55387,14.9737,0.271506,-0.0849718,0.305383,0.7235,0.7809,0.8765,0.08
u6934,0.014,-16.0509,-2.12868,10.2746,0.746787,-1.57416,0.912859,0.6513,0.7628,0.9487,0.08
u6935,0.014,15.1901,-3.13299,-5.0507,1.32927,1.53412,-0.154491,0.7034,0.7759,0.8966,0.08
u6936,0.014,5.36471,-7.4264,-4.922,-0.0361753,1.13247,-0.39553,0.8109,0.8027,0.7891,0.08
u6937,0.014,1.43763,19.4276,3.23215,-1.11974,0.946015,-0.0268979,0.641,0.7602,0.959,0.08
u6938,0.014,5.10943,-5.79488,-4.81067,-0.451793,-0.550894,-0.441159,0.8345,0.8086,0.7655,0.08
u6939,0.014,-10.3514,-7.46269,-4.95805,1.16325,-0.25169,-0.25673,0.7511,0.7878,0.8489,0.08
u6940,0.014,3.59097,6.86962,-14.6313,0.782961,-1.85169,-0.268727,0.6989,0.7747,0.9011,0.08
u6941,0.014,4.92801,16.0832,-1.63129,-0.405334,0.748855,-0.469658,0.6927,0.7732,0.9073,0.08
u6942,0.014,16.5777,7.16112,9.07868,-0.477404,0.625554,-0.30102,0.6325,0.7581,0.9675,0.08
u6943,0.014,-8.7857,12.6763,8.45186,-0.60847,0.792156,0.443801,0.6802,0.7701,0.9198,0.08
u6944,0.014,-3.61345,-1.9686,-13.9441,-1.32298,-0.670264,0.777262,0.7357,0.7839,0.8643,0.08
u6945,0.014,1.51434,-12.9906,-5.55641,1.71607,-1.31664,0.291672,0.7416,0.7854,0.8584,0.08
u6946,0.014,-5.18994,-17.1842,-2.65071,0.08569,-0.835354,1.51618,0.6701,0.7675,0.9299,0.08
u6947,0.014,6.38928,14.2226,-6.62583,-0.698199,0.923722,-0.0587388,0.692,0.773,0.908,0.08
u6948,0.014,7.69457,18.4126,-4.15811,-1.54551,-0.0604555,-0.0385671,0.6294,0.7573,0.9706,0.08
u6949,0.014,0.963902,-10.4233,-11.8792,0.0170751,0.210265,-0.430094,0.7121,0.778,0.8879,0.08
u6950,0.014,3.7965,-4.93316,-12.0299,-0.0809575,1.25896,-0.242212,0.7537,0.7884,0.8463,0.08
u6951,0.014,-1.8948,-5.42175,-10.4289,1.77804,-0.74131,-0.576373,0.7835,0.7959,0.8165,0.08
u6952,0.014,-16.3598,-3.83672,-5.75423,0.447032,-0.992315,0.000154907,0.6771,0.7693,0.9229,0.08
u6953,0.014,-13.2046,-2.2524,-9.20669,-0.345204,-1.12898,0.737752,0.7045,0.7761,0.8955,0.08
u6954,0.014,-1.99591,2.55866,-8.48771,-0.711318,-0.298349,-0.812311,0.8348,0.8087,0.7652,0.08
u6955,0.014,-14.0946,1.53748,-8.53746,-0.135589,-1.17954,1.17524,0.6991,0.7748,0.9009,0.08
u6956,0.014,2.004,6.98235,3.71974,0.55991,-0.272244,-0.0624452,0.8516,0.8129,0.7484,0.08
u6957,0.014,-3.81971,5.26315,-9.1027,-0.398033,-0.213954,0.936521,0.7966,0.7991,0.8034,0.08
u6958,0.014,15.2033,8.40399,-3.77003,-1.19589,2.23918,-0.208574,0.6768,0.7692,0.9232,0.08
u6959,0.014,-8.3482,-10.4565,1.97262,0.368517,-1.24789,-0.355886,0.7541,0.7885,0.8459,0.08
u6960,0.014,1.47375,20.2066,-4.38836,-0.329372,0.609461,-0.686439,0.6231,0.7558,0.9769,0.08
u6961,0.014,-12.4543,-13.054,-2.7611,0.101331,1.13424,-1.16978,0.6681,0.767,0.9319,0.08
u6962,0.014,13.0904,-3.3209,-3.95529,0.643764,-0.575946,-0.776778,0.7441,0.786,0.8559,0.08
u6963,0.014,-1.42399,17.1239,8.00772,-0.426254,0.240541,0.165619,0.6553,0.7638,0.9447,0.08
u6964,0.014,-2.14094,-14.671,9.52256,0.901434,-0.670044,1.03096,0.6796,0.7699,0.9204,0.08
u6965,0.014,7.39039,9.30834,2.92802,0.334,0.777064,-0.5358,0.7774,0.7944,0.8226,0.08
u6966,0.014,14.4235,6.39402,5.68001,-0.127969,1.21685,-0.767725,0.6951,0.7738,0.9049,0.08
u6967,0.014,15.4976,-1.43022,3.30611,-0.344455,2.54573,-0.127185,0.7107,0.7777,0.8893,0.08
u6968,0.014,14.0676,-4.03464,-5.46775,0.154822,0.495317,0.468963,0.7159,0.779,0.8841,0.08
u6969,0.014,-5.20428,0.277143,-15.6796,0.678845,2.39205,1.29923,0.6996,0.7749,0.9004,0.08
u6970,0.014,5.72109,-8.64529,-11.5569,-0.157052,-0.64438,-0.243487,0.7177,0.7794,0.8823,0.08
u6971,0.014,-14.651,7.52973,0.435985,0.583156,-0.648103,0.670262,0.7004,0.7751,0.8996,0.08
u6972,0.014,14.3686,-3.17245,-9.46737,0.508885,0.80453,1.48383,0.6819,0.7705,0.9181,0.08
u6973,0.014,10.8485,-11.2945,-7.99875,1.2593,-0.321716,-0.388173,0.6803,0.7701,0.9197,0.08
u6974,0.014,3.91476,-6.15208,-12.3604,-0.759796,0.957248,0.900674,0.7391,0.7848,0.8609,0.08
u6975,0.014,-6.74882,-8.07326,-2.78904,1.93324,-1.8575,-1.04102,0.8021,0.8005,0.7979,0.08
u6976,0.014,-11.1595,0.922945,-9.01861,0.953385,0.281432,-0.0473555,0.7386,0.7846,0.8614,0.08
u6977,0.014,-6.16957,10.2059,-9.34765,-1.18322,-0.185452,-0.546091,0.7245,0.7811,0.8755,0.08
u6978,0.014,5.26341,0.0791,-8.01413,0.732336,-0.432477,0.876489,0.8257,0.8064,0.7743,0.08
u6979,0.014,7.90151,6.30739,-7.41187,-0.205094,-0.234122,0.764984,0.7721,0.793,0.8279,0.08
u6980,0.014,13.7631,0.231365,6.29935,0.212613,0.887747,-0.56296,0.7248,0.7812,0.8752,0.08
u6981,0.014,-5.43154,-14.0296,2.07281,0.356183,0.761078,-0.0263173,0.7239,0.781,0.8761,0.08
u6982,0.014,15.5545,-1.03782,9.01715,-0.165901,0.263084,0.899827,0.6726,0.7681,0.9274,0.08
u6983,0.014,-8.58871,5.89653,8.54794,-0.0594675,-1.51666,0.268471,0.755,0.7887,0.845,0.08
u6984,0.014,12.1864,16.5419,-3.31936,-0.900109,1.12612,0.336985,0.6216,0.7554,0.9784,0.08
u6985,0.014,-14.6116,-2.37865,5.96476,1.73903,-0.905047,2.49036,0.7098,0.7775,0.8902,0.08
u6986,0.014,-19.2633,3.89458,0.80948,-0.115482,-1.30311,0.40145,0.6424,0.7606,0.9576,0.08
u6987,0.014,12.9678,7.92107,9.45227,-0.101521,0.53092,-1.04475,0.6746,0.7687,0.9254,0.08
u6988,0.014,-18.4164,5.47623,4.6515,-0.283117,-0.729352,1.33554,0.6406,0.7601,0.9594,0.08
u6989,0.014,-19.8286,3.45891,2.82107,-0.157397,-1.80123,1.06371,0.6305,0.7576,0.9695,0.08
u6990,0.014,-1.74512,-4.17296,16.1278,0.747661,-0.360321,-0.853883,0.6955,0.7739,0.9045,0.08
u6991,0.014,-17.8999,-1.36122,-4.25886,-1.39983,1.01973,-0.207546,0.6645,0.7661,0.9355,0.08
u6992,0.014,13.3494,-15.6242,-2.83265,0.501515,0.742433,0.462423,0.6228,0.7557,0.9772,0.08
u6993,0.014,9.77348,5.214,4.23338,-0.165517,1.33326,0.347763,0.7844,0.7961,0.8156,0.08
u6994,0.014,4.45282,-2.18745,12.6341,0.255267,-0.385144,-1.309,0.7532,0.7883,0.8468,0.08
u6995,0.014,5.69473,6.03007,7.96067,0.251274,1.38577,0.0163707,0.791,0.7977,0.809,0.08
u6996,0.014,5.01196,-14.1616,-0.637747,1.01229,0.184842,-1.23685,0.7266,0.7817,0.8734,0.08
u6997,0.014,-16.5835,-6.80124,8.7766,-0.13227,-1.71732,1.9264,0.6371,0.7593,0.9629,0.08
u6998,0.014,-4.47718,-3.99731,5.41141,-0.117852,-0.43887,-0.562773,0.8531,0.8133,0.7469,0.08
u6999,0.014,-9.07315,-2.20119,3.31919,0.152977,0.563081,-0.361558,0.8198,0.805,0.7802,0.08
u7000,0.014,-17.3937,-5.79563,2.36021,0.327031,0.0777869,-0.109778,0.6639,0.766,0.9361,0.08
u7001,0.014,-14.057,-15.048,1.55577,0.506965,0.715095,0.76736,0.6245,0.7561,0.9755,0.08
u7002,0.014,16.6556,8.23404,2.83595,-1.29656,-0.662953,0.248131,0.6583,0.7646,0.9417,0.08
u7003,0.014,-0.844356,16.9564,-2.71832,-2.22114,1.12349,0.543081,0.6874,0.7718,0.9126,0.08
u7004,0.014,6.86339,8.54203,-12.6251,0.782497,0.53938,0.489687,0.6961,0.774,0.9039,0.08
u7005,0.014,-4.21882,-3.16824,-8.59186,0.980958,0.124276,-0.230695,0.8167,0.8042,0.7833,0.08
u7006,0.014,-4.47572,-16.2245,-3.34557,0.82653,0.940973,0.152934,0.688,0.772,0.912,0.08
u7007,0.014,10.758,7.83014,-7.75736,-0.0865517,0.416311,-1.17226,0.72,0.78,0.88,0.08
u7008,0.014,0.640877,-8.57452,-8.00873,1.0394,0.471479,0.623781,0.7864,0.7966,0.8136,0.08
u7009,0.014,-4.4476,15.1035,3.84504,-1.03164,-0.822673,0.294708,0.7053,0.7763,0.8947,0.08
u7010,0.014,-9.19735,0.643936,3.96305,-0.66846,-2.22667,-0.675304,0.8175,0.8044,0.7825,0.08
u7011,0.014,-17.0846,-5.21654,-8.3534,-0.0573383,0.734256,0.188031,0.6415,0.7604,0.9585,0.08
u7012,0.014,2.39682,21.1376,3.13262,-0.507794,1.64278,-0.638556,0.609,0.7523,0.991,0.08
u7013,0.014,-16.1388,-3.89092,-4.64026,0.682343,1.77747,0.225583,0.6866,0.7716,0.9134,0.08
u7014,0.014,8.41884,9.22076,-3.26099,-1.24364,-0.874871,-0.106493,0.7654,0.7913,0.8346,0.08
u7015,0.014,-3.55275,11.086,-7.29036,-1.4474,-0.448516,0.340992,0.7503,0.7876,0.8497,0.08
u7016,0.014,2.77519,-18.6727,0.207722,1.02498,0.568751,-0.109497,0.6567,0.7642,0.9433,0.08
u7017,0.014,11.9295,-11.4081,-5.52816,2.28016,1.17203,-0.319069,0.6835,0.7709,0.9165,0.08
u7018,0.014,1.25809,-19.9506,4.74206,0.0830988,-0.737212,-0.300459,0.6265,0.7566,0.9735,0.08
u7019,0.014,-4.86118,-5.05817,-12.8153,0.472466,0.833462,-1.8166,0.7344,0.7836,0.8656,0.08
u7020,0.014,-8.71281,3.03541,4.43131,0.691576,0.307245,-0.525427,0.8139,0.8035,0.7861,0.08
u7021,0.014,-10.1997,2.59156,6.43441,-0.0251667,-0.86636,-0.415643,0.7757,0.7939,0.8243,0.08
u7022,0.014,-4.73293,4.18964,-4.70929,0.814147,-0.65164,-0.897059,0.8567,0.8142,0.7433,0.08
u7023,0.014,10.8325,-4.17892,-0.368055,0.145691,-0.97066,-0.172263,0.7888,0.7972,0.8112,0.08
u7024,0.014,-21.0782,4.23027,-1.89483,-1.01844,0.111289,0.275832,0.6076,0.7519,0.9924,0.08
u7025,0.014,4.87796,2.77335,7.14377,-0.273092,0.387199,-0.919961,0.8348,0.8087,0.7652,0.08
u7026,0.014,-11.5058,10.929,-9.50989,-1.65316,-0.90594,-0.417891,0.6636,0.7659,0.9364,0.08
u7027,0.014,-0.304063,8.78175,7.73413,0.459066,0.803127,-0.445581,0.7872,0.7968,0.8128,0.08
u7028,0.014,3.43031,14.3846,-8.39546,-1.37347,0.722272,-0.545893,0.6908,0.7727,0.9092,0.08
u7029,0.014,1.53068,-0.920171,8.39331,0.567143,2.0287,-2.32556,0.844,0.811,0.756,0.08
u7030,0.014,-4.48223,-5.52435,-3.6599,0.703514,-1.13428,-1.05879,0.8545,0.8136,0.7455,0.08
u7031,0.014,-10.2959,-6.48588,1.04055,1.15103,-0.496516,-1.14535,0.7779,0.7945,0.8221,0.08
u7032,0.014,6.06223,12.9802,-9.62478,-0.338379,0.781321,0.0405396,0.6862,0.7716,0.9138,0.08
u7033,0.014,-9.47258,-18.2728,5.36937,-0.157657,-0.548199,-1.69981,0.6133,0.7533,0.9867,0.08
u7034,0.014,-19.9142,3.3316,6.14108,-0.438602,-2.20927,-0.0154257,0.6163,0.7541,0.9837,0.08
u7035,0.014,-10.0441,-13.2036,0.0620801,0.0367977,-1.54105,1.47795,0.6984,0.7746,0.9016,0.08
u7036,0.014,-2.92237,-6.64361,-0.0985704,1.43853,-0.103874,0.269991,0.868,0.817,0.732,0.08
u7037,0.014,17.3772,1.76359,-2.99605,-0.374883,0.161317,0.331791,0.6778,0.7694,0.9222,0.08
u7038,0.014,-4.74063,7.52747,12.8514,-1.67159,-0.63178,0.316084,0.7158,0.779,0.8842,0.08
u7039,0.014,3.39174,0.864604,0.573108,0.107149,0.656378,-0.111706,0.9355,0.8339,0.6645,0.08
u7040,0.014,-16.0579,7.24648,4.95725,0.284803,-1.61588,1.48681,0.6672,0.7668,0.9328,0.08
u7041,0.014,13.9762,-14.6428,-0.919667,1.4212,0.509501,-0.142686,0.6316,0.7579,0.9684,0.08
u7042,0.014,-9.93631,-12.2414,10.3838,1.68319,0.597816,-1.96155,0.6568,0.7642,0.9432,0.08
u7043,0.014,-6.88132,-0.699463,5.80296,-0.516332,-1.68193,-0.806024,0.8358,0.809,0.7642,0.08
u7044,0.014,10.3035,-12.933,5.85378,0.930183,1.37168,0.0544412,0.6811,0.7703,0.9189,0.08
u7045,0.014,3.39077,9.23413,4.6891,0.395291,0.192096,-0.72215,0.8019,0.8005,0.7981,0.08
u7046,0.014,-1.44605,0.434205,1.66269,0.444707,-0.502971,-0.0633279,0.9592,0.8398,0.6408,0.08
u7047,0.014,-14.2145,-16.6954,0.527244,2.60836,-0.245926,0.465644,0.6012,0.7503,0.9988,0.08
u7048,0.014,-17.7309,5.38974,6.71874,-0.909816,-2.10291,0.756955,0.6416,0.7604,0.9584,0.08
u7049,0.014,20.4905,-3.72938,0.860783,0.0361827,1.7519,1.37347,0.621,0.7553,0.979,0.08
u7050,0.014,-0.863909,-10.2227,-5.12644,1.50621,-0.571179,-0.844168,0.7915,0.7979,0.8085,0.08
u7051,0.014,-3.51347,16.1375,0.578293,-1.16959,0.228227,-0.628839,0.6995,0.7749,0.9005,0.08
u7052,0.014,-1.63363,9.3535,9.77279,-0.0981578,0.334631,0.189042,0.7523,0.7881,0.8477,0.08
u7053,0.014,19.4133,-0.642866,0.473482,0.0993638,1.09199,0.135246,0.6467,0.7617,0.9533,0.08
u7054,0.014,-16.0317,-2.69749,1.60837,-0.203586,-0.853956,-0.917707,0.703,0.7757,0.897,0.08
u7055,0.014,-8.4778,-8.31644,4.37056,0.064466,0.861361,0.328764,0.7699,0.7925,0.8301,0.08
u7056,0.014,8.88063,14.5917,-4.98614,-2.29834,1.70909,-0.339337,0.6765,0.7691,0.9235,0.08
u7057,0.014,10.05,9.09726,5.4676,0.307893,0.0665081,-0.939055,0.7342,0.7836,0.8658,0.08
u7058,0.014,3.27861,-6.68668,-5.95778,1.36553,-0.784507,-1.25292,0.8266,0.8066,0.7734,0.08
u7059,0.014,-5.23221,-3.96386,-15.7204,0.980125,1.91432,0.0942035,0.6903,0.7726,0.9097,0.08
u7060,0.014,-2.90298,20.5454,3.74869,-1.136,0.512137,0.634204,0.6166,0.7542,0.9834,0.08
u7061,0.014,-11.1634,-13.686,5.32526,-0.41669,-0.13414,-0.49383,0.6646,0.7662,0.9354,0.08
u7062,0.014,1.24334,-7.73174,-2.01349,-0.391327,0.0907119,-0.735407,0.853,0.8132,0.747,0.08
u7063,0.014,1.66466,8.80902,-2.96674,0.910859,-0.288585,-0.97625,0.8283,0.8071,0.7717,0.08
u7064,0.014,14.5074,-2.90187,-4.05506,0.0401683,-0.0257424,-0.0357838,0.7211,0.7803,0.8789,0.08
u7065,0.014,4.77727,-7.09737,-2.02622,1.27636,-0.240555,0.482963,0.8401,0.81,0.7599,0.08
u7066,0.014,-6.05327,11.739,-0.124867,0.058764,0.0811835,0.0337423,0.7598,0.79,0.8402,0.08
u7067,0.014,20.7071,5.84441,-3.16631,1.05734,1.04767,0.876484,0.6046,0.7511,0.9954,0.08
u7068,0.014,7.9437,-1.38141,-11.9225,1.70244,0.271253,-0.11023,0.7383,0.7846,0.8617,0.08
u7069,0.014,10.9999,-1.0851,4.40646,-0.370106,-0.412162,0.634009,0.7836,0.7959,0.8164,0.08
u7070,0.014,-8.83344,2.09426,-9.08136,0.75895,0.58803,-0.426801,0.7665,0.7916,0.8335,0.08
u7071,0.014,-6.30231,-14.8776,7.91875,-0.131227,-0.236049,0.358468,0.6728,0.7682,0.9272,0.08
u7072,0.014,3.02948,14.3984,5.94361,0.292752,-1.09084,0.828316,0.7115,0.7779,0.8885,0.08
u7073,0.014,-2.92986,5.6608,0.28789,-0.450182,0.99638,-0.381454,0.884,0.821,0.716,0.08
u7074,0.014,-9.51901,18.4006,-2.58956,-0.986718,-0.838893,-1.83577,0.6204,0.7551,0.9796,0.08
u7075,0.014,3.29388,-7.11274,-13.1961,-0.0568468,0.436393,-0.797336,0.7209,0.7802,0.8791,0.08
u7076,0.014,13.1865,-14.6505,2.26532,1.74211,0.148194,-0.168683,0.6393,0.7598,0.9607,0.08
u7077,0.014,-1.27958,-0.614647,-9.48618,0.335991,-0.198715,-0.48948,0.8256,0.8064,0.7744,0.08
u7078,0.014,9.15107,6.53504,11.8044,-0.181983,-1.76844,0.600457,0.7036,0.7759,0.8964,0.08
u7079,0.014,1.07178,1.71081,-8.99102,-0.248783,-0.572245,0.851417,0.8325,0.8081,0.7675,0.08
u7080,0.014,15.7957,0.406795,-8.73657,0.845387,0.724712,0.613695,0.6717,0.7679,0.9283,0.08
u7081,0.014,-1.33771,-2.8552,-8.05284,-0.335289,-1.2962,-0.467824,0.8428,0.8107,0.7572,0.08
u7082,0.014,9.2653,-14.5245,-1.71687,0.66798,0.731966,-0.474701,0.6852,0.7713,0.9148,0.08
u7083,0.014,-8.21323,0.172725,14.8921,1.04103,-0.478086,0.17719,0.6908,0.7727,0.9092,0.08
u7084,0.014,5.03552,-10.2382,-6.46286,0.991147,-1.32368,0.795104,0.7616,0.7904,0.8384,0.08
u7085,0.014,10.6958,2.1953,5.3738,0.940776,1.71578,-0.981423,0.7787,0.7947,0.8213,0.08
u7086,0.014,-0.494061,-10.6866,5.86718,0.93023,0.9787,-1.13749,0.7782,0.7945,0.8218,0.08
u7087,0.014,-15.1008,6.82508,0.505975,-0.927107,-0.369834,0.18559,0.6986,0.7746,0.9014,0.08
u7088,0.014,-13.7495,-3.67261,2.74489,-0.0210529,-1.73356,0.369643,0.7365,0.7841,0.8635,0.08
u7089,0.014,1.35254,-2.33305,1.32856,-0.182431,0.510057,-0.869678,0.9453,0.8363,0.6547,0.08
u7090,0.014,-11.2675,3.44052,-5.2002,1.79383,-2.11357,-1.46747,0.7659,0.7915,0.8341,0.08
u7091,0.014,0.152151,0.222175,12.7608,-2.02554,-0.481446,0.372324,0.7679,0.792,0.8321,0.08
u7092,0.014,15.6546,1.24476,-3.58117,-0.390067,2.00772,0.0702084,0.7071,0.7768,0.8929,0.08
u7093,0.014,10.8534,-2.90214,12.9978,1.63537,1.17664,0.118908,0.6876,0.7719,0.9124,0.08
u7094,0.014,10.5541,-6.38534,-7.68657,1.13561,0.967834,0.459379,0.7357,0.7839,0.8643,0.08
u7095,0.014,7.09912,-2.80326,-14.3989,1.21116,1.8825,0.888251,0.7037,0.7759,0.8963,0.08
u7096,0.014,-11.0379,13.3993,1.93285,-1.48335,-0.885784,-1.10378,0.6824,0.7706,0.9176,0.08
u7097,0.014,-5.40744,-3.99739,3.51272,-0.621842,0.0917079,1.01804,0.8621,0.8155,0.7379,0.08
u7098,0.014,6.11823,-14.1529,-2.63023,0.268015,0.924561,0.498699,0.7156,0.7789,0.8844,0.08
u7099,0.014,6.80294,10.6835,-5.89349,-0.77949,-0.754993,-0.769341,0.746,0.7865,0.854,0.08
u7100,0.014,5.17782,-0.285545,12.3613,-0.106833,-0.424043,0.362764,0.7563,0.7891,0.8437,0.08
u7101,0.014,5.39758,15.2172,10.696,-1.74683,0.304815,0.376595,0.6479,0.762,0.9521,0.08
u7102,0.014,12.1128,-6.97025,9.17926,1.69038,1.77987,-0.584313,0.696,0.774,0.904,0.08
u7103,0.014,2.90691,-8.18265,2.57012,-1.1632,-0.911271,-0.323604,0.8353,0.8088,0.7647,0.08
u7104,0.014,10.5131,-10.5135,7.4884,-1.02598,0.371323,-1.83182,0.6973,0.7743,0.9027,0.08
u7105,0.014,10.3432,11.0319,0.463723,-2.18309,-0.236284,0.746445,0.7249,0.7812,0.8751,0.08
u7106,0.014,16.6405,0.466799,10.5248,-0.465417,2.42415,1.05635,0.6419,0.7605,0.9581,0.08
u7107,0.014,12.5912,3.92247,7.98523,-1.08389,0.682929,-0.114897,0.7197,0.7799,0.8803,0.08
u7108,0.014,3.95936,-17.7453,8.32943,1.22089,0.372943,0.575909,0.6364,0.7591,0.9636,0.08
u7109,0.014,13.5724,-11.107,-0.65818,0.299019,1.18351,-0.971558,0.6809,0.7702,0.9191,0.08
u7110,0.014,6.83128,0.107027,-1.79652,-0.0499561,0.586809,-0.1982,0.8716,0.8179,0.7284,0.08
u7111,0.014,1.15272,-11.2569,7.84247,0.3273,-0.0943866,-0.493298,0.7497,0.7874,0.8503,0.08
u7112,0.014,-11.0051,13.6572,6.91241,-0.939716,-1.42886,0.0362312,0.6572,0.7643,0.9428,0.08
u7113,0.014,-11.0583,13.4615,-4.46484,0.885811,-0.29286,-1.33266,0.673,0.7683,0.927,0.08
u7114,0.014,13.7079,-11.9915,-8.01781,0.714213,1.38092,-0.970277,0.6382,0.7595,0.9618,0.08
u7115,0.014,0.961208,-9.42598,-3.6635,1.23536,0.684268,-0.333577,0.8153,0.8038,0.7847,0.08
u7116,0.014,7.53399,-2.36242,14.6825,-0.918105,2.30186,0.625401,0.6969,0.7742,0.9031,0.08
u7117,0.014,6.96647,-0.383025,13.5022,0.232672,-1.11781,-0.891939,0.7237,0.7809,0.8763,0.08
u7118,0.014,16.8486,11.6853,0.168439,0.259522,1.80956,0.934458,0.6272,0.7568,0.9728,0.08
u7119,0.014,18.8728,-9.80118,-2.86009,1.22384,0.19342,1.56004,0.6099,0.7525,0.9901,0.08
u7120,0.014,-4.23906,0.756741,-8.00614,-0.594891,-0.872589,0.757039,0.8347,0.8087,0.7653,0.08
u7121,0.014,10.5766,-0.739118,5.64114,0.695316,1.11806,-0.450535,0.7816,0.7954,0.8184,0.08
u7122,0.014,7.99108,11.0869,-5.63187,0.199247,2.12121,-0.0213417,0.7312,0.7828,0.8688,0.08
u7123,0.014,8.03977,6.00858,-11.0615,-0.628261,0.38712,0.949888,0.7284,0.7821,0.8716,0.08
u7124,0.014,6.53887,-3.76581,10.5275,0.32279,0.305096,0.214772,0.7645,0.7911,0.8355,0.08
u7125,0.014,-2.17943,-0.626519,-15.4969,-0.691462,-0.976993,0.883392,0.7152,0.7788,0.8848,0.08
u7126,0.014,10.1607,-2.25217,-12.7188,0.557499,2.39277,0.535481,0.7012,0.7753,0.8988,0.08
u7127,0.014,-2.94681,10.6377,13.9293,-2.27215,0.888322,0.466222,0.6769,0.7692,0.9231,0.08
u7128,0.014,-5.32307,-9.02492,-3.13327,0.159194,-0.215855,1.84612,0.8012,0.8003,0.7988,0.08
u7129,0.014,-0.631867,-8.60752,14.7981,-0.421069,-1.13509,-0.959391,0.6885,0.7721,0.9115,0.08
u7130,0.014,-8.62868,-2.92581,-6.58839,0.878987,-0.163166,-0.482189,0.7956,0.7989,0.8044,0.08
u7131,0.014,-2.03814,-14.417,-6.27575,0.861985,-0.614015,-0.696681,0.7117,0.7779,0.8883,0.08
u7132,0.014,-13.1112,14.9002,2.01243,-0.721993,-0.561186,0.140058,0.6373,0.7593,0.9627,0.08
u7133,0.014,-5.17095,-5.0689,-15.5098,0.3723,-0.836699,1.37742,0.6888,0.7722,0.9112,0.08
u7134,0.014,-4.09291,-8.8948,7.5765,0.724458,-1.08187,0.688255,0.7749,0.7937,0.8251,0.08
u7135,0.014,-0.449703,-7.79293,-3.33434,1.4509,0.122612,-1.10965,0.8457,0.8114,0.7543,0.08
u7136,0.014,-3.49446,-1.71766,14.7742,-0.521486,0.241101,-0.358554,0.7222,0.7806,0.8778,0.08
u7137,0.014,-0.734354,-13.5284,3.69527,1.19877,-0.135418,-0.561463,0.7447,0.7862,0.8553,0.08
u7138,0.014,-11.9355,9.12718,-5.90588,-0.349436,-1.30731,-0.18812,0.7065,0.7766,0.8935,0.08
u7139,0.014,0.717431,-17.6301,1.5509,0.414171,0.736194,1.0385,0.678,0.7695,0.922,0.08
u7140,0.014,-20.1898,-4.93995,2.03096,0.456576,0.122433,-0.102851,0.6203,0.7551,0.9797,0.08
u7141,0.014,6.0091,-15.9814,-0.506312,-0.115275,-0.053996,1.62903,0.6894,0.7724,0.9106,0.08
u7142,0.014,4.12228,2.2083,-12.575,-0.156885,-0.851998,-1.14637,0.7561,0.789,0.8439,0.08
u7143,0.014,0.0429484,9.349,-10.9262,-0.866957,-1.17352,0.675613,0.7385,0.7846,0.8615,0.08
u7144,0.014,9.62787,-9.12791,-12.3893,1.95586,0.215595,0.546151,0.67,0.7675,0.93,0.08
u7145,0.014,17.3312,0.905585,0.568429,-0.687861,0.832531,1.07858,0.6843,0.7711,0.9157,0.08
u7146,0.014,4.61248,-5.43584,3.45955,-0.079241,0.931306,-0.766378,0.8559,0.814,0.7441,0.08
u7147,0.014,18.2135,-3.48058,-6.03578,-0.969646,0.429277,-0.159286,0.6454,0.7614,0.9546,0.08
u7148,0.014,-8.04543,16.6567,-2.4381,-1.3351,0.325906,-0.522237,0.6608,0.7652,0.9392,0.08
u7149,0.014,-4.99336,-19.7244,-2.99703,0.855582,0.718069,0.969383,0.6261,0.7565,0.9739,0.08
u7150,0.014,-5.18359,-8.04153,-9.67767,1.06417,1.44465,0.170386,0.7526,0.7881,0.8474,0.08
u7151,0.014,-4.41496,5.06669,-8.08557,0.410167,-0.824999,1.35395,0.8088,0.8022,0.7912,0.08
u7152,0.014,17.3206,0.158287,1.43175,0.597833,-0.581557,0.0831395,0.684,0.771,0.916,0.08
u7153,0.014,12.8798,-10.7875,-7.57095,0.33015,-1.02405,1.03119,0.665,0.7662,0.935,0.08
u7154,0.014,-6.05262,-13.9971,-5.06506,0.950834,-0.623814,-0.723455,0.7078,0.777,0.8922,0.08
u7155,0.014,-8.16197,-0.28508,-13.8137,-0.392737,-0.570353,1.40559,0.7082,0.7771,0.8918,0.08
u7156,0.014,11.7741,6.10077,-12.6689,0.85108,0.685946,0.878763,0.6665,0.7666,0.9335,0.08
u7157,0.014,-16.4876,8.60653,1.60841,-0.396542,-0.65471,0.774171,0.6606,0.7651,0.9394,0.08
u7158,0.014,-3.26584,-4.58882,7.68746,-0.777459,-0.4614,0.343556,0.8267,0.8067,0.7733,0.08
u7159,0.014,9.02717,13.5893,3.33398,0.444341,0.119016,1.01889,0.6972,0.7743,0.9028,0.08
u7160,0.014,-7.05004,-13.9959,-4.00067,0.20613,0.0631599,-1.1995,0.7059,0.7765,0.8941,0.08
u7161,0.014,-9.37614,-5.86364,7.05223,0.552202,-1.11565,-1.68107,0.7615,0.7904,0.8385,0.08
u7162,0.014,8.85828,-6.1315,13.8358,-0.10415,-0.0985473,-1.51533,0.6812,0.7703,0.9188,0.08
u7163,0.014,-14.4148,-4.7706,-11.4386,0.46643,-2.55769,-0.147629,0.6544,0.7636,0.9456,0.08
u7164,0.014,5.1828,6.74199,-1.17806,-0.158002,1.81461,-1.32174,0.8439,0.811,0.7561,0.08
u7165,0.014,-4.01072,20.6427,3.68167,-1.99938,-0.186325,0.830763,0.6118,0.753,0.9882,0.08
u7166,0.014,6.93663,12.9858,2.80747,-1.38614,0.514249,-0.226293,0.7275,0.7819,0.8725,0.08
u7167,0.014,-4.98563,-2.14735,9.36727,0.733977,-0.846161,0.102472,0.8032,0.8008,0.7968,0.08
u7168,0.014,10.5988,13.3249,-2.3725,-0.0346864,-0.141933,-2.005,0.6874,0.7719,0.9126,0.08
u7169,0.014,6.00953,4.08245,-7.35744,0.581516,1.60173,-0.00714621,0.812,0.803,0.788,0.08
u7170,0.014,-7.3026,-1.30653,-9.6414,0.125986,0.873158,0.695699,0.7788,0.7947,0.8212,0.08
u7171,0.014,-3.247,-11.0159,-11.1364,-0.0723464,0.9734,1.46652,0.7091,0.7773,0.8909,0.08
u7172,0.014,7.17177,9.81799,-10.9669,-0.376158,0.388609,-0.396537,0.7023,0.7756,0.8977,0.08
u7173,0.014,-21.2699,1.97794,2.02063,-0.174996,0.197166,0.527441,0.6099,0.7525,0.9901,0.08
u7174,0.014,-7.51031,7.51929,-8.68363,-0.655515,-1.13589,0.854631,0.7505,0.7876,0.8495,0.08
u7175,0.014,-5.90822,-13.2433,4.79119,0.126382,0.119447,0.486231,0.7223,0.7806,0.8777,0.08
u7176,0.014,8.77447,1.70514,9.52539,-2.93634,0.598039,-1.43203,0.7625,0.7906,0.8375,0.08
u7177,0.014,-13.2777,9.87961,-3.8343,0.146605,-1.18576,1.04266,0.6911,0.7728,0.9089,0.08
u7178,0.014,20.0596,2.78758,-1.57625,0.558201,0.838843,-0.728231,0.6307,0.7577,0.9693,0.08
u7179,0.014,-0.48806,12.0035,-2.24632,-1.67137,-2.35545,-1.48828,0.7778,0.7944,0.8222,0.08
u7180,0.014,8.35713,-6.63301,2.65737,0.752487,0.110179,0.37687,0.8001,0.8,0.7999,0.08
u7181,0.014,-20.7244,-6.64184,-0.941276,1.39582,-1.32386,0.200566,0.6039,0.751,0.9961,0.08
u7182,0.014,-0.351209,-17.9523,1.08567,0.665771,1.40701,-0.105476,0.6729,0.7682,0.9271,0.08
u7183,0.014,-6.90895,10.8808,-6.80418,0.467451,-0.262127,0.304643,0.735,0.7838,0.865,0.08
u7184,0.014,2.6819,-6.27746,1.38622,-0.155332,-0.176911,-1.69609,0.8734,0.8183,0.7266,0.08
u7185,0.014,-13.9209,-8.36752,6.90736,0.00484213,-1.85191,0.773243,0.6791,0.7698,0.9209,0.08
u7186,0.014,-14.0377,6.11689,4.28208,0.136981,-1.68859,1.03736,0.7109,0.7777,0.8891,0.08
u7187,0.014,-8.87051,-12.5122,10.2918,-0.681688,0.149234,-0.205791,0.6642,0.766,0.9358,0.08
u7188,0.014,1.27393,8.85012,-2.94551,-0.627486,-0.48246,0.477599,0.8288,0.8072,0.7712,0.08
u7189,0.014,7.03085,6.51766,-4.16484,-0.529631,0.897822,0.991527,0.81,0.8025,0.79,0.08
u7190,0.014,14.3809,4.4806,-9.93261,-0.834665,1.21302,-1.22943,0.6719,0.768,0.9281,0.08
u7191,0.014,6.39897,-16.9099,6.21508,0.842611,0.379549,0.346011,0.6524,0.7631,0.9476,0.08
u7192,0.014,-1.91072,-10.9309,5.11294,0.73413,-0.207755,0.847284,0.7779,0.7945,0.8221,0.08
u7193,0.014,-1.55239,21.5832,-1.99619,-0.548177,1.27604,-1.76618,0.6049,0.7512,0.9951,0.08
u7194,0.014,-1.94313,-12.4011,0.975553,1.66866,0.561999,0.125768,0.7711,0.7928,0.8289,0.08
u7195,0.014,6.94781,9.93996,-1.62045,1.28955,1.66701,-0.134265,0.7775,0.7944,0.8225,0.08
u7196,0.014,-6.68017,-0.778946,3.20504,-0.629232,-1.14128,-0.156497,0.8645,0.8161,0.7355,0.08
u7197,0.014,0.798559,10.963,4.37767,-1.12512,0.149547,1.21414,0.7849,0.7962,0.8151,0.08
u7198,0.014,-13.8881,4.56542,-5.05451,-0.625204,-0.591128,-0.342096,0.7188,0.7797,0.8812,0.08
u7199,0.014,10.9184,-1.22361,9.79534,-0.598468,-0.107529,-0.271353,0.7324,0.7831,0.8676,0.08
u7200,0.014,-14.4239,3.17255,4.4606,-0.00861724,-0.00858247,-0.779906,0.7195,0.7799,0.8805,0.08
u7201,0.014,2.58149,0.186424,0.213287,0.351037,-0.588081,0.527198,0.9528,0.8382,0.6472,0.08
u7202,0.014,8.12533,-3.54909,0.11796,-0.0033679,-0.53101,-0.83619,0.8388,0.8097,0.7612,0.08
u7203,0.014,7.81108,3.91947,-1.64105,-0.222759,1.50376,-0.407535,0.8383,0.8096,0.7617,0.08
u7204,0.014,19.457,-5.28471,-0.648765,0.0315783,0.531056,0.456216,0.6332,0.7583,0.9668,0.08
u7205,0.014,-18.3601,-4.21502,-1.85551,1.66998,-1.32682,-1.15624,0.6558,0.764,0.9442,0.08
u7206,0.014,-16.388,6.07234,-1.94774,0.956215,-1.83073,0.176947,0.6803,0.7701,0.9197,0.08
u7207,0.014,5.50006,-2.94421,3.65513,-0.44173,-0.113196,-0.91793,0.8685,0.8171,0.7315,0.08
u7208,0.014,12.1605,-0.859251,7.63013,0.156183,0.0165695,-0.829831,0.7385,0.7846,0.8615,0.08
u7209,0.014,8.92026,15.9122,7.61321,-0.575137,0.828888,-1.17442,0.6406,0.7602,0.9594,0.08
u7210,0.014,3.2485,3.04247,-15.9572,0.215157,-0.150616,-0.135049,0.6988,0.7747,0.9012,0.08
u7211,0.014,-18.3005,1.83549,-8.94774,0.948587,-0.8934,-0.937138,0.6281,0.757,0.9719,0.08
u7212,0.014,5.36726,-17.8705,7.09472,0.994881,0.115429,-0.641378,0.637,0.7593,0.963,0.08
u7213,0.014,-9.76984,7.22641,-13.4835,-1.00538,-0.256989,-0.660069,0.67,0.7675,0.93,0.08
u7214,0.014,1.88591,-21.1944,-1.44163,1.41246,-1.09841,0.199976,0.6122,0.7531,0.9878,0.08
u7215,0.014,-3.46077,8.63229,-1.83598,-0.857484,-1.06671,-0.664888,0.8276,0.8069,0.7724,0.08
u7216,0.014,-9.53489,2.63565,-2.20912,-0.213858,1.6075,0.895865,0.8157,0.8039,0.7843,0.08
u7217,0.014,-10.7948,2.59435,10.8842,1.17172,-0.174661,0.275889,0.7173,0.7793,0.8827,0.08
u7218,0.014,4.20807,-7.40158,-2.87091,-0.428761,0.593415,-0.345169,0.8366,0.8092,0.7634,0.08
u7219,0.014,6.87377,4.66127,2.23345,-0.236533,0.746034,-2.69243,0.8436,0.8109,0.7564,0.08
u7220,0.014,-6.52909,-9.18328,11.6906,0.0854048,-0.612601,0.39391,0.7048,0.7762,0.8952,0.08
u7221,0.014,10.3364,-11.3982,-2.56874,1.17243,1.29542,-0.16415,0.7164,0.7791,0.8836,0.08
u7222,0.014,10.5092,-10.6252,7.06134,0.136834,-0.5264,-0.582102,0.6995,0.7749,0.9005,0.08
u7223,0.014,-16.7619,-6.09241,-4.6569,-0.967666,-2.4458,-1.52737,0.6649,0.7662,0.9351,0.08
u7224,0.014,-6.39,5.46416,12.0182,0.309087,1.20995,1.16917,0.7333,0.7833,0.8667,0.08
u7225,0.014,10.3556,5.66021,3.96902,-1.18733,0.562896,-1.0983,0.7736,0.7934,0.8264,0.08
u7226,0.014,0.835918,18.8366,-3.62822,0.165888,0.0939392,-0.0943253,0.6509,0.7627,0.9491,0.08
u7227,0.014,-13.3809,7.82631,0.853437,-1.28458,-0.668903,-0.0929761,0.7177,0.7794,0.8823,0.08
u7228,0.014,-11.0367,6.22343,10.8419,-0.992301,-0.230011,0.497133,0.6968,0.7742,0.9032,0.08
u7229,0.014,-7.375,-9.18781,-2.28011,0.202319,-0.383511,0.521757,0.7818,0.7955,0.8182,0.08
u7230,0.014,15.433,-6.73851,-8.43136,0.193046,-0.269002,0.0532741,0.6576,0.7644,0.9424,0.08
u7231,0.014,12.2348,-9.6642,-5.79515,1.86192,-0.186979,0.664694,0.6976,0.7744,0.9024,0.08
u7232,0.014,-2.06213,2.29498,-2.20159,0.457742,-0.00239974,-1.48716,0.9311,0.8328,0.6689,0.08
u7233,0.014,9.11806,-8.06926,-6.22253,0.116736,1.13403,0.43702,0.7514,0.7878,0.8486,0.08
u7234,0.014,0.19407,-1.48658,-1.72107,1.14562,0.0685238,-1.46152,0.9585,0.8396,0.6415,0.08
u7235,0.014,9.02408,7.97485,-4.09131,-2.10606,-0.17732,1.00468,0.7687,0.7922,0.8313,0.08
u7236,0.014,-3.66145,-5.30174,13.9455,0.570711,-2.12042,1.12761,0.7207,0.7802,0.8793,0.08
u7237,0.014,12.4792,-1.859,-7.42391,0.334571,-0.363009,1.08444,0.7338,0.7835,0.8662,0.08
u7238,0.014,15.7944,-5.73655,6.00287,0.82192,1.23186,-0.0141785,0.6756,0.7689,0.9244,0.08
u7239,0.014,-7.75921,-2.80044,10.028,0.343317,-0.525443,1.5961,0.7639,0.791,0.8361,0.08
u7240,0.014,-14.8916,5.32828,-6.9961,-0.465705,-1.95191,-0.80044,0.6856,0.7714,0.9144,0.08
u7241,0.014,-4.13829,-2.3475,7.65473,-0.330944,-0.733073,0.861646,0.8361,0.809,0.7639,0.08
u7242,0.014,4.49622,14.1196,-9.41054,-0.921505,0.95791,-0.193387,0.6808,0.7702,0.9192,0.08
u7243,0.014,19.5862,-7.67644,0.767006,0.0289753,2.18353,0.704529,0.6173,0.7543,0.9827,0.08
u7244,0.014,11.3529,18.5674,1.75996,-1.4417,-0.224009,-0.328206,0.603,0.7508,0.997,0.08
u7245,0.014,-6.72871,-15.5863,4.28076,2.34114,1.19472,0.922854,0.6817,0.7704,0.9183,0.08
u7246,0.014,-21.4058,-4.41358,-0.968302,0.351804,-0.966832,-0.756382,0.6022,0.7506,0.9978,0.08
u7247,0.014,1.45246,-4.21432,5.84995,-0.602353,-0.504337,-1.74501,0.8663,0.8166,0.7337,0.08
u7248,0.014,10.6904,10.5483,-8.68542,-0.307641,1.91432,-0.347723,0.6846,0.7711,0.9154,0.08
u7249,0.014,16.8283,4.85379,-9.88602,-0.177498,1.50343,-0.482347,0.6343,0.7586,0.9657,0.08
u7250,0.014,-12.8433,-12.0488,-2.19424,0.674649,-1.75166,-0.655063,0.6773,0.7693,0.9227,0.08
u7251,0.014,2.04896,8.76587,0.217131,-0.243453,-0.311479,0.0688852,0.8363,0.8091,0.7637,0.08
u7252,0.014,-5.76674,-12.54,12.3771,2.25083,0.0870357,0.380767,0.6629,0.7657,0.9371,0.08
u7253,0.014,3.47712,6.37018,9.05608,0.67322,0.540931,0.666336,0.789,0.7972,0.811,0.08
u7254,0.014,13.9597,9.3141,8.40257,0.265762,0.235619,0.0548343,0.6588,0.7647,0.9412,0.08
u7255,0.014,12.964,-9.8714,-2.3416,-1.43269,1.51598,0.0078493,0.7007,0.7752,0.8993,0.08
u7256,0.014,1.2006,-17.0353,4.30285,1.13367,0.211707,0.353908,0.6798,0.7699,0.9202,0.08
u7257,0.014,7.87974,8.47038,-7.00949,-0.0567244,0.740779,0.638507,0.7541,0.7885,0.8459,0.08
u7258,0.014,-2.94321,-18.3921,-5.39488,1.24927,-0.58815,1.56838,0.6474,0.7619,0.9526,0.08
u7259,0.014,1.63637,-8.74114,1.98249,1.10188,-1.6056,0.364692,0.8343,0.8086,0.7657,0.08
u7260,0.014,-0.0241685,-1.50936,9.88167,-0.0611091,0.453283,0.732499,0.8182,0.8046,0.7818,0.08
u7261,0.014,0.893102,-12.6734,8.52543,0.390655,-0.4767,-0.365467,0.7218,0.7805,0.8782,0.08
u7262,0.014,-9.63751,-11.3562,-3.78639,-0.590647,0.0832338,0.506697,0.7206,0.7801,0.8794,0.08
u7263,0.014,13.449,3.22704,9.97574,0.418121,1.22972,0.0338997,0.6899,0.7725,0.9101,0.08
u7264,0.014,-5.66753,9.22323,8.02127,0.044349,-0.263429,-1.71218,0.755,0.7888,0.845,0.08
u7265,0.014,-2.2172,7.98574,-5.53523,-0.317056,-0.494745,1.25795,0.8188,0.8047,0.7812,0.08
u7266,0.014,-5.56846,0.139938,-6.04767,1.43555,-1.07323,0.195443,0.8505,0.8126,0.7495,0.08
u7267,0.014,8.09154,-6.56431,13.5453,-0.612216,0.248416,1.0565,0.6893,0.7723,0.9107,0.08
u7268,0.014,7.48683,-18.1696,-0.2925,0.921184,-0.392689,-0.932649,0.6427,0.7607,0.9573,0.08
u7269,0.014,-3.17277,-1.95555,13.5995,0.701522,-0.319694,1.15429,0.7436,0.7859,0.8564,0.08
u7270,0.014,-13.2327,-9.10808,5.61017,0.428373,-1.36485,0.906488,0.6906,0.7727,0.9094,0.08
u7271,0.014,4.95521,7.29575,2.36289,-0.391406,0.840423,-1.09948,0.834,0.8085,0.766,0.08
u7272,0.014,-9.99287,-17.582,-0.785808,0.848107,0.630158,1.49471,0.632,0.758,0.968,0.08
u7273,0.014,-5.26141,-3.94753,-15.151,0.542708,-0.746045,1.05415,0.6997,0.7749,0.9003,0.08
u7274,0.014,1.70362,6.56398,-15.2161,-0.8364,0.779884,0.209663,0.6971,0.7743,0.9029,0.08
u7275,0.014,8.75215,13.8241,10.2926,-0.301768,-1.35641,1.23951,0.6485,0.7621,0.9515,0.08
u7276,0.014,6.17664,-19.6736,-5.47816,2.8262,1.15113,-0.779228,0.6121,0.753,0.9879,0.08
u7277,0.014,9.4579,12.4249,-11.5059,0.0132801,0.244512,0.318973,0.6473,0.7618,0.9527,0.08
u7278,0.014,-18.8502,-5.91687,2.48881,-2.00712,-0.603766,1.15407,0.6379,0.7595,0.9621,0.08
u7279,0.014,-18.5486,-6.40077,-3.79423,-0.237471,-1.07988,-1.31656,0.6366,0.7592,0.9634,0.08
u7280,0.014,-16.6077,7.01854,0.696902,0.547043,-0.123447,1.43594,0.6719,0.768,0.9281,0.08
u7281,0.014,-8.5625,-2.25026,-0.0822097,0.808568,-1.29055,-0.879964,0.839,0.8098,0.761,0.08
u7282,0.014,1.84928,9.62803,12.1947,-1.17557,0.248462,-0.0130793,0.7155,0.7789,0.8845,0.08
u7283,0.014,-2.56539,-3.26261,-10.9567,1.65112,-0.79892,0.893569,0.787,0.7967,0.813,0.08
u7284,0.014,15.727,-0.941302,3.994,0.165363,1.13595,-0.5101,0.7045,0.7761,0.8955,0.08
u7285,0.014,18.4223,9.14141,0.0316032,-0.426916,0.966735,0.156998,0.6261,0.7565,0.9739,0.08
u7286,0.014,-13.97,5.55976,0.154004,0.0087071,-0.229298,1.48734,0.7266,0.7817,0.8734,0.08
u7287,0.014,4.78939,-1.91365,13.0352,0.372137,1.19166,0.821784,0.7451,0.7863,0.8549,0.08
u7288,0.014,1.13305,-11.5185,-1.62286,-0.156379,2.46771,-0.394608,0.7875,0.7969,0.8125,0.08
u7289,0.014,13.702,16.6797,-2.44223,0.537655,0.690049,0.0532865,0.605,0.7513,0.995,0.08
u7290,0.014,0.123569,-10.7956,-3.49978,0.0155062,0.229467,0.446139,0.7936,0.7984,0.8064,0.08
u7291,0.014,2.16534,-2.26161,-10.1696,-0.701009,-0.0636635,0.788387,0.8065,0.8016,0.7935,0.08
u7292,0.014,-14.7958,9.17812,-7.2821,0.172698,-0.112777,0.0816257,0.6569,0.7642,0.9431,0.08
u7293,0.014,12.9063,-8.9015,-4.65919,-0.0433872,0.0383279,0.269043,0.7026,0.7757,0.8974,0.08
u7294,0.014,-11.6632,-6.51267,-2.01063,0.602468,0.545751,0.868078,0.7544,0.7886,0.8456,0.08
u7295,0.014,-12.1083,14.7446,-3.31394,-0.728158,-1.16737,-0.277499,0.6479,0.762,0.9521,0.08
u7296,0.014,-13.8138,1.9578,-11.5581,1.03398,-0.699483,-0.0448671,0.6706,0.7676,0.9294,0.08
u7297,0.014,-14.884,3.37039,0.357308,0.180648,0.00454907,0.0853727,0.7225,0.7806,0.8775,0.08
u7298,0.014,19.0278,-4.79821,-1.04491,0.169228,1.24102,-0.352991,0.6427,0.7607,0.9573,0.08
u7299,0.014,3.83866,10.7652,8.95274,-0.150345,0.881193,0.614651,0.736,0.784,0.864,0.08
u7300,0.014,-7.37217,-8.9461,11.6388,-0.377321,0.142768,-0.793016,0.7013,0.7753,0.8987,0.08
u7301,0.014,-1.4432,3.70337,16.0486,-0.00898686,-0.365812,0.927856,0.6994,0.7748,0.9006,0.08
u7302,0.014,3.22964,-19.9619,0.426395,0.553072,-0.372712,0.412951,0.6323,0.7581,0.9677,0.08
u7303,0.014,1.78745,8.1236,-2.22132,-0.229438,0.363578,0.993189,0.8435,0.8109,0.7565,0.08
u7304,0.014,-8.69065,3.71812,-14.3256,-0.478872,0.313834,0.375318,0.6879,0.772,0.9121,0.08
u7305,0.014,10.6613,7.50471,12.8614,-0.131297,0.516084,-0.681642,0.667,0.7668,0.933,0.08
u7306,0.014,14.2046,-5.78706,-6.73821,1.12087,2.13332,-0.642352,0.6954,0.7738,0.9046,0.08
u7307,0.014,15.3905,-12.4214,-2.54205,1.15404,-0.36659,-0.241429,0.6374,0.7594,0.9626,0.08
u7308,0.014,4.31683,8.46017,-7.95614,-0.289167,1.12619,0.0614534,0.7747,0.7937,0.8253,0.08
u7309,0.014,-17.366,10.6198,1.96408,-0.456603,-0.145374,0.108137,0.6282,0.757,0.9718,0.08
u7310,0.014,-14.4321,-10.7901,-8.77569,1.20941,-0.314734,-0.241782,0.6356,0.7589,0.9644,0.08
u7311,0.014,4.38909,7.14546,5.68702,-0.413425,-0.145674,-0.126512,0.8158,0.8039,0.7842,0.08
u7312,0.014,0.796584,-14.8185,0.455858,1.74455,-0.60154,-0.119416,0.7301,0.7825,0.8699,0.08
u7313,0.014,1.21669,-19.6611,3.01642,0.0204754,0.343979,0.133822,0.6377,0.7594,0.9623,0.08
u7314,0.014,3.73106,8.6152,-2.80272,-0.547606,0.976851,0.0538234,0.8219,0.8055,0.7781,0.08
u7315,0.014,10.5874,-6.0317,4.75417,1.2276,1.8803,-0.607276,0.7622,0.7905,0.8378,0.08
u7316,0.014,19.0595,-4.42446,6.24405,0.683358,1.06265,0.64779,0.6266,0.7566,0.9734,0.08
u7317,0.014,0.814558,-14.527,-1.72024,0.707797,-0.567874,-1.04528,0.7336,0.7834,0.8664,0.08
u7318,0.014,-11.4999,-16.6589,1.09692,0.635533,1.14759,-0.220494,0.6314,0.7579,0.9686,0.08
u7319,0.014,-19.7774,2.43418,-3.52988,-0.213572,-1.73067,0.714844,0.6321,0.758,0.9679,0.08
u7320,0.014,-7.95554,-8.05238,-5.72079,-0.747456,-0.115155,-0.945083,0.7694,0.7923,0.8306,0.08
u7321,0.014,18.8267,-4.35242,7.86248,-1.75103,0.250181,-0.928205,0.6207,0.7552,0.9793,0.08
u7322,0.014,-9.09051,10.5508,-7.80763,-0.0468934,-0.505291,0.132455,0.7097,0.7774,0.8903,0.08
u7323,0.014,-10.38,10.0951,4.57815,-1.5262,0.22757,0.000691612,0.7239,0.781,0.8761,0.08
u7324,0.014,-9.38362,-10.0066,0.72843,1.01509,-0.766855,1.26137,0.7502,0.7876,0.8498,0.08
u7325,0.014,11.0949,15.3302,6.42313,-0.64722,-0.884936,0.331129,0.6367,0.7592,0.9633,0.08
u7326,0.014,-7.66025,-7.57047,-10.5922,0.1615,0.196072,0.736334,0.7253,0.7813,0.8747,0.08
u7327,0.014,4.12799,2.09698,4.52481,0.910593,0.61637,-0.189518,0.8823,0.8206,0.7177,0.08
u7328,0.014,-5.77024,-16.2794,-7.42251,2.0659,-0.778577,-0.73395,0.6582,0.7645,0.9418,0.08
u7329,0.014,-14.7928,-8.6498,8.24257,0.469237,-0.572721,-0.471396,0.6543,0.7636,0.9457,0.08
u7330,0.014,-3.73758,7.64898,-3.87023,-0.791574,-1.00113,2.11216,0.83,0.8075,0.77,0.08
u7331,0.014,3.00288,-2.94568,-3.45811,0.696984,-0.541453,0.462109,0.901,0.8252,0.699,0.08
u7332,0.014,5.02529,-7.15087,-5.61472,1.89502,-0.248156,0.742062,0.8111,0.8028,0.7889,0.08
u7333,0.014,5.67216,2.6546,-4.69149,2.10054,1.22401,-0.288142,0.8577,0.8144,0.7423,0.08
u7334,0.014,-1.50734,-21.5599,-0.113379,3.01982,-1.00174,0.262658,0.607,0.7518,0.993,0.08
u7335,0.014,8.60021,-11.1078,10.4416,0.883605,-0.83709,1.84733,0.6818,0.7704,0.9182,0.08
u7336,0.014,1.53815,-0.315811,12.4884,0.183958,-0.460536,0.115907,0.7711,0.7928,0.8289,0.08
u7337,0.014,12.8107,-3.48635,11.861,-0.0139283,0.389746,-0.124278,0.6763,0.7691,0.9237,0.08
u7338,0.014,13.6338,16.1379,0.0558558,-1.97665,0.457171,-0.80527,0.6159,0.754,0.9841,0.08
u7339,0.014,11.6344,-13.345,8.10769,1.05456,2.38282,-0.343492,0.646,0.7615,0.954,0.08
u7340,0.014,3.80649,7.94702,-15.0927,-0.532256,-0.181655,-0.222936,0.6822,0.7706,0.9178,0.08
u7341,0.014,-14.4437,-2.35469,12.3083,-0.586298,-2.00065,-0.881873,0.6523,0.7631,0.9477,0.08
u7342,0.014,-7.02116,13.2463,-7.34887,-2.64018,1.226,-0.350671,0.6964,0.7741,0.9036,0.08
u7343,0.014,2.03106,-16.8518,-7.3013,2.06532,-0.991538,1.02168,0.664,0.766,0.936,0.08
u7344,0.014,0.036105,0.579333,-13.4577,-0.00221024,0.424863,-0.290657,0.7551,0.7888,0.8449,0.08
u7345,0.014,-1.63854,-0.897759,-11.4568,-0.566523,-0.267326,0.578181,0.7889,0.7972,0.8111,0.08
u7346,0.014,-8.58721,-15.035,-9.10011,1.12607,-0.399583,1.21916,0.6444,0.7611,0.9556,0.08
u7347,0.014,13.7243,8.95888,3.80108,-1.11815,1.24002,0.207744,0.6941,0.7735,0.9059,0.08
u7348,0.014,16.3936,2.90597,-9.46104,-0.63191,1.2214,-0.168242,0.6518,0.763,0.9482,0.08
u7349,0.014,2.66286,13.2732,-6.28654,-1.11313,-0.0581672,-2.12597,0.7286,0.7822,0.8714,0.08
u7350,0.014,-2.37227,4.69314,-12.8804,0.670787,0.0591655,-0.0061747,0.747,0.7868,0.853,0.08
u7351,0.014,15.3458,4.68406,3.04962,1.23083,0.907835,0.492531,0.7031,0.7758,0.8969,0.08
u7352,0.014,12.7168,-2.35505,-4.77069,-0.516768,0.221938,1.57925,0.7494,0.7873,0.8506,0.08
u7353,0.014,5.58883,-0.412298,-9.66241,0.186592,2.43503,0.107592,0.7969,0.7992,0.8031,0.08
u7354,0.014,7.52844,8.76321,0.650066,0.73364,1.67626,-0.766382,0.7896,0.7974,0.8104,0.08
u7355,0.014,-12.5035,-0.864997,9.22413,-0.204101,-0.772787,1.5783,0.7171,0.7793,0.8829,0.08
u7356,0.014,10.778,-5.73724,5.69202,-1.39858,0.305185,-0.680882,0.7551,0.7888,0.8449,0.08
u7357,0.014,-18.223,5.98771,-4.23519,-0.897119,0.0817546,0.187778,0.6428,0.7607,0.9572,0.08
u7358,0.014,13.1129,10.7451,9.32962,-0.0595905,0.66449,0.168333,0.6482,0.762,0.9518,0.08
u7359,0.014,3.24595,-8.78039,-11.2065,-0.0270899,0.293856,-1.00753,0.7345,0.7836,0.8655,0.08
u7360,0.014,-12.9637,3.77781,4.49866,0.0473851,-0.814589,0.443781,0.7412,0.7853,0.8588,0.08
u7361,0.014,2.15967,13.3572,8.71887,-0.402881,0.173125,0.654092,0.7073,0.7768,0.8927,0.08
u7362,0.014,-12.1538,13.3922,7.24343,0.14298,0.495356,0.369287,0.6458,0.7614,0.9542,0.08
u7363,0.014,-3.28378,5.0513,-10.2945,0.781831,-1.22952,-0.516609,0.7831,0.7958,0.8169,0.08
u7364,0.014,-13.6725,-9.00593,-2.45066,0.337354,-0.903822,-1.01629,0.699,0.7748,0.901,0.08
u7365,0.014,0.377071,1.33386,-12.4913,1.45404,0.106125,0.833929,0.7715,0.7929,0.8285,0.08
u7366,0.014,-11.0176,3.50209,-7.84295,-0.401858,-0.733237,0.73256,0.746,0.7865,0.854,0.08
u7367,0.014,10.2282,-10.1901,-6.94816,1.25911,1.15247,-0.62917,0.7087,0.7772,0.8913,0.08
u7368,0.014,3.05231,-8.26649,4.47702,1.23118,-0.035156,1.10225,0.8203,0.8051,0.7797,0.08
u7369,0.014,-9.04776,-6.20226,-12.9774,0.25445,-0.223028,0.344961,0.691,0.7728,0.909,0.08
u7370,0.014,3.13387,5.81591,1.33235,-1.41894,0.740043,-0.354757,0.8775,0.8194,0.7225,0.08
u7371,0.014,-12.1435,-3.51333,10.2665,0.237598,-0.61844,0.049557,0.7039,0.776,0.8961,0.08
u7372,0.014,-10.6519,15.7773,-4.75245,0.774508,1.8436,-0.785627,0.6433,0.7608,0.9567,0.08
u7373,0.014,2.54652,-1.69526,-6.12184,-0.539295,-0.872098,1.29501,0.8756,0.8189,0.7244,0.08
u7374,0.014,12.7267,7.44851,-7.55001,0.0956995,1.50982,0.0924785,0.6988,0.7747,0.9012,0.08
u7375,0.014,-11.8633,2.11541,-13.3545,-1.61087,-1.01882,0.374621,0.673,0.7682,0.927,0.08
u7376,0.014,-17.1167,-10.3917,1.81106,0.414871,-0.350954,-1.21099,0.6344,0.7586,0.9656,0.08
u7377,0.014,16.1929,-1.17729,5.93467,1.34106,0.949155,0.55874,0.6857,0.7714,0.9143,0.08
u7378,0.014,5.37971,7.25823,7.41689,0.0810547,-0.217852,0.423058,0.7875,0.7969,0.8125,0.08
u7379,0.014,5.77121,-3.66409,6.10008,-0.404466,-1.17214,-0.49253,0.8334,0.8084,0.7666,0.08
u7380,0.014,9.18719,-4.01034,-7.98726,0.00433568,1.73234,-0.339907,0.767,0.7917,0.833,0.08
u7381,0.014,18.3266,2.52972,0.0169375,-1.10421,0.37779,0.985986,0.6636,0.7659,0.9364,0.08
u7382,0.014,1.71263,-8.63345,9.71575,-0.356989,1.87402,1.80228,0.7616,0.7904,0.8384,0.08
u7383,0.014,11.9693,2.10338,-0.457563,-0.695319,-0.874486,-1.0962,0.7789,0.7947,0.8211,0.08
u7384,0.014,-5.26158,12.1516,-1.05014,-1.247,-1.20461,-0.236885,0.7585,0.7896,0.8415,0.08
u7385,0.014,9.17733,4.59253,6.35517,-1.95349,0.881167,-0.156236,0.7805,0.7951,0.8195,0.08
u7386,0.014,1.98867,10.291,10.7013,-0.324931,-0.864435,-0.393671,0.7277,0.7819,0.8723,0.08
u7387,0.014,12.9116,5.2396,12.6034,-1.28898,1.20707,1.5789,0.6584,0.7646,0.9416,0.08
u7388,0.014,-0.259938,-10.2411,14.3189,1.22167,-0.946232,-0.0874432,0.6799,0.77,0.9201,0.08
u7389,0.014,0.689004,-3.50136,12.0929,-0.891601,0.446789,0.610552,0.7708,0.7927,0.8292,0.08
u7390,0.014,-17.1531,-0.748514,-1.9693,1.46333,-1.00602,-0.804727,0.6858,0.7714,0.9142,0.08
u7391,0.014,-10.3124,5.6089,7.58455,-1.0548,-0.891274,-0.506365,0.7459,0.7865,0.8541,0.08
u7392,0.014,-13.1165,-4.0314,-11.584,-0.636297,-0.279698,0.520695,0.6735,0.7684,0.9265,0.08
u7393,0.014,10.2722,-0.91233,6.28592,0.231213,0.888685,1.66911,0.7804,0.7951,0.8196,0.08
u7394,0.014,9.20125,6.47243,-4.34423,-0.562313,0.358583,1.26548,0.7807,0.7952,0.8193,0.08
u7395,0.014,10.7562,-8.47084,0.225866,0.0606782,1.3905,-0.0882587,0.751,0.7878,0.849,0.08
u7396,0.014,-0.28084,-8.48168,-8.04085,0.673036,-0.328183,0.636325,0.7874,0.7969,0.8126,0.08
u7397,0.014,-18.9931,-2.77619,-5.83454,-0.0209164,0.3756,-0.221781,0.6352,0.7588,0.9648,0.08
u7398,0.014,-12.8903,9.25778,-9.00999,-1.00257,-0.201708,-0.572902,0.6682,0.767,0.9318,0.08
u7399,0.014,4.74064,-14.9497,-6.84703,1.2782,1.36458,0.366387,0.6889,0.7722,0.9111,0.08
u7400,0.014,-12.3812,-7.34466,5.31296,0.369207,0.149347,-0.930003,0.721,0.7803,0.879,0.08
u7401,0.014,1.12834,12.3829,4.72585,-0.930694,-0.0453641,-0.892857,0.7581,0.7895,0.8419,0.08
u7402,0.014,0.00628452,17.8735,2.1367,-0.716284,-0.421934,-1.72363,0.6727,0.7682,0.9273,0.08
u7403,0.014,16.394,5.50462,3.38625,-0.84778,1.43123,0.915678,0.6796,0.7699,0.9204,0.08
u7404,0.014,8.64312,-17.156,3.42171,1.46912,2.40065,-0.00644986,0.6452,0.7613,0.9548,0.08
u7405,0.014,0.225981,-11.7966,2.5301,-0.290352,-0.750729,0.60782,0.7806,0.7952,0.8194,0.08
u7406,0.014,2.44231,3.60821,-12.4257,-1.30947,-0.529889,0.00664434,0.7606,0.7901,0.8394,0.08
u7407,0.014,0.629064,-3.52625,-1.33752,0.662385,-1.65143,-0.314974,0.9305,0.8326,0.6695,0.08
u7408,0.014,0.0974531,-12.8093,4.20686,1.41812,-0.679979,0.0121606,0.7549,0.7887,0.8451,0.08
u7409,0.014,-8.88188,18.3529,-3.28288,-2.38604,-0.409284,0.694535,0.6245,0.7561,0.9755,0.08
u7410,0.014,6.03622,6.7977,8.40255,0.219611,0.604416,-0.760754,0.7749,0.7937,0.8251,0.08
u7411,0.014,6.45581,-17.5333,-8.26263,1.33679,1.48093,-1.40808,0.6286,0.7571,0.9714,0.08
u7412,0.014,-10.704,-16.1983,6.35301,0.447777,-0.456397,0.702084,0.6286,0.7571,0.9714,0.08
u7413,0.014,11.797,-7.23866,-12.1981,0.175802,0.0780985,-1.02124,0.6646,0.7661,0.9354,0.08
u7414,0.014,2.39468,-3.7829,2.85571,-0.682168,1.35947,-0.698002,0.9034,0.8259,0.6966,0.08
u7415,0.014,-5.52212,-15.4394,-6.16597,0.789418,-0.503053,0.179615,0.6815,0.7704,0.9185,0.08
u7416,0.014,-0.455025,-14.1533,0.101092,0.127072,-0.0548857,-0.228407,0.7425,0.7856,0.8575,0.08
u7417,0.014,18.6873,3.20918,7.19869,0.606957,0.954324,0.00623129,0.6312,0.7578,0.9688,0.08
u7418,0.014,-8.10204,-4.3707,-0.877499,-0.301055,0.678087,-1.82888,0.8319,0.808,0.7681,0.08
u7419,0.014,-4.35494,13.4537,12.1287,-0.00535135,-0.295017,-0.956251,0.6613,0.7653,0.9387,0.08
u7420,0.014,-14.8657,0.767139,2.34496,1.19805,0.428612,0.568076,0.726,0.7815,0.874,0.08
u7421,0.014,6.34885,1.60535,14.4264,-0.733584,-0.61977,-0.00458056,0.7119,0.778,0.8881,0.08
u7422,0.014,-2.79906,6.908,1.7117,-0.941806,0.0982912,1.54274,0.861,0.8152,0.739,0.08
u7423,0.014,4.2254,-12.1654,10.4712,1.14246,1.12634,0.903646,0.6982,0.7746,0.9018,0.08
u7424,0.014,0.118294,10.4263,-5.99033,-0.734548,1.5379,-0.547931,0.7814,0.7953,0.8186,0.08
u7425,0.014,-4.31414,-6.82399,8.77137,-1.27669,-1.14848,0.11968,0.7833,0.7958,0.8167,0.08
u7426,0.014,0.300352,17.7371,4.8303,1.25143,-2.07661,0.871248,0.6657,0.7664,0.9343,0.08
u7427,0.014,-16.614,-5.52783,-8.72738,-0.946136,-0.310218,0.640748,0.6443,0.7611,0.9557,0.08
u7428,0.014,-17.0178,3.39486,6.01002,1.28971,0.276373,0.157504,0.6661,0.7665,0.9339,0.08
u7429,0.014,8.27298,16.5518,-6.97312,0.52935,0.667019,0.0342028,0.6405,0.7601,0.9595,0.08
u7430,0.014,-14.5322,8.76048,7.58925,-1.25756,-1.8098,0.0148685,0.662,0.7655,0.938,0.08
u7431,0.014,0.573522,-13.728,11.813,1.35393,0.756778,-0.0313416,0.6705,0.7676,0.9295,0.08
u7432,0.014,-2.5682,7.92759,9.26239,-1.22948,-1.23867,-0.176638,0.7735,0.7934,0.8265,0.08
u7433,0.014,8.58575,-4.59018,10.5204,3.06027,0.326391,-0.527539,0.7394,0.7848,0.8606,0.08
u7434,0.014,16.5301,-4.37199,-7.51628,0.152141,-1.04594,0.168462,0.6604,0.7651,0.9396,0.08
u7435,0.014,-9.42028,2.24115,7.8201,-0.252252,2.46507,-0.64031,0.7737,0.7934,0.8263,0.08
u7436,0.014,-8.0629,5.14385,14.7672,-0.217422,-0.401984,0.348357,0.6801,0.77,0.9199,0.08
u7437,0.014,-11.253,7.97773,4.76242,-1.11749,-0.0375929,-0.674992,0.7347,0.7837,0.8653,0.08
u7438,0.014,-10.7663,-1.38731,-13.1356,-0.602307,-0.00781053,-0.722308,0.6902,0.7725,0.9098,0.08
u7439,0.014,-16.5039,7.8042,9.16222,-0.408144,-1.1598,0.779398,0.6286,0.7572,0.9714,0.08
u7440,0.014,-13.8445,-8.12718,5.6604,1.01289,-0.429227,0.475289,0.6905,0.7726,0.9095,0.08
u7441,0.014,0.18338,-18.7367,-1.44536,0.765508,-0.152541,0.690567,0.6583,0.7646,0.9417,0.08
u7442,0.014,4.49356,-4.25925,-2.4824,1.12617,-0.362365,0.548684,0.8787,0.8197,0.7213,0.08
u7443,0.014,2.95721,5.53787,-3.45787,-0.371614,0.725178,0.920674,0.8697,0.8174,0.7303,0.08
u7444,0.014,4.17525,15.2262,-9.69931,-0.916441,0.323442,-0.157792,0.6631,0.7658,0.9369,0.08
u7445,0.014,-3.0744,10.0229,0.139162,0.299732,-0.314638,0.114405,0.8094,0.8023,0.7906,0.08
u7446,0.014,2.10878,9.72325,10.9834,-0.753221,0.448736,-0.515365,0.7306,0.7826,0.8694,0.08
u7447,0.014,-11.9707,0.887208,-0.0199721,-1.89019,-0.165256,0.86202,0.7818,0.7954,0.8182,0.08
u7448,0.014,7.80357,15.7144,-0.552384,-0.493985,1.21775,-0.213239,0.6808,0.7702,0.9192,0.08
u7449,0.014,-15.6973,6.22071,-10.2497,-0.0597151,-0.975669,0.143339,0.6409,0.7602,0.9591,0.08
u7450,0.014,13.9418,6.42589,-1.10146,-0.307808,-0.386472,-2.22235,0.7202,0.78,0.8798,0.08
u7451,0.014,-10.386,-2.66901,1.57747,1.20842,-1.59159,-1.61687,0.8029,0.8007,0.7971,0.08
u7452,0.014,5.80828,-13.5577,-8.37333,0.561633,0.556454,-0.622279,0.6916,0.7729,0.9084,0.08
u7453,0.014,0.773628,16.9589,9.09236,-1.60053,0.942079,-1.66914,0.6499,0.7625,0.9501,0.08
u7454,0.014,9.68854,9.61326,-5.53146,-0.0476739,1.78385,0.59857,0.7322,0.7831,0.8678,0.08
u7455,0.014,19.2509,5.79299,6.23715,-1.07833,1.16563,-1.06396,0.6173,0.7543,0.9827,0.08
u7456,0.014,18.0486,6.85035,4.33435,-0.185614,1.59613,0.024519,0.6403,0.7601,0.9597,0.08
u7457,0.014,13.2249,-2.89535,6.57392,-0.618245,0.671348,-0.0843293,0.7264,0.7816,0.8736,0.08
u7458,0.014,11.6835,15.6449,-1.16622,-0.872983,0.974494,0.293654,0.6443,0.7611,0.9557,0.08
u7459,0.014,5.60893,-1.68226,-13.7026,0.531999,2.28063,-0.681684,0.7291,0.7823,0.8709,0.08
u7460,0.014,7.08439,18.5535,4.88387,-1.11696,1.05157,-0.796881,0.6282,0.757,0.9718,0.08
u7461,0.014,12.3326,0.654339,-3.0538,-0.550153,-0.138967,-0.620154,0.7687,0.7922,0.8313,0.08
u7462,0.014,-4.06228,14.9313,2.0399,0.0952336,0.384768,-2.26057,0.7162,0.7791,0.8838,0.08
u7463,0.014,12.0805,-8.88391,-5.02736,1.03085,-0.653072,-0.242433,0.7124,0.7781,0.8876,0.08
u7464,0.014,7.961,16.261,3.99439,-1.09652,0.616261,-1.27308,0.6629,0.7657,0.9371,0.08
u7465,0.014,0.962785,-11.762,8.094,0.786271,0.308185,0.25242,0.7398,0.785,0.8602,0.08
u7466,0.014,-3.93641,-11.4909,-8.17118,1.09926,2.07691,0.839135,0.7338,0.7835,0.8662,0.08
u7467,0.014,-6.82694,7.51551,-0.472899,0.306938,-1.56985,-2.26047,0.8152,0.8038,0.7848,0.08
u7468,0.014,3.75085,4.52816,-6.35802,-0.617657,0.681078,1.63112,0.8425,0.8106,0.7575,0.08
u7469,0.014,-4.30912,0.105344,-7.39759,1.28873,0.0908277,-0.899956,0.8443,0.8111,0.7557,0.08
u7470,0.014,2.67179,0.460848,10.3912,1.91146,-1.9477,0.0565048,0.8047,0.8012,0.7953,0.08
u7471,0.014,-0.789271,1.93014,1.24396,1.61666,0.315555,0.164308,0.9559,0.839,0.6441,0.08
u7472,0.014,15.0143,6.95879,4.21887,-0.510351,0.483983,0.439425,0.6895,0.7724,0.9105,0.08
u7473,0.014,-9.57544,0.0242583,4.12098,-0.220033,-0.0986574,0.710428,0.8105,0.8026,0.7895,0.08
u7474,0.014,7.66934,7.5677,-11.1408,1.12677,-0.259679,-0.920525,0.7182,0.7796,0.8818,0.08
u7475,0.014,-8.54802,-8.04424,0.121731,-0.747016,-1.71848,0.600554,0.7866,0.7966,0.8134,0.08
u7476,0.014,-12.6402,-15.7858,4.61127,1.13879,0.555636,-0.195739,0.6229,0.7557,0.9771,0.08
u7477,0.014,-12.576,2.99169,8.4765,0.417586,-0.391572,0.657608,0.7189,0.7797,0.8811,0.08
u7478,0.014,3.72079,-17.3228,-4.5664,0.741462,-0.526259,1.31614,0.6673,0.7668,0.9327,0.08
u7479,0.014,-7.31198,-12.9331,-3.4656,0.622248,0.0738871,-1.98697,0.7226,0.7807,0.8774,0.08
u7480,0.014,-19.3271,-3.91584,-1.40527,1.09989,-2.62008,0.18827,0.6405,0.7601,0.9595,0.08
u7481,0.014,-5.92372,-6.85499,13.7727,1.15671,-0.115325,0.417472,0.7003,0.7751,0.8997,0.08
u7482,0.014,-17.7843,-1.48288,-3.45269,0.557888,-0.861348,0.245928,0.6695,0.7674,0.9305,0.08
u7483,0.014,-2.01813,10.6217,-9.96925,-1.15869,-0.338203,0.0577882,0.7326,0.7832,0.8674,0.08
u7484,0.014,16.5623,-3.0766,2.57684,1.69616,1.74919,-0.191785,0.6902,0.7725,0.9098,0.08
u7485,0.014,-2.7425,-13.0571,-7.14084,1.72427,0.540151,-1.36807,0.7249,0.7812,0.8751,0.08
u7486,0.014,-5.95522,14.222,-10.0949,-0.378023,-1.44706,1.20243,0.6649,0.7662,0.9351,0.08
u7487,0.014,-17.214,-4.74187,0.115014,0.0192378,-2.57187,-0.307982,0.6754,0.7688,0.9246,0.08
u7488,0.014,-2.26207,-1.86063,-11.7816,0.499934,0.800511,-1.41229,0.7793,0.7948,0.8207,0.08
u7489,0.014,0.0695346,16.993,10.1301,-0.773133,0.372091,0.251954,0.6403,0.7601,0.9597,0.08
u7490,0.014,10.1374,9.66623,-7.17386,-0.676915,1.52013,-0.2883,0.7139,0.7785,0.8861,0.08
u7491,0.014,15.3157,-9.55392,7.21077,0.482423,-0.136518,-0.629067,0.6466,0.7616,0.9534,0.08
u7492,0.014,6.64859,-5.3656,-8.45589,0.731916,0.107519,-0.890355,0.7814,0.7954,0.8186,0.08
u7493,0.014,-2.11565,-2.46306,-12.6212,1.15201,1.55316,0.708004,0.7631,0.7908,0.8369,0.08
u7494,0.014,18.967,-5.04011,1.25349,-1.18226,0.428555,0.374216,0.6424,0.7606,0.9576,0.08
u7495,0.014,-5.56038,-3.36869,-5.5756,1.83923,-0.192007,0.142045,0.8443,0.8111,0.7557,0.08
u7496,0.014,9.07757,5.78696,9.53511,-0.159044,0.683036,0.552009,0.7385,0.7846,0.8615,0.08
u7497,0.014,8.2173,-9.53316,10.4538,0.255107,-0.0352145,0.972626,0.7025,0.7756,0.8975,0.08
u7498,0.014,20.4365,1.58632,-4.42514,-0.456667,0.315486,1.14337,0.6187,0.7547,0.9813,0.08
u7499,0.014,14.1654,-1.18263,2.22571,0.890067,-0.864775,0.495212,0.7384,0.7846,0.8616,0.08
u7500,0.014,16.7915,-0.960364,-5.6437,-0.398969,1.11612,-0.074436,0.6774,0.7694,0.9226,0.08
u7501,0.014,-17.3596,7.06487,7.61142,-0.140128,-1.24514,-1.32111,0.6322,0.7581,0.9678,0.08
u7502,0.014,-0.415497,18.8601,6.13078,-0.782104,-0.519794,-1.41791,0.6393,0.7598,0.9607,0.08
u7503,0.014,-8.88337,8.98205,7.73974,-1.60777,-1.63472,-0.426398,0.7306,0.7827,0.8694,0.08
u7504,0.014,-15.4612,12.8238,5.55944,-0.283773,-0.86169,1.24641,0.621,0.7553,0.979,0.08
u7505,0.014,-3.28983,9.57455,-1.69945,-1.01278,0.527635,-0.385269,0.8134,0.8033,0.7866,0.08
u7506,0.014,-5.64951,-7.03731,-7.89842,-0.0552749,-0.994565,-1.14654,0.782,0.7955,0.818,0.08
u7507,0.014,8.88283,-16.1211,-4.03884,1.85828,0.260924,0.928683,0.6574,0.7643,0.9426,0.08
u7508,0.014,8.80172,8.65895,6.99483,-0.0448779,1.07136,1.36137,0.742,0.7855,0.858,0.08
u7509,0.014,9.10778,0.551539,5.14079,1.17141,0.79566,0.574615,0.8096,0.8024,0.7904,0.08
u7510,0.014,2.05054,-8.34695,-5.21989,1.47823,1.06887,-0.705505,0.8172,0.8043,0.7828,0.08
u7511,0.014,9.76239,-2.90126,0.0234134,1.66836,-0.083579,-0.17841,0.8148,0.8037,0.7852,0.08
u7512,0.014,-6.28244,-18.5839,-4.76231,1.30093,0.37175,0.496108,0.633,0.7582,0.967,0.08
u7513,0.014,7.28599,4.07256,-15.0448,0.383818,-0.767196,-0.0276086,0.6872,0.7718,0.9128,0.08
u7514,0.014,9.49709,-1.12528,1.8983,0.788494,-0.185552,0.648528,0.8227,0.8057,0.7773,0.08
u7515,0.014,-6.03699,7.52168,9.96463,-0.1181,-0.800692,-0.184843,0.7479,0.787,0.8521,0.08
u7516,0.014,-12.5075,-5.27411,-3.99073,0.164922,-0.779757,-1.31563,0.7428,0.7857,0.8572,0.08
u7517,0.014,3.35322,-12.4001,2.11474,-0.138548,-0.261121,-0.626294,0.7633,0.7908,0.8367,0.08
u7518,0.014,-5.24037,-15.4634,-8.97835,0.448593,0.770018,1.88367,0.6612,0.7653,0.9388,0.08
u7519,0.014,0.689113,15.567,7.71175,-0.301046,-0.0658468,-0.431956,0.6839,0.771,0.9161,0.08
u7520,0.014,0.0779497,4.84262,12.9093,0.271542,1.15151,0.445452,0.7493,0.7873,0.8507,0.08
u7521,0.014,-8.06648,15.1612,-7.967,-1.76942,0.133365,0.123988,0.6558,0.7639,0.9442,0.08
u7522,0.014,-5.00385,-3.16626,-11.5597,0.472868,-1.76213,-0.100171,0.7639,0.791,0.8361,0.08
u7523,0.014,13.1124,-4.29082,-3.12545,-0.324444,1.06111,0.861824,0.7428,0.7857,0.8572,0.08
u7524,0.014,4.46196,-9.63189,11.1164,1.22928,0.00538548,0.268886,0.7205,0.7801,0.8795,0.08
u7525,0.014,10.1681,6.13447,10.6138,-1.04253,-1.11559,0.00950699,0.7104,0.7776,0.8896,0.08
u7526,0.014,6.93124,7.57143,-2.1347,-1.10723,2.06942,-0.616023,0.8094,0.8023,0.7906,0.08
u7527,0.014,-12.7426,-1.83296,-6.9966,-0.572086,-1.33385,1.03262,0.7336,0.7834,0.8664,0.08
u7528,0.014,-6.55951,16.5179,5.9491,-0.497354,0.4258,0.778992,0.6592,0.7648,0.9408,0.08
u7529,0.014,-2.10365,1.62459,-5.05578,-0.521651,-0.380542,-0.196875,0.8961,0.824,0.7039,0.08
u7530,0.014,-2.40533,-4.48494,13.7956,0.341451,-0.458345,-0.590157,0.7326,0.7832,0.8674,0.08
u7531,0.014,-5.1263,-13.4733,-2.26362,1.41904,-0.671876,1.75919,0.7347,0.7837,0.8653,0.08
u7532,0.014,5.51331,4.49895,-4.45123,0.196887,-0.342414,-2.02772,0.8474,0.8118,0.7526,0.08
u7533,0.014,-8.71509,-2.17691,-3.61694,1.43978,-1.09544,2.05813,0.8239,0.806,0.7761,0.08
u7534,0.014,8.43502,14.2359,-1.07771,-1.91207,-0.130278,-0.737758,0.6985,0.7746,0.9015,0.08
u7535,0.014,-9.19679,-2.29211,-3.5712,0.895808,-0.893488,-0.987901,0.8158,0.804,0.7842,0.08
u7536,0.014,9.42764,-0.962856,2.46136,-0.328923,0.0390066,-0.923564,0.822,0.8055,0.778,0.08
u7537,0.014,-2.29969,-6.84412,6.04948,0.261766,0.845095,-0.179226,0.8287,0.8072,0.7713,0.08
u7538,0.014,-0.848391,17.5351,2.25891,-2.43351,0.453236,1.64464,0.6782,0.7695,0.9218,0.08
u7539,0.014,13.4317,7.5623,-1.18729,-0.126422,0.096441,0.541153,0.7189,0.7797,0.8811,0.08
u7540,0.014,8.64347,11.9239,-8.84632,-0.120208,-0.65904,0.667165,0.6876,0.7719,0.9124,0.08
u7541,0.014,-9.59811,-12.121,-10.0802,1.27934,-2.683,-2.62064,0.6644,0.7661,0.9356,0.08
u7542,0.014,2.44774,9.11304,-6.53243,0.706868,1.60926,-0.749657,0.7913,0.7978,0.8087,0.08
u7543,0.014,-6.84751,-12.9321,11.2212,0.208724,-0.964898,-1.1247,0.6647,0.7662,0.9353,0.08
u7544,0.014,-3.54321,8.34545,11.4137,0.379092,1.09308,-1.96722,0.735,0.7837,0.865,0.08
u7545,0.014,5.15011,0.792943,-1.97709,-1.97296,1.09023,1.18017,0.8987,0.8247,0.7013,0.08
u7546,0.014,-3.60154,-1.8376,-7.67387,-1.11978,-0.0118704,0.525692,0.8423,0.8106,0.7577,0.08
u7547,0.014,2.45369,-4.0909,-3.30028,0.314456,-0.778485,-1.97116,0.8945,0.8236,0.7055,0.08
u7548,0.014,9.94921,5.70533,-7.76041,-0.780757,0.921091,1.31192,0.7482,0.7871,0.8518,0.08
u7549,0.014,12.8988,7.55299,-5.19423,0.558971,1.7872,0.227332,0.7123,0.7781,0.8877,0.08
u7550,0.014,-9.3804,9.10645,-5.16,-0.728903,-1.26729,-1.08625,0.7445,0.7861,0.8555,0.08
u7551,0.014,9.95199,1.25777,-14.3112,-1.31052,0.668365,0.110689,0.6822,0.7706,0.9178,0.08
u7552,0.014,17.5405,3.79043,-2.89232,-0.0263176,0.0321443,-0.814436,0.6695,0.7674,0.9305,0.08
u7553,0.014,6.38434,3.51893,-4.19138,0.901928,-0.837335,0.466084,0.8471,0.8118,0.7529,0.08
u7554,0.014,6.70058,8.60383,-8.684,-0.753802,0.84593,0.0328339,0.7465,0.7866,0.8535,0.08
u7555,0.014,-11.9243,-1.87453,-12.5141,0.997866,-0.0888797,0.0364711,0.6839,0.771,0.9161,0.08
u7556,0.014,7.3268,-15.2537,-3.44346,1.54925,1.31406,0.286812,0.686,0.7715,0.914,0.08
u7557,0.014,-9.43518,2.05318,-8.27951,-1.58063,0.673697,1.06856,0.7687,0.7922,0.8313,0.08
u7558,0.014,-10.4338,8.81622,-3.89234,-1.21148,1.27774,-0.19837,0.7418,0.7854,0.8582,0.08
u7559,0.014,9.24656,9.07888,-12.1823,0.179058,1.46051,1.89561,0.6766,0.7692,0.9234,0.08
u7560,0.014,1.85572,-10.858,-4.87343,-0.128053,0.954987,0.588246,0.781,0.7952,0.819,0.08
u7561,0.014,12.2435,15.8866,6.75596,0.0411398,1.06589,-0.644273,0.6152,0.7538,0.9848,0.08
u7562,0.014,0.81893,8.44677,6.19025,-0.705414,0.193851,0.21673,0.809,0.8023,0.791,0.08
u7563,0.014,-10.0667,14.5792,0.241327,-1.01391,-1.70515,-0.200048,0.6778,0.7695,0.9222,0.08
u7564,0.014,1.71372,19.0664,-3.15029,-0.173612,0.661641,-0.374237,0.6473,0.7618,0.9527,0.08
u7565,0.014,-9.28254,7.76731,9.73331,0.110307,-0.65461,0.572963,0.7176,0.7794,0.8824,0.08
u7566,0.014,-1.65626,18.408,-0.997226,0.535506,-0.00418162,-0.39318,0.6635,0.7659,0.9365,0.08
u7567,0.014,-7.34362,-14.0724,7.91405,-0.239262,-0.860401,0.617589,0.6775,0.7694,0.9225,0.08
u7568,0.014,-5.73785,-5.23672,-0.130891,-0.322232,-1.13397,0.393043,0.8587,0.8147,0.7413,0.08
u7569,0.014,-9.18174,-5.86862,-2.13314,1.42183,-0.211813,-0.0861376,0.7981,0.7995,0.8019,0.08
u7570,0.014,-8.94161,-9.71762,-6.69956,1.02237,-0.748028,-0.0151352,0.7308,0.7827,0.8692,0.08
u7571,0.014,4.55898,6.3096,-0.536306,-0.829529,-0.399562,-0.973465,0.8581,0.8145,0.7419,0.08
u7572,0.014,14.0702,-14.4137,1.27065,0.167883,1.35029,0.951856,0.633,0.7583,0.967,0.08
u7573,0.014,4.61453,-9.06451,10.6012,0.327167,-0.365849,0.405522,0.7329,0.7832,0.8671,0.08
u7574,0.014,-8.55583,-12.955,3.42281,0.488026,-0.421863,0.497958,0.7109,0.7777,0.8891,0.08
u7575,0.014,15.7329,-7.19877,2.09854,0.960928,0.858586,-0.80034,0.6831,0.7708,0.9169,0.08
u7576,0.014,9.79469,11.8666,-4.611,-1.92941,1.4785,1.44265,0.7079,0.777,0.8921,0.08
u7577,0.014,16.6067,-0.41832,-9.17376,-1.62178,0.393115,0.114857,0.655,0.7637,0.945,0.08
u7578,0.014,9.50394,-1.91945,-4.72295,0.0909179,1.00499,0.105052,0.8039,0.801,0.7961,0.08
u7579,0.014,-3.13637,-11.9712,4.35474,0.146973,0.785561,-1.20616,0.7615,0.7904,0.8385,0.08
u7580,0.014,-0.475428,14.5865,0.611683,-0.98275,-0.326947,1.13032,0.7344,0.7836,0.8656,0.08
u7581,0.014,-12.8306,-13.6534,-4.0463,0.338595,-1.52821,1.12902,0.6515,0.7629,0.9485,0.08
u7582,0.014,-8.586,12.6332,-9.81617,-1.27569,-1.7792,0.610671,0.6699,0.7675,0.9301,0.08
u7583,0.014,-0.616576,-19.9297,-4.47138,2.21343,-0.983232,-0.0891131,0.6285,0.7571,0.9715,0.08
u7584,0.014,-5.14169,-18.6973,5.88792,1.66923,-0.16412,-0.264002,0.6315,0.7579,0.9685,0.08
u7585,0.014,1.05497,9.21131,0.639667,-2.40036,-0.506769,-0.335577,0.831,0.8078,0.769,0.08
u7586,0.014,11.928,-17.4362,2.78528,1.07874,0.46439,0.214443,0.6126,0.7531,0.9874,0.08
u7587,0.014,0.415828,-1.26096,1.87169,0.589975,1.25547,0.77482,0.9583,0.8396,0.6417,0.08
u7588,0.014,9.04244,19.119,-3.6454,-1.31337,1.22792,-0.637222,0.6098,0.7524,0.9902,0.08
u7589,0.014,3.51258,8.11107,10.78,0.303124,0.646902,-0.274761,0.7465,0.7866,0.8535,0.08
u7590,0.014,-3.39866,0.314012,11.7821,-0.881602,-1.01423,-0.448361,0.777,0.7942,0.823,0.08
u7591,0.014,14.2633,0.745844,-3.34943,0.723007,0.414406,0.0261257,0.7333,0.7833,0.8667,0.08
u7592,0.014,-9.58913,4.26603,3.47087,-0.376223,0.318937,-0.452896,0.799,0.7998,0.801,0.08
u7593,0.014,-11.0353,-1.85105,11.2408,-0.114768,1.29423,-0.644201,0.7116,0.7779,0.8884,0.08
u7594,0.014,-12.7276,1.63735,7.12307,-0.207052,0.436442,-1.39892,0.7331,0.7833,0.8669,0.08
u7595,0.014,4.18685,13.9224,-9.60314,-0.237631,-0.0152778,-1.84127,0.6832,0.7708,0.9168,0.08
u7596,0.014,0.0673802,-5.11653,-9.48002,0.651162,0.249546,0.6369,0.8041,0.801,0.7959,0.08
u7597,0.014,-3.44473,-8.71514,-10.1803,0.471633,0.208888,0.165006,0.7484,0.7871,0.8516,0.08
u7598,0.014,3.82352,-1.71279,-10.0143,-0.323444,-0.521094,-1.78712,0.8026,0.8007,0.7974,0.08
u7599,0.014,6.51826,16.9416,6.36433,-1.6198,-1.53155,-0.538422,0.6503,0.7626,0.9497,0.08
u7600,0.014,8.53253,-4.68486,-5.53292,-0.850703,-0.478295,0.171172,0.7964,0.7991,0.8036,0.08
u7601,0.014,4.40881,-5.02966,-13.8674,0.619154,0.0526705,-0.466605,0.7201,0.78,0.8799,0.08
u7602,0.014,-19.1673,-9.28921,0.380673,0.193762,-1.68957,2.72305,0.6127,0.7532,0.9873,0.08
u7603,0.014,7.8579,-12.6066,-9.72803,0.0885202,0.882636,-0.412583,0.6771,0.7693,0.9229,0.08
u7604,0.014,-11.4449,1.80584,9.39818,-0.442266,-1.19959,-1.30122,0.7287,0.7822,0.8713,0.08
u7605,0.014,8.37084,-2.77419,-4.82671,1.28799,0.59381,-0.0286193,0.8172,0.8043,0.7828,0.08
u7606,0.014,-16.7417,12.6719,-2.74475,-0.620989,-0.401232,-0.715961,0.615,0.7537,0.985,0.08
u7607,0.014,-4.33834,-10.717,3.50863,2.54824,1.05748,-0.263945,0.7803,0.7951,0.8197,0.08
u7608,0.014,-4.68871,-20.5265,-3.58566,1.53342,0.571857,0.586351,0.6117,0.7529,0.9883,0.08
u7609,0.014,-5.99438,-3.49168,-6.91459,0.399475,0.106623,-0.672432,0.8219,0.8055,0.7781,0.08
u7610,0.014,5.48213,-9.81808,0.0548279,0.658182,0.61747,-1.10511,0.7955,0.7989,0.8045,0.08
u7611,0.014,-14.8143,-10.6401,-1.95796,0.273601,-1.60888,-0.198511,0.6665,0.7666,0.9335,0.08
u7612,0.014,14.7705,-10.6056,4.07126,2.07141,1.71502,-0.587789,0.6612,0.7653,0.9388,0.08
u7613,0.014,-0.77849,0.847657,8.55321,-0.562188,-0.24287,1.92978,0.8431,0.8108,0.7569,0.08
u7614,0.014,12.0745,9.05731,6.34255,-1.35443,-0.83308,-0.288544,0.7023,0.7756,0.8977,0.08
u7615,0.014,-12.0682,0.254918,-10.2377,-0.674125,-1.35646,-0.0350368,0.7122,0.7781,0.8878,0.08
u7616,0.014,-7.14979,15.3994,1.79125,-1.77052,-0.209493,1.93862,0.6896,0.7724,0.9104,0.08
u7617,0.014,-6.55349,12.1428,1.08558,1.28226,-0.0707488,-0.00382235,0.7483,0.7871,0.8517,0.08
u7618,0.014,5.23118,17.1683,-1.75613,-1.51729,1.09419,0.232974,0.6721,0.768,0.9279,0.08
u7619,0.014,-1.76549,-15.5934,-8.53263,0.66079,-0.956308,-0.245581,0.6752,0.7688,0.9248,0.08
u7620,0.014,-7.06153,0.987654,-2.15192,0.116137,-0.233014,0.0256101,0.8646,0.8161,0.7354,0.08
u7621,0.014,12.4108,5.56734,-0.996516,-0.354948,0.589988,-0.502098,0.752,0.788,0.848,0.08
u7622,0.014,-3.13322,-12.1667,-1.28994,0.136608,-0.489241,-1.21836,0.7704,0.7926,0.8296,0.08
u7623,0.014,11.6303,-9.45769,-8.24486,-2.45873,1.1185,0.334081,0.6889,0.7722,0.9111,0.08
u7624,0.014,-15.2202,4.24545,-8.19904,-0.436456,0.478173,0.436498,0.6763,0.7691,0.9237,0.08
u7625,0.014,14.2867,2.91558,8.78749,-0.286091,-0.455505,-2.10605,0.6905,0.7726,0.9095,0.08
u7626,0.014,4.20793,-10.4508,-2.87904,0.491727,-0.612423,0.549782,0.7886,0.7971,0.8114,0.08
u7627,0.014,-1.6183,16.1026,-9.01033,-1.68182,0.281473,1.07873,0.6632,0.7658,0.9368,0.08
u7628,0.014,9.45275,-0.306045,-2.7845,1.59035,-0.692332,0.506951,0.8207,0.8052,0.7793,0.08
u7629,0.014,18.5344,-5.58941,7.46938,0.195942,0.0861695,1.00891,0.6227,0.7557,0.9773,0.08
u7630,0.014,15.7508,12.795,2.75394,0.0993389,1.56557,0.147873,0.6277,0.7569,0.9723,0.08
u7631,0.014,19.8416,-3.59384,-5.39808,-1.53167,3.14887,0.492262,0.6205,0.7551,0.9795,0.08
u7632,0.014,2.78462,-19.1016,-3.96477,2.22143,-0.95345,0.527427,0.6417,0.7604,0.9583,0.08
u7633,0.014,6.73007,-13.4764,-4.84407,2.5432,-0.309827,-2.21278,0.7123,0.7781,0.8877,0.08
u7634,0.014,-15.5231,-0.334142,8.19801,-0.0473747,0.246077,-0.0694752,0.6808,0.7702,0.9192,0.08
u7635,0.014,-2.88027,0.156185,12.0917,0.0286626,0.414025,-0.142432,0.774,0.7935,0.826,0.08
u7636,0.014,14.9998,-6.5885,9.49013,0.597022,0.168814,-0.418567,0.6558,0.7639,0.9442,0.08
u7637,0.014,-15.7012,-7.12252,-1.18086,0.653801,-1.20341,0.631781,0.6858,0.7714,0.9142,0.08
u7638,0.014,-19.5303,-5.73832,-4.94391,2.47627,-0.348584,-0.836209,0.6191,0.7548,0.9809,0.08
u7639,0.014,-6.75728,7.04816,4.01194,-0.857319,0.504752,0.392979,0.8081,0.802,0.7919,0.08
u7640,0.014,-7.36315,1.52492,-2.66857,-0.324671,-0.316411,0.0845372,0.8549,0.8137,0.7451,0.08
u7641,0.014,-1.07592,-10.2986,-2.92788,0.709388,-0.485818,-0.534508,0.8044,0.8011,0.7956,0.08
u7642,0.014,-9.35583,6.51969,-3.3251,-1.41677,1.29494,0.15184,0.784,0.796,0.816,0.08
u7643,0.014,-11.3488,-0.881508,-11.0501,-0.677466,-0.301133,1.34779,0.7116,0.7779,0.8884,0.08
u7644,0.014,6.29897,-14.8821,10.5504,-0.37198,-0.165737,-1.04873,0.6491,0.7623,0.9509,0.08
u7645,0.014,1.14294,5.70715,2.92401,0.159603,-0.794117,-1.20627,0.8816,0.8204,0.7184,0.08
u7646,0.014,8.27523,-14.4106,8.58353,0.0948921,0.293413,1.68241,0.6599,0.765,0.9401,0.08
u7647,0.014,-9.47712,-2.6969,0.0220098,0.478973,0.904081,-0.693282,0.8208,0.8052,0.7792,0.08
u7648,0.014,-11.1062,-7.87755,-3.59826,1.32989,-0.34515,-0.823746,0.7439,0.786,0.8561,0.08
u7649,0.014,1.46806,16.2178,7.15274,-0.948986,-1.65186,-0.495687,0.6766,0.7692,0.9234,0.08
u7650,0.014,-2.14452,4.53822,15.129,-0.612078,-0.00417485,0.0449737,0.7102,0.7775,0.8898,0.08
u7651,0.014,6.72607,-11.7956,8.98984,0.729022,1.39168,2.43367,0.7039,0.776,0.8961,0.08
u7652,0.014,-14.359,-0.873956,-3.2362,-0.54598,-0.731295,0.111671,0.7319,0.783,0.8681,0.08
u7653,0.014,-7.15904,10.2631,0.961142,-0.0380862,-1.37511,-0.366356,0.7718,0.793,0.8282,0.08
u7654,0.014,-2.39251,16.2973,-1.90324,-1.12001,-0.936413,-0.0103558,0.6985,0.7746,0.9015,0.08
u7655,0.014,4.89391,1.65225,7.38466,-0.316779,1.37153,-0.0851943,0.8361,0.809,0.7639,0.08
u7656,0.014,18.5693,-8.45848,-3.22806,-1.28562,1.11579,-0.0890818,0.6244,0.7561,0.9756,0.08
u7657,0.014,-11.9167,8.30884,-3.50843,-1.43642,-0.279554,-0.270389,0.7283,0.7821,0.8717,0.08
u7658,0.014,10.559,-4.23082,-2.21888,-0.303844,0.294694,-0.152919,0.7893,0.7973,0.8107,0.08
u7659,0.014,-7.04738,9.55365,5.2205,0.00944029,-0.521387,0.126792,0.7642,0.7911,0.8358,0.08
u7660,0.014,-17.9984,-5.73566,-4.80369,0.216536,-0.869745,0.796257,0.6456,0.7614,0.9544,0.08
u7661,0.014,7.03628,16.4721,-3.7101,0.811713,-0.234335,-0.0512709,0.6674,0.7669,0.9326,0.08
u7662,0.014,-2.81366,6.79005,12.6391,-0.470983,-1.74729,-1.06322,0.7342,0.7835,0.8658,0.08
u7663,0.014,9.60269,-4.85014,-3.56475,1.32186,1.21259,-0.744772,0.7939,0.7985,0.8061,0.08
u7664,0.014,-2.35111,20.5502,-4.68414,-0.903826,0.154137,-0.143906,0.6144,0.7536,0.9856,0.08
u7665,0.014,12.5584,5.66523,12.3309,0.933574,0.489072,-0.0788464,0.6638,0.766,0.9362,0.08
u7666,0.014,18.855,-3.38857,2.12493,-0.411455,1.85399,0.185268,0.6496,0.7624,0.9504,0.08
u7667,0.014,5.92194,-19.8534,-3.60447,1.94465,-0.964264,-0.102154,0.6177,0.7544,0.9823,0.08
u7668,0.014,7.90744,14.5217,-10.5393,0.418006,-0.609917,0.413049,0.6435,0.7609,0.9565,0.08
u7669,0.014,-4.16191,1.66535,-0.764395,-0.513684,-0.885614,0.528579,0.9173,0.8293,0.6827,0.08
u7670,0.014,-8.33532,0.852986,-8.28726,0.147798,-1.00398,1.18664,0.7857,0.7964,0.8143,0.08
u7671,0.014,0.382004,10.9488,4.58071,0.615457,-0.661845,0.258233,0.7841,0.796,0.8159,0.08
u7672,0.014,-0.9659,0.11961,-1.56828,-1.22665,-1.2939,-0.0928572,0.9664,0.8416,0.6336,0.08
u7673,0.014,13.9305,13.4337,-3.19349,0.307282,0.939356,-0.298496,0.6434,0.7608,0.9566,0.08
u7674,0.014,-8.43764,-7.72418,9.50273,-0.23716,0.493014,0.724543,0.7296,0.7824,0.8704,0.08
u7675,0.014,2.55356,-0.168166,-5.85343,1.05874,0.750289,-0.514962,0.8838,0.821,0.7162,0.08
u7676,0.014,-17.727,0.514897,-5.19692,0.108632,-0.390253,-0.609165,0.664,0.766,0.936,0.08
u7677,0.014,-5.76012,5.86593,-1.94708,0.129995,-2.14703,-0.139296,0.8464,0.8116,0.7536,0.08
u7678,0.014,-6.29861,15.7565,8.00973,-1.63111,0.0918825,0.148148,0.6588,0.7647,0.9412,0.08
u7679,0.014,3.56,6.58943,13.7215,-1.12944,1.67284,-0.376802,0.7158,0.7789,0.8842,0.08
u7680,0.014,17.9409,-9.50587,-2.86961,-0.289279,1.13872,-0.836039,0.6272,0.7568,0.9728,0.08
u7681,0.014,1.97765,-7.34825,0.578064,1.1326,-0.867284,-1.86977,0.8612,0.8153,0.7388,0.08
u7682,0.014,-11.0287,-8.16676,-6.19561,-0.400301,0.584513,0.304985,0.7262,0.7816,0.8738,0.08
u7683,0.014,-4.5638,-13.5426,-5.28477,-0.552105,0.0259276,0.119589,0.723,0.7807,0.877,0.08
u7684,0.014,-13.0587,6.85532,10.1611,-0.0286131,-1.11664,0.406302,0.6744,0.7686,0.9256,0.08
u7685,0.014,-6.05972,-11.5698,1.75918,-0.635603,0.671538,-0.326563,0.7604,0.7901,0.8396,0.08
u7686,0.014,-6.58149,7.88683,10.3764,-1.96705,-1.53103,0.64594,0.7345,0.7836,0.8655,0.08
u7687,0.014,6.66013,6.82,7.89421,-2.10996,0.561047,0.391501,0.775,0.7937,0.825,0.08
u7688,0.014,-14.5188,-8.28578,8.48899,1.95614,-2.71972,-1.28255,0.6591,0.7648,0.9409,0.08
u7689,0.014,-5.46417,16.9811,4.34894,-1.91179,0.182011,1.26827,0.6662,0.7665,0.9338,0.08
u7690,0.014,4.81528,18.7902,-4.02034,-1.50133,0.0425398,1.00823,0.6398,0.76,0.9602,0.08
u7691,0.014,-15.1324,-13.8729,1.00611,-0.355222,-2.11752,-1.48275,0.6263,0.7566,0.9737,0.08
u7692,0.014,-17.4958,-5.21624,8.13108,-0.006213,-2.65576,0.631472,0.6366,0.7592,0.9634,0.08
u7693,0.014,-6.34797,-6.15082,7.08531,-1.14228,0.489519,-0.0597068,0.794,0.7985,0.806,0.08
u7694,0.014,2.09454,-8.13332,-11.4557,1.84344,0.0344511,0.159245,0.7417,0.7854,0.8583,0.08
u7695,0.014,-8.61044,-2.22197,-1.55788,0.438837,-0.556644,-1.48527,0.8359,0.809,0.7641,0.08
u7696,0.014,6.56362,4.77174,-13.6957,0.131644,1.7684,-0.132183,0.7106,0.7776,0.8894,0.08
u7697,0.014,-19.7625,5.51143,3.77381,0.377523,-0.455089,1.3585,0.6207,0.7552,0.9793,0.08
u7698,0.014,-7.52597,4.35122,8.19909,0.702836,0.0287382,-0.613918,0.7827,0.7957,0.8173,0.08
u7699,0.014,-12.2815,-0.859359,1.57403,-2.01156,-0.0456131,1.0958,0.7743,0.7936,0.8257,0.08
u7700,0.014,-16.2459,13.9583,0.772002,0.190726,-0.105488,-1.18723,0.6103,0.7526,0.9897,0.08
u7701,0.014,3.26874,9.84082,7.38267,-0.751537,-1.45797,-0.527051,0.7686,0.7921,0.8314,0.08
u7702,0.014,6.67392,-9.18036,-6.35667,-0.282301,-0.450293,-0.410852,0.7635,0.7909,0.8365,0.08
u7703,0.014,10.3034,-1.65982,1.62155,0.518115,-1.2475,0.527197,0.808,0.802,0.792,0.08
u7704,0.014,-3.38178,19.9343,-2.62214,-0.991483,-0.137612,0.243842,0.6293,0.7573,0.9707,0.08
u7705,0.014,-9.2696,16.5066,-6.38014,-1.48674,-1.74679,-0.520417,0.6368,0.7592,0.9632,0.08
u7706,0.014,1.36896,18.9472,-2.43285,-1.78416,0.293424,2.35151,0.6518,0.7629,0.9482,0.08
u7707,0.014,4.105,-4.8499,2.64905,1.34888,-0.901915,0.330128,0.8748,0.8187,0.7252,0.08
u7708,0.014,11.6117,2.9899,3.48498,0.115902,2.31428,-0.370249,0.773,0.7932,0.827,0.08
u7709,0.014,-7.58994,11.7398,-3.64789,-2.0147,-1.25627,0.372956,0.7373,0.7843,0.8627,0.08
u7710,0.014,6.66075,6.78305,-1.69151,2.08441,-0.0819299,-1.33876,0.8244,0.8061,0.7756,0.08
u7711,0.014,-9.535,12.6455,4.62701,-0.815316,-0.474477,-0.959617,0.7,0.775,0.9,0.08
u7712,0.014,9.25941,15.2589,-6.81128,-1.23939,0.313983,-0.426464,0.6527,0.7632,0.9473,0.08
u7713,0.014,11.0477,-3.20571,11.1977,0.177411,0.441616,-0.190955,0.7081,0.777,0.8919,0.08
u7714,0.014,-5.87854,-5.58109,13.4573,0.950627,1.37108,0.449882,0.7144,0.7786,0.8856,0.08
u7715,0.014,-0.649669,7.2253,11.1066,-0.0540739,-0.0814468,1.34969,0.7588,0.7897,0.8412,0.08
u7716,0.014,13.3816,-1.17249,-8.67342,-0.794709,0.592091,0.258521,0.7093,0.7773,0.8907,0.08
u7717,0.014,-11.8881,13.5783,4.25573,-0.666967,-0.280467,-0.885123,0.6629,0.7657,0.9371,0.08
u7718,0.014,8.11278,18.2549,6.17498,-0.442691,-1.68194,0.0532715,0.6198,0.755,0.9802,0.08
u7719,0.014,-14.4605,14.618,3.9924,-1.01474,-1.85204,-0.102375,0.6192,0.7548,0.9808,0.08
u7720,0.014,-7.05258,11.539,-5.65732,-1.18211,0.473443,0.192734,0.7335,0.7834,0.8665,0.08
u7721,0.014,1.21796,6.50327,-1.75212,-1.00546,2.26192,-2.37287,0.8756,0.8189,0.7244,0.08
u7722,0.014,3.37123,-12.9578,-0.844579,-0.0667475,-0.834807,-0.685847,0.7561,0.789,0.8439,0.08
u7723,0.014,7.44647,10.6755,-9.90108,-1.49964,0.559343,1.07101,0.7027,0.7757,0.8973,0.08
u7724,0.014,-5.54362,-12.0422,-13.0314,0.764189,1.29009,-0.00561538,0.662,0.7655,0.938,0.08
u7725,0.014,9.73328,-6.81201,-12.9705,-0.292747,1.00972,-0.243755,0.6802,0.7701,0.9198,0.08
u7726,0.014,7.79034,-0.630556,8.27163,-1.55566,-1.34143,0.488573,0.7931,0.7983,0.8069,0.08
u7727,0.014,-2.60923,-11.3319,5.26397,0.748649,0.0851915,-0.708723,0.7679,0.792,0.8321,0.08
u7728,0.014,-5.76431,11.4218,12.7857,-0.767099,-1.7973,-0.417411,0.6711,0.7678,0.9289,0.08
u7729,0.014,-4.40668,4.44202,3.02714,0.10155,-0.985267,0.125241,0.8736,0.8184,0.7264,0.08
u7730,0.014,4.76758,16.0056,3.07349,-1.12791,-1.38056,0.0680937,0.6913,0.7728,0.9087,0.08
u7731,0.014,-14.4273,-4.21769,6.72445,0.377292,-0.398286,0.19048,0.7006,0.7752,0.8994,0.08
u7732,0.014,-15.3725,3.18572,6.10248,-0.695976,-2.84445,-1.44113,0.6938,0.7734,0.9062,0.08
u7733,0.014,7.81729,19.3945,-4.83395,-1.36313,-1.52205,0.38761,0.6098,0.7524,0.9902,0.08
u7734,0.014,-3.30239,12.6713,-8.29641,0.0528618,0.0513675,-0.374931,0.7182,0.7795,0.8818,0.08
u7735,0.014,-2.33149,19.0046,2.48852,-2.29868,1.03853,-0.550001,0.6489,0.7622,0.9511,0.08
u7736,0.014,16.4936,-6.96317,9.05616,0.226148,1.38728,-0.215446,0.6352,0.7588,0.9648,0.08
u7737,0.014,-13.893,-9.28777,-10.2899,-1.25396,-0.821102,0.604998,0.6432,0.7608,0.9568,0.08
u7738,0.014,5.32752,2.78588,8.1837,0.59988,0.0297303,-2.1735,0.8154,0.8038,0.7846,0.08
u7739,0.014,-5.70765,-14.2569,10.9765,-0.567242,-0.189444,-0.349418,0.6568,0.7642,0.9432,0.08
u7740,0.014,10.6947,-8.63032,-10.6242,0.772837,-0.309879,-0.427986,0.6842,0.771,0.9158,0.08
u7741,0.014,14.7062,-8.22532,2.31666,-0.236321,0.88118,0.649322,0.6908,0.7727,0.9092,0.08
u7742,0.014,10.6124,-5.08615,2.94815,-0.403398,1.01792,0.102843,0.7794,0.7949,0.8206,0.08
u7743,0.014,-4.10614,-1.87778,-3.08014,-1.57713,0.35725,-1.18122,0.9006,0.8252,0.6994,0.08
u7744,0.014,-7.84621,11.5618,11.7571,-1.27443,-0.223291,1.43129,0.668,0.767,0.932,0.08
u7745,0.014,-9.16851,-18.2045,5.92805,2.54119,-0.274221,1.6974,0.614,0.7535,0.986,0.08
u7746,0.014,-16.875,5.81125,2.32697,0.0834751,-0.239523,0.21726,0.6728,0.7682,0.9272,0.08
u7747,0.014,12.5853,2.22149,10.2332,-1.45577,1.08101,-0.689453,0.7023,0.7756,0.8977,0.08
u7748,0.014,-19.9588,0.846804,-5.67927,1.18115,-0.958235,1.53977,0.6224,0.7556,0.9776,0.08
u7749,0.014,4.2273,2.74081,15.1388,-0.149509,0.278196,0.700214,0.7099,0.7775,0.8901,0.08
u7750,0.014,3.84487,16.3837,-4.54571,-0.161211,-0.689143,-0.500347,0.6831,0.7708,0.9169,0.08
u7751,0.014,-16.4678,14.269,-1.75001,-0.788154,0.367035,1.55682,0.6025,0.7506,0.9975,0.08
u7752,0.014,2.02181,-19.7685,4.88497,1.39693,-0.872915,0.749769,0.6279,0.757,0.9721,0.08
u7753,0.014,-3.01604,-4.57137,-10.6473,2.40422,0.266012,-1.60684,0.7823,0.7956,0.8177,0.08
u7754,0.014,17.6424,2.98156,5.97028,-1.48346,1.91788,-0.49043,0.657,0.7643,0.943,0.08
u7755,0.014,20.2695,8.27044,-1.44454,-0.968986,1.09637,-0.476341,0.6011,0.7503,0.9989,0.08
u7756,0.014,-18.7672,5.17622,3.78153,-0.133353,-1.00876,0.171189,0.6394,0.7599,0.9606,0.08
u7757,0.014,4.19594,2.13237,3.11553,1.60356,-1.35013,-0.441991,0.8974,0.8243,0.7026,0.08
u7758,0.014,-6.0251,-14.7112,-5.34811,1.65046,0.681552,-1.62081,0.695,0.7738,0.905,0.08
u7759,0.014,11.9224,3.48969,-6.14589,0.0795165,0.939731,-1.11994,0.748,0.787,0.852,0.08
u7760,0.014,-13.4546,8.2376,-10.5888,-0.237441,-0.334816,0.934599,0.6545,0.7636,0.9455,0.08
u7761,0.014,11.2103,10.9815,-5.13898,-0.509072,0.501645,-0.273735,0.6998,0.7749,0.9002,0.08
u7762,0.014,13.8001,11.2542,8.97212,-0.182638,0.30873,0.216355,0.6375,0.7594,0.9625,0.08
u7763,0.014,-0.918482,9.58219,-10.5938,-0.643684,0.994978,-0.0644875,0.7397,0.7849,0.8603,0.08
u7764,0.014,-12.5896,-16.2348,2.61371,1.84516,-0.82262,0.0370801,0.6235,0.7559,0.9765,0.08
u7765,0.014,-2.08501,-18.7985,4.04174,0.2739,0.568734,0.290599,0.6483,0.7621,0.9517,0.08
u7766,0.014,-1.48712,-13.9593,-9.38023,0.0761293,-0.570393,-1.13175,0.693,0.7733,0.907,0.08
u7767,0.014,-4.40695,8.85693,-3.47023,0.900202,-0.423584,-2.02169,0.8094,0.8023,0.7906,0.08
u7768,0.014,-7.28367,-10.8293,-1.1574,0.613305,-1.04624,1.02953,0.7618,0.7904,0.8382,0.08
u7769,0.014,-6.12175,9.24767,-13.2166,-0.0222545,0.900374,-0.357696,0.6863,0.7716,0.9137,0.08
u7770,0.014,-3.70675,10.959,4.46678,-0.435467,-0.996908,1.19757,0.7745,0.7936,0.8255,0.08
u7771,0.014,-5.69917,13.0482,-6.07169,0.358963,1.86081,1.10878,0.7186,0.7796,0.8814,0.08
u7772,0.014,-7.76474,10.1244,-11.0918,0.13947,-1.04583,-0.959529,0.6926,0.7732,0.9074,0.08
u7773,0.014,8.51072,5.46961,3.02915,0.290734,-0.0970092,0.350842,0.808,0.802,0.792,0.08
u7774,0.014,13.6493,-0.256728,8.19661,-0.633697,0.456549,-0.978055,0.7105,0.7776,0.8895,0.08
u7775,0.014,5.91419,-13.3268,-7.70823,-0.369591,-1.07678,1.07583,0.7001,0.775,0.8999,0.08
u7776,0.014,21.6934,-1.75192,-0.955208,0.998288,0.0111846,-0.0313395,0.6039,0.751,0.9961,0.08
u7777,0.014,-1.00526,1.09005,-12.5377,-0.149539,-0.550502,-0.271557,0.7705,0.7926,0.8295,0.08
u7778,0.014,-3.58151,-8.3808,-13.3919,1.31504,0.61251,-0.456082,0.7055,0.7764,0.8945,0.08
u7779,0.014,7.56594,1.70394,9.76901,0.823288,-0.573364,0.374026,0.7732,0.7933,0.8268,0.08
u7780,0.014,-11.5505,-5.74526,12.9484,0.247807,0.0452456,-0.824405,0.6677,0.7669,0.9323,0.08
u7781,0.014,19.4185,9.23163,3.31549,0.0496191,2.3997,1.38806,0.6044,0.7511,0.9956,0.08
u7782,0.014,-9.16028,5.29759,7.31992,0.695014,-0.417901,0.822958,0.7661,0.7915,0.8339,0.08
u7783,0.014,-11.2295,-6.10878,-11.0349,1.33462,0.273971,0.801707,0.693,0.7732,0.907,0.08
u7784,0.014,-12.1046,8.04395,-10.3383,-0.256086,-1.70741,-0.276072,0.6757,0.7689,0.9243,0.08
u7785,0.014,-8.92403,-3.14757,-8.73912,-0.882265,-0.381257,0.34779,0.7658,0.7915,0.8342,0.08
u7786,0.014,13.9406,-15.1368,-4.55026,1.97068,0.671754,0.00897281,0.6168,0.7542,0.9832,0.08
u7787,0.014,0.785169,12.8897,7.00705,-0.882683,0.3677,-0.220063,0.7329,0.7832,0.8671,0.08
u7788,0.014,14.1198,6.86512,-5.22961,-0.850402,1.13491,0.697807,0.6991,0.7748,0.9009,0.08
u7789,0.014,3.43161,-17.013,3.717,-0.0670949,-2.27515,1.18124,0.6773,0.7693,0.9227,0.08
u7790,0.014,8.74674,-14.1505,-10.5469,1.20992,0.794051,0.412399,0.6419,0.7605,0.9581,0.08
u7791,0.014,-4.4719,-13.4726,10.8927,0.591091,-0.313884,0.120753,0.6747,0.7687,0.9253,0.08
u7792,0.014,8.61634,-14.4923,9.29906,1.25611,1.32133,-0.523918,0.6499,0.7625,0.9501,0.08
u7793,0.014,4.54563,15.5937,-9.82484,-0.647119,0.525196,-0.834947,0.6549,0.7637,0.9451,0.08
u7794,0.014,-0.934592,-3.87289,5.63201,0.00962013,0.392611,0.970867,0.8746,0.8186,0.7254,0.08
u7795,0.014,-0.883336,1.51519,-13.1022,-1.06073,-1.0348,1.06974,0.7597,0.7899,0.8403,0.08
u7796,0.014,-9.81357,10.1109,4.43265,-0.669583,-0.862014,0.968647,0.7314,0.7829,0.8686,0.08
u7797,0.014,7.90488,-13.6196,-1.13877,1.25489,0.916729,0.704725,0.7129,0.7782,0.8871,0.08
u7798,0.014,-4.78514,7.65473,12.1261,1.15001,-0.36114,-0.335998,0.7251,0.7813,0.8749,0.08
u7799,0.014,-7.027,19.5725,4.6048,-0.630006,0.148027,-2.0915,0.6127,0.7532,0.9873,0.08
u7800,0.014,8.35275,-2.83854,6.04136,0.63685,0.395479,-0.0916409,0.8056,0.8014,0.7944,0.08
u7801,0.014,-7.36682,20.5109,1.38525,0.0164111,-0.383699,0.167061,0.603,0.7507,0.997,0.08
u7802,0.014,11.7179,9.07062,-3.94992,-0.97983,1.45169,0.0838864,0.7212,0.7803,0.8788,0.08
u7803,0.014,14.0039,8.21757,-6.36445,-1.1804,1.80409,-0.407551,0.6829,0.7707,0.9171,0.08
u7804,0.014,-19.2438,0.174262,0.972829,0.34169,-0.550385,-1.25467,0.6497,0.7624,0.9503,0.08
u7805,0.014,9.00654,-0.672945,6.2799,0.566485,0.36192,-0.196521,0.8,0.8,0.8,0.08
u7806,0.014,15.8371,-3.85878,-11.0051,-1.07454,0.851916,0.392434,0.6424,0.7606,0.9576,0.08
u7807,0.014,-2.93959,9.01972,11.9748,-0.154264,0.509411,0.611792,0.7222,0.7806,0.8778,0.08
u7808,0.014,-4.44481,-10.2682,-7.51917,1.49505,0.657217,2.01005,0.7549,0.7887,0.8451,0.08
u7809,0.014,11.0027,9.42226,0.548735,-0.865813,0.358785,1.18021,0.7364,0.7841,0.8636,0.08
u7810,0.014,-17.4447,-4.88419,-5.23477,0.260506,-0.106597,-0.353966,0.6572,0.7643,0.9428,0.08
u7811,0.014,-9.82841,10.4634,-1.57874,-1.84502,-1.06427,-1.28929,0.7374,0.7844,0.8626,0.08
u7812,0.014,2.17571,10.9444,6.96679,-0.279807,-0.517865,0.0175113,0.7608,0.7902,0.8392,0.08
u7813,0.014,-7.71407,-2.04403,6.51496,0.139246,-0.0202266,1.09185,0.8127,0.8032,0.7873,0.08
u7814,0.014,16.1391,11.6011,-6.89627,-0.56742,1.42837,-0.49522,0.6175,0.7544,0.9825,0.08
u7815,0.014,-20.7675,-2.61703,-4.33907,-0.804743,-0.839423,-0.71119,0.6113,0.7528,0.9887,0.08
u7816,0.014,11.3407,-14.7748,-1.39625,1.15045,1.5888,-0.796993,0.6604,0.7651,0.9396,0.08
u7817,0.014,-11.5903,-18.0229,2.2276,-0.357958,-0.873099,0.898072,0.6083,0.7521,0.9917,0.08
u7818,0.014,6.08227,12.9137,4.54903,-0.134091,0.157691,0.420449,0.7276,0.7819,0.8724,0.08
u7819,0.014,-4.37201,-9.34062,-5.37999,0.8092,-0.8103,-0.423162,0.7885,0.7971,0.8115,0.08
u7820,0.014,-8.74605,-6.66075,-11.6334,1.30641,0.197846,-0.448016,0.709,0.7772,0.891,0.08
u7821,0.014,-1.21987,4.69538,-10.8264,0.694739,0.304343,1.39724,0.7843,0.7961,0.8157,0.08
u7822,0.014,2.73987,-12.511,-2.75842,0.79733,0.0281589,1.09208,0.7618,0.7904,0.8382,0.08
u7823,0.014,18.6945,7.94947,5.46085,-0.411267,0.461557,0.807882,0.6175,0.7544,0.9825,0.08
u7824,0.014,18.0829,-10.4215,-2.90263,0.326842,1.33522,-0.458476,0.6169,0.7542,0.9831,0.08
u7825,0.014,2.00524,-10.591,-11.2744,0.885614,-0.122827,1.49474,0.7164,0.7791,0.8836,0.08
u7826,0.014,-12.0352,-12.2708,-9.25367,0.0423803,-0.00796977,-1.13462,0.6451,0.7613,0.9549,0.08
u7827,0.014,-9.63507,7.644,-2.50978,-0.914017,-1.82045,-0.525047,0.7718,0.7929,0.8282,0.08
u7828,0.014,7.54304,-7.69455,-6.09038,-0.690372,-0.538504,0.364431,0.775,0.7937,0.825,0.08
u7829,0.014,17.7162,5.3053,6.76455,-0.259402,0.998996,0.291599,0.642,0.7605,0.958,0.08
u7830,0.014,6.15501,3.94147,-12.927,0.0519161,-0.857898,-1.32275,0.73,0.7825,0.87,0.08
u7831,0.014,7.51028,4.54023,15.0783,-0.630691,0.243955,-0.703394,0.6828,0.7707,0.9172,0.08
u7832,0.014,-5.31487,-7.67554,5.36178,-0.609181,-1.14846,-0.260151,0.8043,0.8011,0.7957,0.08
u7833,0.014,-8.27434,-5.58608,-5.91653,0.0883242,0.977265,0.542954,0.789,0.7973,0.811,0.08
u7834,0.014,16.5544,-10.9363,2.49886,-0.567852,0.0851679,0.359565,0.6364,0.7591,0.9636,0.08
u7835,0.014,-9.88007,-12.7761,-3.35401,0.327583,-0.761412,-0.357312,0.7001,0.775,0.8999,0.08
u7836,0.014,-5.67007,13.0421,-6.18026,-1.33936,0.942101,-1.51934,0.7181,0.7795,0.8819,0.08
u7837,0.014,-7.90299,-9.57028,-13.5754,2.55031,-1.03227,-0.49912,0.6656,0.7664,0.9344,0.08
u7838,0.014,18.4525,0.933522,4.58558,-0.532615,0.571836,0.951533,0.6539,0.7635,0.9461,0.08
u7839,0.014,15.4735,-0.834039,1.6537,0.0221682,0.701922,-0.0875022,0.7167,0.7792,0.8833,0.08
u7840,0.014,2.64736,12.218,4.34416,-0.529856,-0.116633,-2.00108,0.7594,0.7898,0.8406,0.08
u7841,0.014,-3.22155,12.456,6.62601,0.0622332,0.382906,-0.297682,0.7369,0.7842,0.8631,0.08
u7842,0.014,-9.73696,-2.79985,9.28352,1.26212,-0.428664,-0.530857,0.7502,0.7875,0.8498,0.08
u7843,0.014,8.40555,7.32994,-13.1098,-1.19599,0.567184,0.715017,0.6871,0.7718,0.9129,0.08
u7844,0.014,10.0095,10.3099,1.31643,0.142735,1.10581,0.621316,0.7376,0.7844,0.8624,0.08
u7845,0.014,-0.854489,7.32946,-0.0935663,0.218006,1.082,0.343934,0.8658,0.8165,0.7342,0.08
u7846,0.014,4.72913,1.34817,7.50623,0.325861,0.969202,0.440646,0.8368,0.8092,0.7632,0.08
u7847,0.014,-9.47262,-15.6206,-4.68648,1.53438,-0.175281,0.992456,0.6571,0.7643,0.9429,0.08
u7848,0.014,-5.77134,12.6662,-2.15855,0.885461,-1.48825,-0.701261,0.7439,0.786,0.8561,0.08
u7849,0.014,14.3603,-1.10745,0.571103,0.256084,-0.0595055,0.914298,0.7379,0.7845,0.8621,0.08
u7850,0.014,14.36,8.45816,-1.23348,-1.03472,0.687458,0.582135,0.6962,0.774,0.9038,0.08
u7851,0.014,11.8589,-14.6287,-7.89501,0.586857,1.31797,0.156765,0.6287,0.7572,0.9713,0.08
u7852,0.014,-19.4979,4.50711,0.878301,-0.793357,-1.62208,1.31687,0.6358,0.7589,0.9642,0.08
u7853,0.014,-18.2919,-10.8395,-3.54985,0.8915,-1.0274,-0.688544,0.6081,0.752,0.9919,0.08
u7854,0.014,1.98269,-0.923876,-6.86409,-0.84266,0.0763768,0.725838,0.869,0.8173,0.731,0.08
u7855,0.014,-14.4644,11.9483,-7.26196,-0.912563,-1.20878,0.938404,0.6342,0.7586,0.9658,0.08
u7856,0.014,11.3251,0.189411,10.4267,-1.21674,0.473791,-0.103957,0.7201,0.78,0.8799,0.08
u7857,0.014,-1.51379,-14.9959,2.65761,1.83758,-0.215523,1.24248,0.7217,0.7804,0.8783,0.08
u7858,0.014,11.4571,8.86264,3.43925,-1.521,1.30768,0.738087,0.7293,0.7823,0.8707,0.08
u7859,0.014,-13.6428,6.05954,6.65128,-1.28165,-0.807578,-0.414955,0.7029,0.7757,0.8971,0.08
u7860,0.014,-3.994,-15.5357,1.33498,1.34102,-0.545878,0.950026,0.7073,0.7768,0.8927,0.08
u7861,0.014,-2.13856,12.6359,5.22806,-1.62544,-1.73124,1.72539,0.7483,0.7871,0.8517,0.08
u7862,0.014,3.77343,3.3606,11.0942,0.360339,0.0795049,1.01565,0.7783,0.7946,0.8217,0.08
u7863,0.014,1.86828,3.51169,5.43542,0.305578,-0.637552,-1.17651,0.8775,0.8194,0.7225,0.08
u7864,0.014,9.10611,-19.1187,-0.159289,1.3659,-0.703745,0.7264,0.615,0.7537,0.985,0.08
u7865,0.014,3.96929,17.1819,8.08356,-0.451235,-0.736836,0.645706,0.6473,0.7618,0.9527,0.08
u7866,0.014,-9.7446,-1.72329,-11.2047,0.0164695,-0.740184,-1.06067,0.7282,0.7821,0.8718,0.08
u7867,0.014,12.489,-3.57821,10.55,2.6383,1.48193,0.636793,0.6957,0.7739,0.9043,0.08
u7868,0.014,-2.55074,-11.2635,13.1004,0.239184,-0.617713,0.346275,0.6825,0.7706,0.9175,0.08
u7869,0.014,-8.275,-1.85437,-14.8563,-1.50019,-0.868472,0.0844428,0.689,0.7722,0.911,0.08
u7870,0.014,3.17178,13.0693,-10.1264,-1.70861,0.0447226,1.13088,0.6939,0.7735,0.9061,0.08
u7871,0.014,2.9294,9.56487,-1.80038,-0.906116,-0.883121,-0.446195,0.8152,0.8038,0.7848,0.08
u7872,0.014,-16.9043,-0.410588,-8.265,1.21536,-2.22662,-0.939617,0.6578,0.7644,0.9422,0.08
u7873,0.014,1.08623,10.6761,11.8174,-1.89461,-0.169007,-1.96733,0.7098,0.7774,0.8902,0.08
u7874,0.014,14.349,-9.36787,-8.55974,-0.246673,1.28683,-0.63085,0.6517,0.7629,0.9483,0.08
u7875,0.014,12.0114,7.98652,11.4553,-0.314126,0.630786,0.26981,0.6651,0.7663,0.9349,0.08
u7876,0.014,-16.0856,12.6572,-2.19559,0.286671,-1.92891,-0.986069,0.6257,0.7564,0.9743,0.08
u7877,0.014,10.1449,6.29367,13.2532,0.541034,0.700639,1.36296,0.6757,0.7689,0.9243,0.08
u7878,0.014,4.15747,12.3272,3.80054,-1.8929,-0.574592,0.821897,0.7536,0.7884,0.8464,0.08
u7879,0.014,-9.26292,10.6017,-12.3138,-1.04335,-2.25456,-0.318292,0.6599,0.765,0.9401,0.08
u7880,0.014,6.39757,12.1641,0.325116,0.475006,-0.75244,-0.188619,0.75,0.7875,0.85,0.08
u7881,0.014,0.200968,10.0747,-10.7265,-1.00947,1.31156,1.09443,0.7324,0.7831,0.8676,0.08
u7882,0.014,-16.4626,7.03234,-1.14255,-0.364086,-1.18874,-2.08837,0.6739,0.7685,0.9261,0.08
u7883,0.014,0.699448,11.6496,1.64158,0.652806,-1.20198,-0.987377,0.7857,0.7964,0.8143,0.08
u7884,0.014,-12.0536,-0.568272,8.93781,0.656539,0.754345,-1.51889,0.727,0.7817,0.873,0.08
u7885,0.014,8.74762,17.3487,-2.91398,0.981761,1.15796,-1.04137,0.6428,0.7607,0.9572,0.08
u7886,0.014,2.787,-9.93433,3.97273,0.578081,-0.912787,0.697923,0.799,0.7997,0.801,0.08
u7887,0.014,-13.3642,3.19247,10.2036,-0.549998,0.795119,-0.250819,0.6888,0.7722,0.9112,0.08
u7888,0.014,-4.02016,-18.5601,-7.97895,1.02101,-0.370345,-0.575208,0.6255,0.7564,0.9745,0.08
u7889,0.014,5.46177,-13.0723,3.09627,-0.274028,-1.05705,-0.264297,0.7363,0.7841,0.8637,0.08
u7890,0.014,-11.3612,-16.8813,5.33539,-0.123121,-1.26286,-0.651373,0.6175,0.7544,0.9825,0.08
u7891,0.014,-6.44224,-10.4745,-2.06637,0.962637,-0.658785,0.709492,0.7733,0.7933,0.8267,0.08
u7892,0.014,8.95469,9.81107,12.8737,-0.239804,-1.17768,-0.352367,0.6637,0.7659,0.9363,0.08
u7893,0.014,-0.7886,5.47829,-3.16994,-0.702838,0.401937,0.561294,0.884,0.821,0.716,0.08
u7894,0.014,-7.78559,6.25799,-8.29365,0.851502,-0.002877,0.794588,0.7639,0.791,0.8361,0.08
u7895,0.014,14.352,-8.95103,8.29077,-0.550031,0.823753,0.524665,0.6575,0.7644,0.9425,0.08
u7896,0.014,10.6537,1.48813,5.11842,0.150827,1.87015,0.0356239,0.7834,0.7959,0.8166,0.08
u7897,0.014,4.95677,15.0348,4.83739,-0.755996,0.586927,-1.05819,0.699,0.7748,0.901,0.08
u7898,0.014,6.07656,7.99187,3.63085,-1.39616,-0.336186,-0.441698,0.8059,0.8015,0.7941,0.08
u7899,0.014,7.32993,3.64842,-8.41607,-1.09895,1.88714,1.59535,0.7865,0.7966,0.8135,0.08
u7900,0.014,9.71761,8.49957,-1.21667,-1.08093,-1.10387,-0.130755,0.7642,0.7911,0.8358,0.08
u7901,0.014,-10.6534,-7.20681,-5.92684,0.401396,-0.667698,0.138587,0.7425,0.7856,0.8575,0.08
u7902,0.014,-2.84355,-8.45331,-13.1474,1.31607,0.0404643,-0.117691,0.7111,0.7778,0.8889,0.08
u7903,0.014,-3.16684,12.6646,9.92211,-0.864621,0.284972,-0.533901,0.7019,0.7755,0.8981,0.08
u7904,0.014,17.9157,-3.42061,3.13452,-0.875134,1.05444,-0.245096,0.6635,0.7659,0.9365,0.08
u7905,0.014,12.2051,-9.76289,-4.21241,2.24477,-0.252197,-0.184627,0.7057,0.7764,0.8943,0.08
u7906,0.014,3.82666,6.11841,-12.9195,-0.634884,0.151619,-0.321849,0.7309,0.7827,0.8691,0.08
u7907,0.014,-0.576983,4.09373,3.71719,-1.5308,0.187403,0.261959,0.8989,0.8247,0.7011,0.08
u7908,0.014,-3.38175,-10.1992,6.60231,-0.209319,0.454578,0.214393,0.7707,0.7927,0.8293,0.08
u7909,0.014,5.06682,-6.35944,13.0069,0.435105,0.987939,1.49816,0.7211,0.7803,0.8789,0.08
u7910,0.014,6.24585,1.63881,-7.63001,0.0193833,1.78622,-0.447767,0.8183,0.8046,0.7817,0.08
u7911,0.014,-0.460294,-16.7645,-2.12105,1.05603,0.166349,0.550493,0.6926,0.7732,0.9074,0.08
u7912,0.014,16.8457,-5.79514,-9.08734,1.6133,1.13636,-0.331209,0.6364,0.7591,0.9636,0.08
u7913,0.014,-9.95753,-3.04573,-3.90571,0.505463,0.5306,-0.638176,0.7978,0.7994,0.8022,0.08
u7914,0.014,1.24934,12.4951,-6.9895,-0.496837,-1.02809,-0.275239,0.7387,0.7847,0.8613,0.08
u7915,0.014,-9.71676,3.76448,-9.19681,0.311367,-1.01583,-0.384263,0.7473,0.7868,0.8527,0.08
u7916,0.014,-11.8924,-3.42684,12.8526,-0.125094,-0.415481,0.297546,0.6756,0.7689,0.9244,0.08
u7917,0.014,5.96024,7.75915,-3.69294,-0.709487,0.104185,-0.140859,0.8099,0.8025,0.7901,0.08
u7918,0.014,8.07174,2.6334,-1.16937,-0.553413,0.0996756,0.223744,0.8442,0.811,0.7558,0.08
u7919,0.014,-5.30844,9.94074,10.1233,-1.58415,0.187656,-0.847351,0.7246,0.7811,0.8754,0.08
u7920,0.014,12.2774,7.74684,-8.56056,0.353753,1.12896,-0.186617,0.6936,0.7734,0.9064,0.08
u7921,0.014,-1.33157,14.8122,-5.26479,-1.33476,0.0506404,-0.206686,0.7132,0.7783,0.8868,0.08
u7922,0.014,12.467,-1.29496,12.1876,0.820716,1.08462,-0.0294716,0.6821,0.7705,0.9179,0.08
u7923,0.014,-12.0197,-6.94937,-5.1422,-0.157578,-0.517974,0.398921,0.7308,0.7827,0.8692,0.08
u7924,0.014,9.93699,3.94206,-4.48695,-1.17989,0.729895,-1.76304,0.7892,0.7973,0.8108,0.08
u7925,0.014,-7.08991,-4.36231,8.4631,-0.348441,-0.110595,1.57827,0.7842,0.796,0.8158,0.08
u7926,0.014,11.2517,12.9299,1.39333,-0.405477,0.524031,1.38123,0.6873,0.7718,0.9127,0.08
u7927,0.014,2.61682,0.122259,3.82758,-0.34195,-0.327291,0.0467891,0.9157,0.8289,0.6843,0.08
u7928,0.014,12.3512,-8.37049,-4.74823,1.1548,1.03634,0.276563,0.7153,0.7788,0.8847,0.08
u7929,0.014,-2.53579,-9.0228,-7.19984,0.903886,-1.5567,0.302007,0.7851,0.7963,0.8149,0.08
u7930,0.014,-15.3821,-0.295884,0.163201,-0.665347,0.338662,-0.191747,0.7203,0.7801,0.8797,0.08
u7931,0.014,-9.26771,-6.58859,8.41371,0.0103667,-0.0754371,-0.496228,0.7428,0.7857,0.8572,0.08
u7932,0.014,17.0931,4.10552,8.7606,-0.299447,-1.03606,0.629938,0.6429,0.7607,0.9571,0.08
u7933,0.014,7.66061,4.6412,-13.3778,-0.0107523,0.780291,-0.444937,0.7073,0.7768,0.8927,0.08
u7934,0.014,-0.348571,-14.0525,7.83174,2.40624,0.983395,0.281978,0.7074,0.7769,0.8926,0.08
u7935,0.014,11.8693,10.5999,0.954355,-1.01568,-0.269645,0.798048,0.7101,0.7775,0.8899,0.08
u7936,0.014,8.95401,-2.98825,7.66056,0.439032,-0.179476,-1.23588,0.779,0.7947,0.821,0.08
u7937,0.014,-2.83304,15.242,9.12681,1.05723,-0.860176,0.950024,0.6729,0.7682,0.9271,0.08
u7938,0.014,-9.57131,18.4947,-3.9452,-1.06154,-1.14871,0.56943,0.6146,0.7537,0.9854,0.08
u7939,0.014,14.444,2.17388,9.00959,-0.295143,1.0902,0.813758,0.688,0.772,0.912,0.08
u7940,0.014,10.5683,13.1151,1.65724,-0.881962,1.82832,0.610113,0.6923,0.7731,0.9077,0.08
u7941,0.014,9.84276,1.99416,-13.2468,-0.0574553,0.257931,-0.903686,0.6978,0.7744,0.9022,0.08
u7942,0.014,-9.25725,1.68294,-5.32851,1.04352,-1.34348,-0.434716,0.8034,0.8008,0.7966,0.08
u7943,0.014,8.6229,12.9187,10.7868,-0.695189,1.29929,0.341346,0.6562,0.764,0.9438,0.08
u7944,0.014,-6.27209,-10.3859,-12.0131,-0.859686,-0.626883,0.383114,0.6896,0.7724,0.9104,0.08
u7945,0.014,-7.55104,-0.453079,8.71812,-0.757207,-0.053429,-0.712242,0.7901,0.7975,0.8099,0.08
u7946,0.014,5.94936,-3.18871,9.05703,1.31669,0.845461,0.56917,0.7946,0.7987,0.8054,0.08
u7947,0.014,-7.50498,-12.5047,-11.1917,0.815811,0.690523,-0.118078,0.6658,0.7664,0.9342,0.08
u7948,0.014,-15.6993,-5.18234,5.95134,-0.668934,-0.201649,-0.763016,0.6805,0.7701,0.9195,0.08
u7949,0.014,-2.61993,0.341481,-10.1447,1.54782,0.191277,0.338046,0.8094,0.8023,0.7906,0.08
u7950,0.014,-13.7488,-2.66446,7.95349,0.126583,-1.18977,0.233779,0.7072,0.7768,0.8928,0.08
u7951,0.014,-4.0446,-12.9869,2.57064,0.097056,-0.166119,0.00061674,0.7483,0.7871,0.8517,0.08
u7952,0.014,-12.3479,-8.36049,7.88524,0.868047,-0.101272,-0.188167,0.6933,0.7733,0.9067,0.08
u7953,0.014,-4.24412,5.76333,-3.74577,0.304393,-0.275391,-0.345736,0.8531,0.8133,0.7469,0.08
u7954,0.014,-1.31104,-5.65438,-12.5539,-0.0520981,0.886364,1.37028,0.7485,0.7871,0.8515,0.08
u7955,0.014,10.9159,1.48755,6.47183,-0.3229,0.750307,-0.877534,0.7677,0.7919,0.8323,0.08
u7956,0.014,10.2585,-6.0255,-7.6065,1.49192,0.610863,0.422534,0.7433,0.7858,0.8567,0.08
u7957,0.014,-12.0595,-11.7719,5.57366,0.369417,0.707696,0.417659,0.6773,0.7693,0.9227,0.08
u7958,0.014,1.23585,5.41559,-11.7868,-1.9238,-0.0717863,0.161658,0.7631,0.7908,0.8369,0.08
u7959,0.014,-4.62527,-17.9827,-2.04465,1.09954,-0.471771,-0.762312,0.6604,0.7651,0.9396,0.08
u7960,0.014,4.93199,15.0623,-4.02053,-1.27856,0.545506,0.529496,0.7027,0.7757,0.8973,0.08
u7961,0.014,1.20322,1.37858,15.1184,0.64345,-0.689736,-0.31139,0.7231,0.7808,0.8769,0.08
u7962,0.014,10.2304,-11.2495,-7.3887,0.745107,1.39804,0.817675,0.6926,0.7732,0.9074,0.08
u7963,0.014,-5.1942,4.88396,-15.0484,-1.36754,0.409204,-0.640029,0.6972,0.7743,0.9028,0.08
u7964,0.014,9.5257,-12.963,11.0388,-0.0668013,0.166718,-1.28518,0.6453,0.7613,0.9547,0.08
u7965,0.014,2.63783,10.361,-7.88798,-0.333427,0.334441,-0.267778,0.7584,0.7896,0.8416,0.08
u7966,0.014,9.07207,-6.57675,-11.5794,0.733653,1.00987,0.158781,0.707,0.7768,0.893,0.08
u7967,0.014,-2.70074,9.32194,-6.09269,-1.29689,-0.281987,0.262234,0.7917,0.7979,0.8083,0.08
u7968,0.014,-3.09392,8.32625,7.90558,0.023312,0.115745,1.74659,0.7838,0.7959,0.8162,0.08
u7969,0.014,9.08575,-11.6533,-4.73163,0.851836,-0.258522,0.0091904,0.7179,0.7795,0.8821,0.08
u7970,0.014,8.02624,8.48952,-0.356733,-0.404847,-0.489342,0.311657,0.7875,0.7969,0.8125,0.08
u7971,0.014,-13.9475,-7.83155,-3.23444,0.271398,-0.563063,-1.62714,0.7033,0.7758,0.8967,0.08
u7972,0.014,0.442119,-2.15571,0.67943,1.05389,-0.610837,0.752645,0.9581,0.8395,0.6419,0.08
u7973,0.014,-1.11789,-14.7575,-4.82223,0.55149,-0.57495,-0.817034,0.717,0.7792,0.883,0.08
u7974,0.014,12.9168,10.0015,5.06224,-1.81644,1.30244,0.181137,0.689,0.7723,0.911,0.08
u7975,0.014,12.3076,-0.660846,-1.78015,-1.20507,0.678574,0.819674,0.7736,0.7934,0.8264,0.08
u7976,0.014,16.634,11.9295,1.25067,-1.84253,1.45607,-0.744893,0.6271,0.7568,0.9729,0.08
u7977,0.014,-7.136,-12.3866,-5.07826,1.16087,-1.25083,1.12883,0.7242,0.781,0.8758,0.08
u7978,0.014,-5.44995,-13.8063,11.4064,2.09353,-1.14001,-0.897829,0.6596,0.7649,0.9404,0.08
u7979,0.014,-6.16829,3.68324,5.95431,-0.817583,0.963023,0.337729,0.8303,0.8076,0.7697,0.08
u7980,0.014,-13.0608,-0.569309,-3.72906,0.867239,-1.04967,0.0870213,0.7528,0.7882,0.8472,0.08
u7981,0.014,13.6053,5.14452,1.81637,-0.447028,1.24072,1.68236,0.7335,0.7834,0.8665,0.08
u7982,0.014,12.7713,9.38664,-3.26538,-0.435,0.140178,1.01303,0.7058,0.7764,0.8942,0.08
u7983,0.014,-5.87738,5.13435,1.9188,-0.0762462,0.926747,0.75057,0.8539,0.8135,0.7461,0.08
u7984,0.014,-14.4408,5.01577,-8.81945,0.266588,-2.27094,0.311925,0.6791,0.7698,0.9209,0.08
u7985,0.014,-4.98092,-4.45004,-7.15699,-0.590578,-1.01597,0.824876,0.822,0.8055,0.778,0.08
u7986,0.014,-7.29043,13.5183,1.49876,-0.932835,-1.69674,0.702287,0.7194,0.7799,0.8806,0.08
u7987,0.014,13.2093,0.442045,10.0848,-0.39324,0.484758,-0.618727,0.6977,0.7744,0.9023,0.08
u7988,0.014,-9.75044,-6.1636,-0.119118,-0.666196,-1.84369,-0.0125473,0.7903,0.7976,0.8097,0.08
u7989,0.014,9.65735,6.46504,-8.60715,0.0172505,1.80682,-1.62265,0.7371,0.7843,0.8629,0.08
u7990,0.014,-8.15571,17.6593,-2.62171,-1.53437,0.255857,0.575429,0.6431,0.7608,0.9569,0.08
u7991,0.014,8.07644,15.6677,-4.81025,-1.47022,-0.29801,0.436777,0.6678,0.7669,0.9322,0.08
u7992,0.014,-6.20532,-7.36286,11.5857,0.819168,-1.46168,-0.587652,0.7261,0.7815,0.8739,0.08
u7993,0.014,13.9775,2.3792,0.120077,0.947732,1.49484,0.0465168,0.7422,0.7855,0.8578,0.08
u7994,0.014,3.88025,10.4867,2.77181,-0.716552,1.30986,-0.238988,0.7905,0.7976,0.8095,0.08
u7995,0.014,7.40928,-9.31733,-7.68414,0.666265,0.443095,0.0646074,0.7424,0.7856,0.8576,0.08
u7996,0.014,-4.0813,2.65434,-8.24763,-0.467654,-1.52727,-0.830841,0.8259,0.8065,0.7741,0.08
u7997,0.014,7.46683,12.9577,-8.00165,-1.21314,1.92886,-0.357429,0.6916,0.7729,0.9084,0.08
u7998,0.014,-9.0315,-6.51718,2.97392,0.948096,0.38519,-0.781207,0.7904,0.7976,0.8096,0.08
u7999,0.014,9.39205,7.53112,5.42573,0.756916,1.1897,-0.542714,0.7599,0.79,0.8401,0.08
u8000,0.014,15.3466,7.51818,1.68461,-0.605313,-0.69774,1.72336,0.6878,0.7719,0.9122,0.08
u8001,0.014,8.15778,-2.68538,2.39823,1.06963,1.89096,0.178618,0.8379,0.8095,0.7621,0.08
u8002,0.014,16.5695,-8.69759,-0.097102,0.19674,2.08946,-1.09851,0.6597,0.7649,0.9403,0.08
u8003,0.014,19.0118,-6.538,-3.39015,1.45445,0.585821,-0.326214,0.6293,0.7573,0.9707,0.08
u8004,0.014,7.75072,11.1996,6.30858,0.904712,-0.62577,-1.17796,0.7271,0.7818,0.8729,0.08
u8005,0.014,-11.6941,-0.248015,0.0310839,1.74288,-0.257296,-0.651025,0.7873,0.7968,0.8127,0.08
u8006,0.014,8.11559,19.2366,-3.39971,-0.870744,0.625413,-1.45097,0.6154,0.7538,0.9846,0.08
u8007,0.014,3.07079,-7.42927,-0.796242,0.251911,0.367595,0.51624,0.8531,0.8133,0.7469,0.08
u8008,0.014,11.069,-7.05832,6.08622,-0.33155,2.10299,0.445311,0.7369,0.7842,0.8631,0.08
u8009,0.014,-2.02505,-5.10463,2.68522,-0.386968,0.882544,0.551293,0.8889,0.8222,0.7111,0.08
u8010,0.014,10.9137,-1.72103,-1.25838,-0.499062,1.2905,-0.221502,0.7978,0.7995,0.8022,0.08
u8011,0.014,11.1251,-15.745,-3.97652,1.94586,1.88121,0.384954,0.6421,0.7605,0.9579,0.08
u8012,0.014,-12.8948,-3.9066,-9.69864,1.00409,-0.614813,-0.486445,0.6982,0.7745,0.9018,0.08
u8013,0.014,-14.4417,9.64176,-2.12766,1.03048,0.0341728,0.616215,0.6819,0.7705,0.9181,0.08
u8014,0.014,15.9074,7.91562,5.50264,-1.24217,0.531239,-0.833554,0.6618,0.7655,0.9382,0.08
u8015,0.014,12.7351,-16.2459,0.254358,1.83887,-0.554077,-0.278288,0.6247,0.7562,0.9753,0.08
u8016,0.014,-11.0503,15.6394,6.81021,-0.315341,-1.74216,-0.838394,0.6305,0.7576,0.9695,0.08
u8017,0.014,5.8499,-13.1902,-6.4009,1.00203,-0.910696,-0.801324,0.713,0.7782,0.887,0.08
u8018,0.014,-5.35079,-9.32249,-13.9398,1.28508,0.256532,1.21306,0.6799,0.77,0.9201,0.08
u8019,0.014,2.99049,1.94335,-9.40373,-1.16229,1.49884,0.492112,0.8171,0.8043,0.7829,0.08
u8020,0.014,13.11,3.41227,3.96573,0.459586,1.46343,0.521388,0.7434,0.7858,0.8566,0.08
u8021,0.014,-3.10974,-16.8728,1.04302,1.73521,0.3226,-0.31205,0.6875,0.7719,0.9125,0.08
u8022,0.014,12.3263,3.00579,5.18311,-0.752027,0.327975,-0.0398869,0.7508,0.7877,0.8492,0.08
u8023,0.014,-7.5749,-1.98926,-0.483549,0.137508,0.255808,0.14142,0.8573,0.8143,0.7427,0.08
u8024,0.014,0.893996,-16.8453,-3.47109,1.52038,1.20967,-0.775365,0.6869,0.7717,0.9131,0.08
u8025,0.014,2.06246,-0.812004,-12.1952,-0.363379,0.263247,0.607565,0.7746,0.7937,0.8254,0.08
u8026,0.014,-2.75986,2.02621,1.62869,-1.39827,-0.198112,0.43254,0.9311,0.8328,0.6689,0.08
u8027,0.014,0.517474,-14.9883,-6.78973,0.727616,1.13724,-0.801438,0.7007,0.7752,0.8993,0.08
u8028,0.014,6.09848,13.5643,-2.66987,-1.62582,0.553926,-0.380512,0.7253,0.7813,0.8747,0.08
u8029,0.014,-3.59541,0.461026,7.36084,0.232482,-0.198373,-0.978097,0.8508,0.8127,0.7492,0.08
u8030,0.014,8.72815,13.7591,1.27585,-2.90955,0.545216,-0.363223,0.7028,0.7757,0.8972,0.08
u8031,0.014,0.378372,15.6987,-9.4629,-0.71754,-0.239917,1.23337,0.6667,0.7667,0.9333,0.08
u8032,0.014,12.1393,3.6005,13.3847,0.226879,0.964477,0.136602,0.665,0.7663,0.935,0.08
u8033,0.014,4.81936,-10.1275,-2.23359,2.57606,-0.6037,0.0156934,0.7921,0.798,0.8079,0.08
u8034,0.014,-14.0617,0.585963,11.277,-0.21809,-0.854492,1.07647,0.6721,0.768,0.9279,0.08
u8035,0.014,9.81555,12.8121,-1.68241,-1.07725,1.78303,0.797407,0.705,0.7762,0.895,0.08
u8036,0.014,-16.9562,5.84691,7.62958,-0.601952,-0.753669,1.04436,0.6456,0.7614,0.9544,0.08
u8037,0.014,2.46378,-14.7175,6.41527,0.758902,0.255084,0.329004,0.7047,0.7762,0.8953,0.08
u8038,0.014,-0.77936,-16.9449,-9.43114,-6.85003e-05,1.58948,-0.490679,0.6471,0.7618,0.9529,0.08
u8039,0.014,17.5387,8.13343,4.19745,-1.18106,0.352444,0.392495,0.6403,0.7601,0.9597,0.08
u8040,0.014,-8.12969,13.3835,1.71956,-1.18289,-0.181238,-0.0160491,0.7136,0.7784,0.8864,0.08
u8041,0.014,0.163732,-7.67606,-2.6646,0.625058,1.02656,0.821619,0.8522,0.8131,0.7478,0.08
u8042,0.014,-15.1492,-13.1559,2.64022,0.528419,-1.19985,-0.140178,0.632,0.758,0.968,0.08
u8043,0.014,-15.182,-2.88351,10.176,-0.0469111,-1.22693,0.34788,0.6636,0.7659,0.9364,0.08
u8044,0.014,-11.0158,2.84846,5.75966,-0.00592638,-0.571534,-0.226344,0.7681,0.792,0.8319,0.08
u8045,0.014,1.20892,-4.01999,10.3057,-0.476767,0.451098,-0.774826,0.7977,0.7994,0.8023,0.08
u8046,0.014,9.20856,-7.39054,4.94809,0.834799,1.00465,-0.46226,0.7672,0.7918,0.8328,0.08
u8047,0.014,-17.0655,7.86561,6.21592,0.422214,-1.29266,-0.513159,0.6401,0.76,0.9599,0.08
u8048,0.014,14.9955,2.83081,6.36891,0.138515,2.32684,0.562754,0.6993,0.7748,0.9007,0.08
u8049,0.014,-16.8018,-2.66829,4.31069,-0.577578,0.189545,0.258887,0.6809,0.7702,0.9191,0.08
u8050,0.014,-10.0011,-9.09439,-0.0262621,-0.0366975,-1.64616,0.908408,0.7542,0.7886,0.8458,0.08
u8051,0.014,20.5785,-1.85633,4.76533,-0.2048,-0.219434,-1.57974,0.6145,0.7536,0.9855,0.08
u8052,0.014,8.74173,-17.4333,-2.11881,-0.629409,0.554477,0.409065,0.6433,0.7608,0.9567,0.08
u8053,0.014,8.23948,-0.791664,-13.284,-0.107416,-0.841574,0.286871,0.7154,0.7789,0.8846,0.08
u8054,0.014,-3.58274,-16.7198,8.58497,1.56055,0.0345794,0.14459,0.6521,0.763,0.9479,0.08
u8055,0.014,11.45,2.06138,-6.38287,0.445136,0.984809,-0.117311,0.7587,0.7897,0.8413,0.08
u8056,0.014,17.5349,-11.3726,2.46229,0.683264,0.441043,-1.07847,0.6174,0.7543,0.9826,0.08
u8057,0.014,0.835715,10.2918,11.7705,-1.29203,-0.141452,-1.30353,0.7153,0.7788,0.8847,0.08
u8058,0.014,6.38547,14.9925,8.53369,-1.16727,-0.365726,0.329195,0.6655,0.7664,0.9345,0.08
u8059,0.014,-10.8178,-5.19962,-3.72885,0.976732,-0.162728,-0.722027,0.7715,0.7929,0.8285,0.08
u8060,0.014,-11.3077,-0.569436,9.39791,-1.30164,-1.20324,-0.656076,0.7325,0.7831,0.8675,0.08
u8061,0.014,5.55366,12.7565,-7.72949,-0.591097,0.718395,-0.430142,0.7106,0.7777,0.8894,0.08
u8062,0.014,-16.5068,1.82219,-1.86894,0.529285,-1.86616,0.299803,0.6961,0.774,0.9039,0.08
u8063,0.014,-15.0137,12.9718,-0.477923,-1.44757,-1.32781,-1.23141,0.6391,0.7598,0.9609,0.08
u8064,0.014,-11.195,-2.10228,7.3634,0.199554,0.237764,-1.26887,0.7534,0.7883,0.8466,0.08
u8065,0.014,-0.892615,-12.4364,2.83272,-0.135577,-0.645288,-0.134275,0.7675,0.7919,0.8325,0.08
u8066,0.014,-2.04922,-0.535937,-3.63928,0.0694331,0.343504,0.704978,0.9234,0.8309,0.6766,0.08
u8067,0.014,15.8861,-5.81044,7.51031,2.54935,1.18484,1.09278,0.6635,0.7659,0.9365,0.08
u8068,0.014,18.0416,-6.51528,5.86003,-0.106606,2.03408,0.746811,0.6353,0.7588,0.9647,0.08
u8069,0.014,-4.1012,18.002,5.53507,-2.04821,0.329634,-0.290266,0.6495,0.7624,0.9505,0.08
u8070,0.014,-13.4964,5.46123,3.91985,0.15716,-1.01873,1.64283,0.7259,0.7815,0.8741,0.08
u8071,0.014,-7.34776,-13.0495,-0.0809102,1.84032,1.0361,1.24711,0.7277,0.7819,0.8723,0.08
u8072,0.014,-13.6523,13.1343,1.50506,-0.778455,-0.832335,0.218383,0.6545,0.7636,0.9455,0.08
u8073,0.014,-4.96471,-12.1274,-2.73415,0.535225,-2.10634,-1.13596,0.7566,0.7892,0.8434,0.08
u8074,0.014,3.44101,-14.5551,3.84228,0.646364,1.3713,-0.534321,0.7192,0.7798,0.8808,0.08
u8075,0.014,2.2216,0.000700357,8.9174,-1.17266,-0.0966276,0.174501,0.8329,0.8082,0.7671,0.08
u8076,0.014,-4.58177,-15.9422,7.5386,0.497712,0.0539496,0.44469,0.6687,0.7672,0.9313,0.08
u8077,0.014,-5.63829,-5.38617,6.06879,0.617967,0.749047,0.81697,0.8203,0.8051,0.7797,0.08
u8078,0.014,-0.0831951,9.45825,-14.6579,-0.508765,0.473484,0.889979,0.6828,0.7707,0.9172,0.08
u8079,0.014,-4.49391,2.66048,0.403092,-0.0508741,0.841428,0.724077,0.9048,0.8262,0.6952,0.08
u8080,0.014,-17.2214,0.719181,7.51517,0.421722,0.289576,-0.0183425,0.6581,0.7645,0.9419,0.08
u8081,0.014,6.26126,4.06564,11.7069,-1.70247,1.90223,0.273671,0.7476,0.7869,0.8524,0.08
u8082,0.014,6.5149,-12.9302,6.21932,2.67531,0.513772,-0.19465,0.7135,0.7784,0.8865,0.08
u8083,0.014,-2.30088,-12.9466,-6.00034,0.376659,-1.93694,0.337957,0.7372,0.7843,0.8628,0.08
u8084,0.014,13.1827,9.0475,-10.425,-0.397665,-0.82339,1.60733,0.653,0.7632,0.947,0.08
u8085,0.014,14.0061,-9.81208,-8.31046,0.831849,-0.0451434,-1.01762,0.6543,0.7636,0.9457,0.08
u8086,0.014,3.45161,14.6712,5.15817,0.26149,-0.0731795,0.611041,0.7104,0.7776,0.8896,0.08
u8087,0.014,1.78942,-21.1577,3.51415,1.99613,-0.831364,0.359836,0.6087,0.7522,0.9913,0.08
u8088,0.014,-11.2316,2.56707,-8.80142,0.262769,-0.189732,-0.235262,0.7364,0.7841,0.8636,0.08
u8089,0.014,-12.8374,8.13065,-10.9818,-0.402494,-0.0613219,1.1051,0.6591,0.7648,0.9409,0.08
u8090,0.014,1.40436,4.478,-12.7684,-0.965465,-1.15688,-1.26853,0.7527,0.7882,0.8473,0.08
u8091,0.014,2.15095,14.6958,8.30363,-0.83566,0.468441,-0.739904,0.6906,0.7727,0.9094,0.08
u8092,0.014,-0.940455,-5.54912,-7.32179,0.570753,0.578368,1.1167,0.8321,0.808,0.7679,0.08
u8093,0.014,-15.7829,7.90508,5.40908,0.423504,-0.213836,-2.08104,0.6643,0.7661,0.9357,0.08
u8094,0.014,6.45188,-16.085,1.46807,0.258016,1.32617,0.438418,0.6838,0.7709,0.9162,0.08
u8095,0.014,-4.02247,-7.68802,-14.4578,1.19651,-0.585454,1.53475,0.6934,0.7734,0.9066,0.08
u8096,0.014,13.6068,0.968398,-12.8711,1.47399,-0.104815,-0.523575,0.659,0.7648,0.941,0.08
u8097,0.014,15.5235,-6.72499,0.269883,0.741994,1.42821,-0.26707,0.6924,0.7731,0.9076,0.08
u8098,0.014,10.2821,5.55295,4.17995,0.53444,0.919062,0.676649,0.7743,0.7936,0.8257,0.08
u8099,0.014,-6.97867,-5.52484,12.4143,0.536345,1.47936,-0.878255,0.7223,0.7806,0.8777,0.08
u8100,0.014,16.5421,-11.174,2.04458,-0.0846888,0.886099,-0.449568,0.6351,0.7588,0.9649,0.08
u8101,0.014,9.58413,4.79747,9.02433,-0.020563,0.899139,0.487686,0.7453,0.7863,0.8547,0.08
u8102,0.014,0.284785,1.60322,0.740615,0.53725,0.664543,-0.00994027,0.9675,0.8419,0.6325,0.08
u8103,0.014,7.23839,-12.3385,-9.97325,0.354623,0.592136,-0.469654,0.6829,0.7707,0.9171,0.08
u8104,0.014,7.84746,15.4408,8.37187,-0.646222,0.565941,0.00106143,0.6502,0.7626,0.9498,0.08
u8105,0.014,1.34029,10.3882,-3.92052,-0.267102,0.548459,-0.118532,0.7967,0.7992,0.8033,0.08
u8106,0.014,3.75056,14.3057,10.6633,-0.214573,1.08016,0.326176,0.6685,0.7671,0.9315,0.08
u8107,0.014,-16.4798,-1.82651,-5.78422,1.43308,-1.0344,0.0477171,0.6807,0.7702,0.9193,0.08
u8108,0.014,14.5619,12.7381,-2.73266,-1.62005,1.62734,-0.502017,0.6447,0.7612,0.9553,0.08
u8109,0.014,-3.26718,18.0066,-7.32029,-1.55709,-0.36236,-0.0756669,0.6416,0.7604,0.9584,0.08
u8110,0.014,-12.7008,12.4978,4.72768,-1.41241,-0.815092,0.402396,0.6648,0.7662,0.9352,0.08
u8111,0.014,-4.58815,13.298,5.51597,-2.03345,-0.20714,-0.44705,0.7253,0.7813,0.8747,0.08
u8112,0.014,-10.6354,2.82061,-2.99729,-0.108451,0.0441476,-0.973001,0.7927,0.7982,0.8073,0.08
u8113,0.014,18.4188,-4.16067,-0.631218,0.449512,1.46459,-0.194263,0.6565,0.7641,0.9435,0.08
u8114,0.014,-12.8053,-5.09703,-12.7877,0.0527917,-0.687172,-0.109685,0.6582,0.7645,0.9418,0.08
u8115,0.014,6.4027,-7.49099,-2.56847,-1.46177,0.712009,-1.23372,0.8148,0.8037,0.7852,0.08
u8116,0.014,18.6173,-0.442464,-0.149651,-0.272732,-0.0561701,-0.0799913,0.6614,0.7653,0.9386,0.08
u8117,0.014,-12.3057,-9.5262,-2.89563,0.183094,-0.461091,0.386633,0.7122,0.778,0.8878,0.08
u8118,0.014,11.7842,18.3986,-0.706765,-0.457111,0.847299,0.542978,0.6025,0.7506,0.9975,0.08
u8119,0.014,14.3081,8.72639,7.84483,0.425308,0.737783,0.55678,0.6636,0.7659,0.9364,0.08
u8120,0.014,-16.1107,1.78575,5.64356,1.38905,-2.24349,-0.318615,0.6879,0.772,0.9121,0.08
u8121,0.014,-1.26243,1.99339,-0.158386,-0.133002,-0.449164,-0.985349,0.957,0.8393,0.643,0.08
u8122,0.014,5.33094,12.5132,-12.1543,-0.29013,-0.0324538,-0.0375721,0.6683,0.7671,0.9317,0.08
u8123,0.014,1.24185,16.6699,3.15172,-0.801867,-0.26257,0.214558,0.6907,0.7727,0.9093,0.08
u8124,0.014,-18.598,-5.32122,5.89691,0.532304,-2.15785,-0.413285,0.6323,0.7581,0.9677,0.08
u8125,0.014,-14.0557,1.25915,-9.62692,0.429377,1.20116,0.211992,0.6894,0.7724,0.9106,0.08
u8126,0.014,-10.1208,-5.10392,-11.1445,1.002,0.405701,0.550541,0.711,0.7777,0.889,0.08
u8127,0.014,-15.4296,3.88683,-8.35712,-1.29786,-1.15166,-1.16457,0.6732,0.7683,0.9268,0.08
u8128,0.014,0.411363,2.86073,-11.5953,0.511063,1.06626,0.586474,0.7827,0.7957,0.8173,0.08
u8129,0.014,-3.15013,-5.15404,5.15142,0.0369394,-1.63652,0.187904,0.8557,0.8139,0.7443,0.08
u8130,0.014,-7.05434,-11.1137,-8.7067,-0.652622,-1.90895,0.824629,0.713,0.7783,0.887,0.08
u8131,0.014,12.1894,8.11292,3.64379,1.15841,0.126753,0.179034,0.7257,0.7814,0.8743,0.08
u8132,0.014,-5.4964,11.4679,13.3937,-0.26921,0.686988,1.68315,0.6642,0.766,0.9358,0.08
u8133,0.014,6.07205,18.7727,-3.59237,-0.853379,0.884023,0.956532,0.6354,0.7588,0.9646,0.08
u8134,0.014,-3.73677,7.47146,8.63779,-0.512816,-0.591214,-0.0640492,0.7815,0.7954,0.8185,0.08
u8135,0.014,-11.705,-6.59263,-0.168196,-0.27105,0.0535729,-0.681458,0.7557,0.7889,0.8443,0.08
u8136,0.014,-3.86593,-13.9117,-2.1353,1.15113,-2.83825,-1.08179,0.7346,0.7837,0.8654,0.08
u8137,0.014,10.7983,-7.06089,-9.56516,-0.143527,0.25057,0.286869,0.708,0.777,0.892,0.08
u8138,0.014,-5.32507,-8.46427,-9.65995,1.34002,0.283773,-0.239238,0.7472,0.7868,0.8528,0.08
u8139,0.014,1.7033,-6.59247,9.52228,-0.234529,1.05208,0.701716,0.7872,0.7968,0.8128,0.08
u8140,0.014,4.9557,-3.75914,-14.9675,1.51054,1.08041,-0.835028,0.7053,0.7763,0.8947,0.08
u8141,0.014,-14.7118,2.30898,-2.16369,-0.773982,-0.862169,-0.27037,0.7264,0.7816,0.8736,0.08
u8142,0.014,3.0395,0.709624,5.10815,-0.128473,-1.26503,-0.375936,0.8912,0.8228,0.7088,0.08
u8143,0.014,-7.87123,20.2794,0.00282283,-1.79766,-0.741252,-0.427473,0.6045,0.7511,0.9955,0.08
u8144,0.014,-3.80035,-5.81856,14.2714,0.835948,-1.03629,-0.795364,0.7114,0.7778,0.8886,0.08
u8145,0.014,-10.8249,-13.2584,8.16069,-0.952686,0.116684,-0.0140083,0.6552,0.7638,0.9448,0.08
u8146,0.014,-2.53319,-14.5283,9.50553,-0.527686,-0.629551,-0.564574,0.681,0.7702,0.919,0.08
u8147,0.014,12.0946,8.92816,-9.32576,-1.95329,0.708009,-0.667437,0.6784,0.7696,0.9216,0.08
u8148,0.014,7.33784,11.735,9.18005,-0.37697,0.630748,-0.935663,0.698,0.7745,0.902,0.08
u8149,0.014,0.563962,2.26249,4.44119,-1.06849,0.168167,-0.596741,0.9088,0.8272,0.6912,0.08
u8150,0.014,14.4293,-11.3086,7.02309,-0.424235,-0.26556,-0.132488,0.6431,0.7608,0.9569,0.08
u8151,0.014,18.5877,6.6699,2.50471,-0.78343,2.36407,-0.685628,0.6381,0.7595,0.9619,0.08
u8152,0.014,5.8827,11.5656,-4.52872,-0.924067,-0.593085,-0.619798,0.7501,0.7875,0.8499,0.08
u8153,0.014,-7.10809,1.14474,12.5618,-0.621796,-1.43609,-0.386018,0.7367,0.7842,0.8633,0.08
u8154,0.014,5.50124,-3.4863,4.18525,-0.198462,0.255681,-0.787216,0.8592,0.8148,0.7408,0.08
u8155,0.014,10.2536,-14.8599,8.80767,-0.0591677,0.607831,0.0751435,0.6348,0.7587,0.9652,0.08
u8156,0.014,15.6695,-9.33209,-2.07912,-0.122435,0.346234,-0.509767,0.6663,0.7666,0.9337,0.08
u8157,0.014,9.29617,1.70458,-11.1246,-1.97412,1.42697,-0.225687,0.7346,0.7836,0.8654,0.08
u8158,0.014,2.08417,18.8048,5.11461,0.327968,-0.00783169,-1.33659,0.6437,0.7609,0.9563,0.08
u8159,0.014,14.9977,-0.0440227,-0.185529,0.245842,0.247717,0.519692,0.7273,0.7818,0.8727,0.08
u8160,0.014,7.69826,-8.16992,-6.87902,0.208689,0.0483212,0.855074,0.7606,0.7902,0.8394,0.08
u8161,0.014,6.63361,-3.60498,-14.4408,1.49062,-0.454782,0.68521,0.7037,0.7759,0.8963,0.08
u8162,0.014,10.6221,7.40284,-5.05505,-0.691015,0.603311,-0.976683,0.7473,0.7868,0.8527,0.08
u8163,0.014,12.5146,1.49986,-6.70708,-1.0929,0.25591,-0.979101,0.7404,0.7851,0.8596,0.08
u8164,0.014,0.158641,11.8482,9.28782,-1.01514,0.399169,-0.359962,0.7263,0.7816,0.8737,0.08
u8165,0.014,1.87641,15.0636,2.56026,-0.358209,0.391076,-1.2164,0.7201,0.78,0.8799,0.08
u8166,0.014,-2.66609,-12.7286,10.1373,0.382722,-0.318713,-0.977303,0.7002,0.775,0.8998,0.08
u8167,0.014,-12.1252,-8.7124,-2.13989,-0.517777,-0.68016,-0.111572,0.7258,0.7814,0.8742,0.08
u8168,0.014,7.90764,-3.7919,14.9927,-0.242199,0.910685,0.529085,0.6842,0.771,0.9158,0.08
u8169,0.014,-15.0664,-0.389,4.1829,0.724322,-0.45477,0.146025,0.7156,0.7789,0.8844,0.08
u8170,0.014,7.0813,3.76914,-8.3735,-0.533319,-0.206108,0.209328,0.7892,0.7973,0.8108,0.08
u8171,0.014,-9.86999,-7.58122,-13.5966,-0.204668,-0.264185,-0.274259,0.6649,0.7662,0.9351,0.08
u8172,0.014,15.5364,7.07912,1.37824,1.04027,0.458037,0.399997,0.6886,0.7721,0.9114,0.08
u8173,0.014,3.70296,-8.62905,3.31135,-0.505409,-0.692914,1.4683,0.819,0.8047,0.781,0.08
u8174,0.014,13.8991,-6.42151,9.84539,0.461722,-0.386564,-0.655826,0.669,0.7673,0.931,0.08
u8175,0.014,10.8243,2.15557,0.12223,-0.763064,0.281622,-0.451174,0.7993,0.7998,0.8007,0.08
u8176,0.014,-8.60211,-10.0733,1.35332,0.257728,-0.694104,-1.16219,0.7579,0.7895,0.8421,0.08
u8177,0.014,-2.68816,9.61829,11.0703,-1.37995,-1.00935,1.20884,0.7289,0.7822,0.8711,0.08
u8178,0.014,17.7615,-5.34477,-0.617002,-0.352062,1.01715,0.644642,0.6626,0.7656,0.9374,0.08
u8179,0.014,5.23053,3.28652,4.77173,-0.042486,0.255697,1.5417,0.8581,0.8145,0.7419,0.08
u8180,0.014,-5.94708,-6.6999,-14.1981,-1.22676,-0.240204,0.175196,0.6948,0.7737,0.9052,0.08
u8181,0.014,8.77777,-0.555572,5.2341,-0.29658,0.82672,-0.883494,0.8139,0.8035,0.7861,0.08
u8182,0.014,-9.76855,17.4998,-0.499356,-0.380249,-0.792397,-0.144024,0.6355,0.7589,0.9645,0.08
u8183,0.014,9.95654,8.88624,-3.88466,0.817899,1.11238,0.885615,0.7473,0.7868,0.8527,0.08
u8184,0.014,-1.05627,1.74377,15.3713,-0.581656,-0.991314,-0.470749,0.7181,0.7795,0.8819,0.08
u8185,0.014,-3.53481,-8.2238,5.44776,0.812171,-1.5795,-1.35707,0.8095,0.8024,0.7905,0.08
u8186,0.014,-10.1073,5.35626,7.71864,-0.639955,-0.342928,-0.836804,0.7491,0.7873,0.8509,0.08
u8187,0.014,11.0413,15.3165,5.29507,-0.20122,1.36745,0.99841,0.6435,0.7609,0.9565,0.08
u8188,0.014,8.37271,-17.0511,-2.8815,0.661022,1.28605,-0.0118933,0.6507,0.7627,0.9493,0.08
u8189,0.014,5.10967,5.05384,4.36844,0.764084,-0.329085,0.139044,0.8471,0.8118,0.7529,0.08
u8190,0.014,15.4249,-6.81447,1.83133,-0.280569,0.234175,-0.173485,0.6916,0.7729,0.9084,0.08
u8191,0.014,12.0285,-8.875,2.15882,-0.00683206,2.10003,-1.01164,0.7254,0.7813,0.8746,0.08
u8192,0.014,14.0522,7.19523,-10.9843,-1.85235,0.425845,-1.17082,0.6503,0.7626,0.9497,0.08
u8193,0.014,16.7029,5.24324,2.77259,0.553528,0.203401,-0.275066,0.6777,0.7694,0.9223,0.08
u8194,0.014,-10.4338,-7.67399,-0.822356,1.35583,-0.992463,-0.789093,0.764,0.791,0.836,0.08
u8195,0.014,17.5655,-4.17594,3.52881,-1.05418,0.0435151,0.10564,0.6655,0.7664,0.9345,0.08
u8196,0.014,5.64488,5.91972,-2.89178,0.578511,1.79748,-0.396711,0.8423,0.8106,0.7577,0.08
u8197,0.014,-2.37353,-6.87258,-6.29906,0.335876,1.03104,0.185745,0.8251,0.8063,0.7749,0.08
u8198,0.014,-9.90543,12.6855,8.46725,-0.452345,1.03365,-1.7027,0.6693,0.7673,0.9307,0.08
u8199,0.014,3.99533,6.96794,-4.54545,-1.21237,-0.0322235,0.648496,0.8322,0.808,0.7678,0.08
u8200,0.014,-13.6339,10.7289,0.948714,-1.03395,-1.89244,0.818802,0.6841,0.771,0.9159,0.08
u8201,0.014,-9.54281,5.52414,-6.39179,0.226361,-1.53116,0.0221216,0.7683,0.7921,0.8317,0.08
u8202,0.014,-5.25655,-17.7375,5.45792,1.48259,-0.664954,-0.230032,0.6493,0.7623,0.9507,0.08
u8203,0.014,0.165065,0.287343,-2.28459,0.787755,0.475801,0.685405,0.958,0.8395,0.642,0.08
u8204,0.014,9.35682,-13.6583,10.8123,1.15301,0.284778,-0.716484,0.6405,0.7601,0.9595,0.08
u8205,0.014,18.23,7.11855,-6.94227,-1.76142,1.25674,0.890767,0.6224,0.7556,0.9776,0.08
u8206,0.014,8.96697,10.1828,-1.96329,-0.301152,0.471312,-0.941005,0.7507,0.7877,0.8493,0.08
u8207,0.014,-9.98949,17.1073,-6.77481,-1.69101,-1.78197,2.02008,0.6193,0.7548,0.9807,0.08
u8208,0.014,-18.137,3.22855,8.47391,-1.10069,-1.3689,-0.417743,0.6313,0.7578,0.9687,0.08
u8209,0.014,-15.3974,-1.46104,10.4141,0.228384,-2.40083,1.31928,0.661,0.7652,0.939,0.08
u8210,0.014,9.8166,5.86327,2.58154,-0.073854,0.0677783,-0.497864,0.7869,0.7967,0.8131,0.08
u8211,0.014,0.403757,15.3334,-11.8087,0.503076,-0.225841,0.387289,0.648,0.762,0.952,0.08
u8212,0.014,-4.89314,-5.16354,-11.0945,-0.0884217,0.706202,-1.19349,0.7604,0.7901,0.8396,0.08
u8213,0.014,-0.547364,4.67486,-2.53791,0.103218,-1.22414,-0.827895,0.9028,0.8257,0.6972,0.08
u8214,0.014,12.9327,4.57148,11.0938,0.239468,-0.288182,-1.35942,0.6792,0.7698,0.9208,0.08
u8215,0.014,-9.74021,4.44513,4.27019,-0.772229,-0.215937,0.83285,0.7904,0.7976,0.8096,0.08
u8216,0.014,-1.45006,14.1885,4.40754,-0.301901,1.16098,0.240861,0.7286,0.7821,0.8714,0.08
u8217,0.014,14.9298,-0.0412529,6.22008,-0.854588,0.723081,-0.0837329,0.7059,0.7765,0.8941,0.08
u8218,0.014,7.73151,-10.3064,12.6457,0.508005,-0.508983,0.994195,0.6718,0.7679,0.9282,0.08
u8219,0.014,6.61657,1.9206,-15.0904,1.28686,-0.206471,0.584561,0.6984,0.7746,0.9016,0.08
u8220,0.014,-5.9078,-14.5065,-4.48833,-0.742344,0.746938,-0.146027,0.7038,0.7759,0.8962,0.08
u8221,0.014,9.942,5.9207,5.25771,-0.787116,0.856057,0.55984,0.7689,0.7922,0.8311,0.08
u8222,0.014,-4.68118,6.44116,-10.8169,0.0508519,0.7901,-0.416127,0.7558,0.7889,0.8442,0.08
u8223,0.014,5.9769,-10.3866,-12.0123,0.297375,0.457316,0.0957494,0.6915,0.7729,0.9085,0.08
u8224,0.014,16.3353,1.95987,8.04479,-0.554114,0.660241,0.38303,0.667,0.7668,0.933,0.08
u8225,0.014,-3.6757,3.27181,4.93013,-1.59719,-1.05387,-0.468955,0.8733,0.8183,0.7267,0.08
u8226,0.014,6.78784,4.77011,0.468215,-0.854135,0.738412,2.47251,0.8489,0.8122,0.7511,0.08
u8227,0.014,-11.5622,13.023,0.557809,-0.788321,-1.53573,-0.146189,0.6832,0.7708,0.9168,0.08
u8228,0.014,-16.999,-8.28252,4.25115,1.34202,-0.547452,-0.486883,0.6476,0.7619,0.9524,0.08
u8229,0.014,14.3774,12.323,-0.466791,-1.39762,0.579533,-0.230818,0.6556,0.7639,0.9444,0.08
u8230,0.014,-2.93671,-6.89198,2.95989,-0.97543,-0.358708,-0.0136638,0.8535,0.8134,0.7465,0.08
u8231,0.014,11.1807,3.21264,5.09683,-0.0912505,0.378063,1.31703,0.7691,0.7923,0.8309,0.08
u8232,0.014,-0.437373,1.34956,-13.9312,0.295244,1.79449,0.0869659,0.7454,0.7863,0.8546,0.08
u8233,0.014,-2.20928,10.9543,-2.17659,-1.09118,1.08384,0.130227,0.793,0.7983,0.807,0.08
u8234,0.014,2.70623,8.8091,2.99664,-0.506683,-0.40478,-0.498941,0.8238,0.806,0.7762,0.08
u8235,0.014,16.4703,4.39691,6.37359,1.55453,0.444147,-0.376586,0.6691,0.7673,0.9309,0.08
u8236,0.014,17.1659,-7.40657,-3.79269,0.303743,1.89166,-1.31564,0.6532,0.7633,0.9468,0.08
u8237,0.014,-7.68976,11.1943,0.570805,0.216496,-0.634162,-0.806601,0.7529,0.7882,0.8471,0.08
u8238,0.014,-9.80725,-0.904417,-14.0905,-0.159194,-0.406853,-0.242658,0.6874,0.7719,0.9126,0.08
u8239,0.014,-7.08535,-17.6303,7.64434,0.552111,0.13727,-1.64255,0.6276,0.7569,0.9724,0.08
u8240,0.014,11.7023,-7.50541,-5.50642,0.668536,-0.11864,-0.387461,0.7281,0.782,0.8719,0.08
u8241,0.014,-3.24109,1.0934,-11.3802,0.646951,0.868816,-0.0691123,0.7839,0.796,0.8161,0.08
u8242,0.014,-13.7319,-11.9517,3.27254,1.52343,0.337455,0.381915,0.6637,0.7659,0.9363,0.08
u8243,0.014,-0.776725,-5.65678,13.857,1.01431,-0.0837605,-0.599721,0.7275,0.7819,0.8725,0.08
u8244,0.014,-3.12156,-2.5065,15.877,0.813519,0.59115,-0.941441,0.7023,0.7756,0.8977,0.08
u8245,0.014,-0.716803,-0.785308,4.56319,-0.150842,-1.44634,0.267112,0.9148,0.8287,0.6852,0.08
u8246,0.014,9.33691,-3.19381,13.4686,-0.10044,1.02683,-1.36482,0.6964,0.7741,0.9036,0.08
u8247,0.014,-0.45278,-7.08151,-10.1168,-0.724913,0.14927,0.740986,0.7753,0.7938,0.8247,0.08
u8248,0.014,17.3999,-8.96867,1.97906,0.28547,1.27315,0.78949,0.6423,0.7606,0.9577,0.08
u8249,0.014,6.50714,12.8547,-8.48449,-0.885979,0.953932,-0.13622,0.696,0.774,0.904,0.08
u8250,0.014,5.88943,3.09727,-11.4766,0.174858,-0.538474,1.90897,0.7588,0.7897,0.8412,0.08
u8251,0.014,4.05474,3.14201,-12.5838,-0.934791,-0.215993,1.33693,0.7529,0.7882,0.8471,0.08
u8252,0.014,-2.27693,-20.0461,1.73406,1.74331,-0.115479,0.161998,0.6318,0.758,0.9682,0.08
u8253,0.014,-4.6521,-4.26484,9.19883,0.181211,-0.546204,-0.0169209,0.7972,0.7993,0.8028,0.08
u8254,0.014,-10.6944,-6.06476,10.427,-0.789149,-0.56446,0.885981,0.7069,0.7767,0.8931,0.08
u8255,0.014,-0.869613,8.09435,-3.96408,0.126196,1.12107,0.715208,0.8354,0.8088,0.7646,0.08
u8256,0.014,8.51294,3.80294,-12.0928,-0.356555,0.181189,0.646705,0.7224,0.7806,0.8776,0.08
u8257,0.014,-12.3568,6.31144,6.26446,-0.849562,0.379708,-0.471426,0.7232,0.7808,0.8768,0.08
u8258,0.014,4.46092,2.72189,-15.5293,-0.329511,-0.0542249,-0.000342893,0.7021,0.7755,0.8979,0.08
u8259,0.014,8.19691,-3.39577,-2.42596,1.19994,0.596215,-0.463342,0.8328,0.8082,0.7672,0.08
u8260,0.014,9.06365,-7.18614,0.0892531,-0.452253,1.26835,-0.482814,0.7897,0.7974,0.8103,0.08
u8261,0.014,7.29589,-5.24338,-5.00917,0.360927,1.0614,-1.06388,0.813,0.8032,0.787,0.08
u8262,0.014,-3.79501,18.2601,2.208,0.318451,-0.089047,0.905447,0.6585,0.7646,0.9415,0.08
u8263,0.014,-13.9809,-8.27367,-11.0781,-0.185967,0.141818,-0.48805,0.6425,0.7606,0.9575,0.08
u8264,0.014,4.8046,-20.1095,-0.67682,1.87257,0.995608,-0.994584,0.6239,0.756,0.9761,0.08
u8265,0.014,-10.7094,-0.257059,-3.84626,0.0237031,0.567638,-1.15939,0.7931,0.7983,0.8069,0.08
u8266,0.014,-7.07136,7.92898,6.42825,-0.429704,-1.07095,-0.270005,0.7742,0.7936,0.8258,0.08
u8267,0.014,-0.0820095,4.10414,6.89081,-0.228154,-0.792212,0.448037,0.8542,0.8135,0.7458,0.08
u8268,0.014,17.1233,-3.73014,-1.68574,0.0831835,1.47974,-1.06687,0.6799,0.77,0.9201,0.08
u8269,0.014,8.73898,14.0904,-0.0722912,-1.8422,-0.154244,0.424119,0.6985,0.7746,0.9015,0.08
u8270,0.014,-9.38309,3.44888,-6.04126,-0.558882,0.0845608,-0.910175,0.7876,0.7969,0.8124,0.08
u8271,0.014,4.9452,-15.3299,-5.60261,0.678739,0.476016,-0.286176,0.6899,0.7725,0.9101,0.08
u8272,0.014,12.8367,-2.28684,1.91941,0.489109,-0.363672,-2.06926,0.7604,0.7901,0.8396,0.08
u8273,0.014,-15.9195,-13.0574,0.918441,0.341263,-0.570101,0.176368,0.6253,0.7563,0.9747,0.08
u8274,0.014,0.212659,2.50795,7.53598,-0.22433,-0.877475,-0.167603,0.8555,0.8139,0.7445,0.08
u8275,0.014,15.6171,-6.66006,4.24612,-0.528995,0.0898953,1.4828,0.6818,0.7705,0.9182,0.08
u8276,0.014,-2.9409,2.1749,-10.6617,-0.0420771,-0.327649,0.451485,0.7951,0.7988,0.8049,0.08
u8277,0.014,7.29654,6.1572,-6.62317,0.86226,-0.206729,-0.998589,0.7887,0.7972,0.8113,0.08
u8278,0.014,-4.03794,-2.35002,5.81682,-1.07224,-0.619466,1.03792,0.8643,0.8161,0.7357,0.08
u8279,0.014,-16.2509,-3.64797,9.91767,-0.41501,-1.35006,-0.43271,0.6476,0.7619,0.9524,0.08
u8280,0.014,-9.3985,12.6214,-0.52123,0.200025,-1.46855,0.365333,0.7137,0.7784,0.8863,0.08
u8281,0.014,4.42975,-4.99105,-11.2125,0.795275,0.703302,-1.32566,0.7628,0.7907,0.8372,0.08
u8282,0.014,2.97489,1.03117,-5.98701,-0.905155,0.816521,1.46035,0.877,0.8193,0.723,0.08
u8283,0.014,-12.2847,-12.9244,-7.01458,0.808949,-0.268914,0.528566,0.6516,0.7629,0.9484,0.08
u8284,0.014,15.0384,8.81541,-0.325801,-0.635784,-0.15903,-0.418579,0.683,0.7708,0.917,0.08
u8285,0.014,14.7396,0.408303,4.27959,0.805622,0.823004,1.02134,0.7208,0.7802,0.8792,0.08
u8286,0.014,-2.00569,-0.725836,-4.39877,-0.0622218,0.753054,-1.53788,0.9111,0.8278,0.6889,0.08
u8287,0.014,16.6568,-6.14747,-3.11036,0.588421,2.21527,0.306665,0.6723,0.7681,0.9277,0.08
u8288,0.014,0.849119,20.4802,5.61499,-1.57467,0.0690121,-0.568979,0.6136,0.7534,0.9864,0.08
u8289,0.014,5.03027,14.048,8.4498,-1.35767,1.72419,1.13429,0.6882,0.7721,0.9118,0.08
u8290,0.014,-9.66153,17.2285,-1.23727,-1.53095,-1.26948,-0.404399,0.6402,0.76,0.9598,0.08
u8291,0.014,13.6617,6.18618,-0.200454,1.19539,1.14713,-0.0727262,0.7273,0.7818,0.8727,0.08
u8292,0.014,-13.7821,-10.6866,-6.20382,0.994334,-1.05823,-0.699913,0.6634,0.7659,0.9366,0.08
u8293,0.014,-7.14705,5.90645,14.4719,-0.181867,-0.0732305,-0.428288,0.6875,0.7719,0.9125,0.08
u8294,0.014,1.6017,2.80354,1.4824,0.754435,0.7299,-0.417115,0.9354,0.8339,0.6646,0.08
u8295,0.014,-9.84934,-17.537,-3.47884,-0.149481,0.737092,-0.47876,0.6289,0.7572,0.9711,0.08
u8296,0.014,-16.5193,-3.48864,8.05922,0.420237,-0.661161,0.199447,0.6598,0.765,0.9402,0.08
u8297,0.014,-3.63364,11.1867,6.42967,-0.524859,-0.872327,0.33554,0.7563,0.7891,0.8437,0.08
u8298,0.014,-3.07474,-14.6374,-11.2801,1.81622,-1.48672,0.735483,0.6594,0.7648,0.9406,0.08
u8299,0.014,-6.99915,1.03426,0.447865,0.4267,-0.857058,-1.05634,0.8711,0.8178,0.7289,0.08
u8300,0.014,-4.98603,14.7688,-7.09281,-0.667952,-0.114813,0.958239,0.6886,0.7722,0.9114,0.08
u8301,0.014,-1.50859,-2.14344,13.1139,-0.842112,-0.506367,-0.984227,0.7569,0.7892,0.8431,0.08
u8302,0.014,11.3018,0.0779622,-5.85791,0.499936,1.11302,-0.11701,0.7685,0.7921,0.8315,0.08
u8303,0.014,-3.50933,13.5806,-5.5146,-0.725108,-1.27567,-0.5278,0.726,0.7815,0.874,0.08
u8304,0.014,10.7445,-5.01214,-9.10687,0.812607,0.923808,0.0122876,0.7282,0.782,0.8718,0.08
u8305,0.014,3.19607,3.48136,-10.9409,-0.641217,0.965513,-0.830405,0.7833,0.7958,0.8167,0.08
u8306,0.014,-0.218015,-8.67889,10.3854,0.461375,0.629862,0.487858,0.7539,0.7885,0.8461,0.08
u8307,0.014,-11.9854,-16.8901,-5.00831,1.63892,-0.541059,-0.860519,0.6126,0.7531,0.9874,0.08
u8308,0.014,-1.81654,-1.24872,-14.0942,0.611929,-0.324937,-0.974114,0.7406,0.7852,0.8594,0.08
u8309,0.014,-15.7498,-5.67941,-4.40484,-1.25961,0.333854,1.64675,0.6852,0.7713,0.9148,0.08
u8310,0.014,3.42632,15.4859,-5.50833,-1.12094,0.697189,-0.556961,0.6947,0.7737,0.9053,0.08
u8311,0.014,0.524614,-3.49382,-13.4812,-0.602088,-1.26605,-0.617134,0.7466,0.7867,0.8534,0.08
u8312,0.014,-5.06762,-3.4141,-12.7314,0.544599,-0.490839,-0.475941,0.7432,0.7858,0.8568,0.08
u8313,0.014,8.03094,-19.4384,2.14559,1.64855,0.878517,0.111946,0.6156,0.7539,0.9844,0.08
u8314,0.014,5.72123,4.75941,11.0462,0.0257218,-0.0733517,-0.132422,0.7578,0.7895,0.8422,0.08
u8315,0.014,12.8718,-10.2119,-4.2398,1.93426,0.967512,-0.254366,0.6915,0.7729,0.9085,0.08
u8316,0.014,4.67833,-10.324,-9.64061,0.440529,1.15378,0.077317,0.7295,0.7824,0.8705,0.08
u8317,0.014,19.202,-3.04001,0.383125,0.772954,0.645657,1.21692,0.6465,0.7616,0.9535,0.08
u8318,0.014,18.3461,-5.33854,1.7426,-0.185109,0.295381,-0.954935,0.6512,0.7628,0.9488,0.08
u8319,0.014,-0.94793,2.11205,12.7818,1.47642,0.728525,1.66686,0.7638,0.791,0.8362,0.08
u8320,0.014,3.07977,-12.7682,-10.2548,2.39678,-0.207898,0.687298,0.697,0.7743,0.903,0.08
u8321,0.014,-7.12149,4.26996,-4.37182,-1.77583,-0.564884,0.268817,0.8294,0.8073,0.7706,0.08
u8322,0.014,4.83095,-12.8029,0.780419,1.11867,1.46331,-1.67601,0.7508,0.7877,0.8492,0.08
u8323,0.014,-6.58805,10.3353,-5.02905,-0.0219245,-0.357399,0.406702,0.7591,0.7898,0.8409,0.08
u8324,0.014,-6.90198,-8.6997,-1.98878,1.70655,0.283716,-1.03588,0.7949,0.7987,0.8051,0.08
u8325,0.014,-17.9313,3.4609,6.93219,-0.354701,0.302523,0.095232,0.6448,0.7612,0.9552,0.08
u8326,0.014,8.43239,6.35145,-1.43912,-1.48085,0.544506,0.947206,0.8063,0.8016,0.7937,0.08
u8327,0.014,-12.2357,-2.51696,-2.28843,-1.93086,0.122398,0.626218,0.7691,0.7923,0.8309,0.08
u8328,0.014,8.61479,-16.9077,6.79073,0.1165,0.732443,-0.840825,0.6336,0.7584,0.9664,0.08
u8329,0.014,13.4599,0.828709,-12.5439,-2.16597,0.757696,-0.24619,0.6651,0.7663,0.9349,0.08
u8330,0.014,-2.57133,15.0766,0.444801,-0.700803,0.617394,-0.702961,0.7218,0.7805,0.8782,0.08
u8331,0.014,3.99433,-5.48348,12.8024,0.3277,-0.24291,-0.191338,0.7366,0.7841,0.8634,0.08
u8332,0.014,-0.232323,4.34639,-6.6504,-2.10973,0.947803,-0.412438,0.8555,0.8139,0.7445,0.08
u8333,0.014,-7.62695,1.92326,-4.92499,1.10893,-0.0806743,0.756464,0.8313,0.8078,0.7687,0.08
u8334,0.014,-0.374912,-4.68231,3.6737,0.528565,-0.261591,-0.548622,0.8916,0.8229,0.7084,0.08
u8335,0.014,-8.14575,-6.92219,9.75236,0.431035,-0.301028,1.07536,0.7369,0.7842,0.8631,0.08
u8336,0.014,8.83574,15.7129,-1.05184,-0.652341,0.599414,0.0627931,0.6717,0.7679,0.9283,0.08
u8337,0.014,15.8813,0.612069,-6.44904,-0.63937,1.7556,0.134072,0.6882,0.772,0.9118,0.08
u8338,0.014,2.36105,8.88023,-5.32592,-0.778459,-0.941975,-0.0466576,0.8069,0.8017,0.7931,0.08
u8339,0.014,0.744456,-2.75606,-1.63956,-0.652657,-1.28007,1.11322,0.9401,0.835,0.6599,0.08
u8340,0.014,-12.5447,10.9962,1.9948,-0.270249,-1.63333,0.970343,0.6945,0.7736,0.9055,0.08
u8341,0.014,5.85825,-16.0979,-1.38356,1.96719,-0.833968,0.615406,0.6875,0.7719,0.9125,0.08
u8342,0.014,1.63983,11.1402,-10.8279,-0.899347,-1.22532,0.40616,0.716,0.779,0.884,0.08
u8343,0.014,-6.96158,6.49663,6.76925,-1.04827,0.224336,-0.50555,0.7876,0.7969,0.8124,0.08
u8344,0.014,-1.84348,7.80318,3.64524,-2.55561,0.44099,-0.198063,0.8399,0.81,0.7601,0.08
u8345,0.014,2.83529,11.0539,-8.29176,0.275258,1.08768,-0.760913,0.7435,0.7859,0.8565,0.08
u8346,0.014,-6.72465,-13.1397,8.30124,-0.178275,-0.631342,1.15803,0.6921,0.773,0.9079,0.08
u8347,0.014,-5.58257,-11.8541,-2.48061,0.488414,-0.545492,-0.876899,0.7575,0.7894,0.8425,0.08
u8348,0.014,10.3544,-2.3357,-7.21371,0.722698,0.5497,0.131,0.7667,0.7917,0.8333,0.08
u8349,0.014,8.51387,-0.341333,-1.35454,0.761634,2.2367,-0.113388,0.8431,0.8108,0.7569,0.08
u8350,0.014,11.6667,-6.40374,2.87552,-0.375332,-0.593788,-0.371053,0.7524,0.7881,0.8476,0.08
u8351,0.014,-5.85119,-15.5481,-9.19511,0.345489,0.422957,-1.09664,0.6548,0.7637,0.9452,0.08
u8352,0.014,5.71985,5.25293,15.4206,-0.256656,-0.0748534,0.922816,0.6861,0.7715,0.9139,0.08
u8353,0.014,4.50134,-5.79472,6.13569,1.49688,0.52749,-1.28927,0.8261,0.8065,0.7739,0.08
u8354,0.014,12.1612,8.16629,9.71514,0.906176,-0.0925134,0.190769,0.6804,0.7701,0.9196,0.08
u8355,0.014,-0.266614,14.1663,8.08668,-1.16069,-2.84588,1.23362,0.7034,0.7758,0.8966,0.08
u8356,0.014,1.56773,-16.5035,-3.10333,0.219678,-0.0286714,0.444789,0.6934,0.7733,0.9066,0.08
u8357,0.014,19.8506,-2.42115,2.69866,-0.519834,-0.154173,-0.731225,0.6331,0.7583,0.9669,0.08
u8358,0.014,15.3463,-6.37434,1.70343,0.279214,0.867117,-0.309051,0.6963,0.7741,0.9037,0.08
u8359,0.014,-6.69006,1.73768,-6.07025,-1.92631,-0.503307,-0.0442029,0.8327,0.8082,0.7673,0.08
u8360,0.014,-16.4659,7.57888,-6.94572,2.159,-1.30722,1.13464,0.6471,0.7618,0.9529,0.08
u8361,0.014,-3.41027,3.28404,-8.77645,-1.58062,0.54122,-0.700862,0.8187,0.8047,0.7813,0.08
u8362,0.014,-4.68933,-16.1086,-9.41222,2.80412,-0.379214,1.40421,0.6502,0.7626,0.9498,0.08
u8363,0.014,-1.61936,-19.3681,-4.69964,1.71664,-1.99445,0.371323,0.6364,0.7591,0.9636,0.08
u8364,0.014,13.7579,6.70911,0.995434,-0.89873,0.381697,0.882244,0.7211,0.7803,0.8789,0.08
u8365,0.014,-3.47099,5.07091,14.8257,0.146113,0.901257,-0.613891,0.7082,0.7771,0.8918,0.08
u8366,0.014,11.8579,-0.783294,-11.2541,-0.761457,-0.267588,1.58286,0.7024,0.7756,0.8976,0.08
u8367,0.014,6.94166,-13.3073,-8.80792,0.483075,-0.0655985,0.529313,0.6836,0.7709,0.9164,0.08
u8368,0.014,3.09822,-5.56685,-7.66808,0.220605,0.273313,-1.04286,0.8187,0.8047,0.7813,0.08
u8369,0.014,16.4042,1.84399,2.65514,0.21657,1.89941,0.327313,0.696,0.774,0.904,0.08
u8370,0.014,4.88282,-6.16347,2.96798,0.346453,-0.053626,0.451314,0.8472,0.8118,0.7528,0.08
u8371,0.014,0.0209557,14.1952,2.70825,-0.498786,0.680375,-1.31666,0.7373,0.7843,0.8627,0.08
u8372,0.014,-6.94214,-18.3113,7.27659,1.96388,-1.02648,0.247721,0.6202,0.755,0.9798,0.08
u8373,0.014,1.94406,0.146456,14.991,0.221665,0.404829,0.942584,0.7251,0.7813,0.8749,0.08
u8374,0.014,1.7535,-10.8975,-11.7184,1.19859,0.605207,0.306334,0.7073,0.7768,0.8927,0.08
u8375,0.014,-6.83416,7.8824,4.2483,0.923577,-0.139438,0.472824,0.7952,0.7988,0.8048,0.08
u8376,0.014,13.5211,4.709,-9.63941,-0.611162,1.2888,-0.0983532,0.6862,0.7715,0.9138,0.08
u8377,0.014,-2.49275,-4.37621,1.59045,-0.296356,-0.084669,1.01636,0.904,0.826,0.696,0.08
u8378,0.014,9.90677,2.91175,11.3809,0.527402,0.127461,-0.84958,0.7206,0.7801,0.8794,0.08
u8379,0.014,-17.0792,11.5292,-1.46119,-1.09214,-0.266219,0.271273,0.6244,0.7561,0.9756,0.08
u8380,0.014,10.4299,15.3739,-0.495896,-0.779954,1.69072,-0.395527,0.6621,0.7655,0.9379,0.08
u8381,0.014,9.15006,8.61547,-9.11609,-1.35199,1.15424,-0.0763382,0.7177,0.7794,0.8823,0.08
u8382,0.014,-5.24559,-4.12716,-12.7273,-2.11264,0.0324334,-1.42522,0.7387,0.7847,0.8613,0.08
u8383,0.014,-3.35702,-15.2532,-7.60874,0.161719,-1.11055,0.550845,0.6841,0.771,0.9159,0.08
u8384,0.014,8.13449,4.20107,-5.57164,-0.376479,-0.209977,1.34386,0.8051,0.8013,0.7949,0.08
u8385,0.014,17.6807,2.19337,1.66655,0.110862,1.8921,-1.47848,0.6747,0.7687,0.9253,0.08
u8386,0.014,17.7548,-3.69894,6.79073,0.759284,0.939851,0.767807,0.6479,0.762,0.9521,0.08
u8387,0.014,-17.3795,-3.64042,-8.23594,0.613906,-1.31219,0.514993,0.6441,0.761,0.9559,0.08
u8388,0.014,4.21039,7.98361,9.24018,-0.525164,1.5645,-0.0571135,0.7651,0.7913,0.8349,0.08
u8389,0.014,1.04327,-17.5667,-6.22853,1.18381,-0.512187,-0.0503193,0.6606,0.7651,0.9394,0.08
u8390,0.014,-15.8458,6.31274,4.18197,-0.613725,-0.855821,0.250935,0.6807,0.7702,0.9193,0.08
u8391,0.014,-9.52819,-3.76505,-9.26942,1.43052,0.215796,-0.0873079,0.7488,0.7872,0.8512,0.08
u8392,0.014,-6.71477,-10.3642,-9.82539,-1.40176,-0.330837,0.646706,0.7131,0.7783,0.8869,0.08
u8393,0.014,11.5419,-16.7713,2.7307,0.895382,-0.0436238,-0.358114,0.6265,0.7566,0.9735,0.08
u8394,0.014,-6.83929,18.4262,2.02535,-1.68266,-1.58186,-1.51991,0.6408,0.7602,0.9592,0.08
u8395,0.014,-1.59497,3.85593,1.34665,0.353688,1.25962,-0.417541,0.9203,0.8301,0.6797,0.08
u8396,0.014,-8.99984,-3.35811,-13.1765,1.41214,2.07585,-2.31802,0.7035,0.7759,0.8965,0.08
u8397,0.014,20.1831,-2.98229,-2.90234,1.73318,2.56064,0.583986,0.6253,0.7563,0.9747,0.08
u8398,0.014,4.44411,-13.531,6.48549,0.711735,0.376651,0.966269,0.7155,0.7789,0.8845,0.08
u8399,0.014,4.34985,-17.9403,2.44177,1.23526,-0.834023,-1.12401,0.6614,0.7654,0.9386,0.08
u8400,0.014,16.4731,-6.43271,-2.05813,1.85368,0.98023,-1.07413,0.6763,0.7691,0.9237,0.08
u8401,0.014,3.33942,-7.02916,-7.76963,1.34155,1.65607,-0.489836,0.8001,0.8,0.7999,0.08
u8402,0.014,8.21205,12.867,-10.5653,-1.14379,0.864872,-0.223798,0.6625,0.7656,0.9375,0.08
u8403,0.014,18.1787,2.33846,2.24921,-0.456014,0.891348,-0.649752,0.6643,0.7661,0.9357,0.08
u8404,0.014,-4.28875,3.28123,9.54649,0.505192,-0.121056,-1.16402,0.8006,0.8001,0.7994,0.08
u8405,0.014,1.82887,4.21918,-5.20006,-0.510244,-0.574958,0.33825,0.8738,0.8184,0.7262,0.08
u8406,0.014,1.12166,16.7936,-7.74692,-1.099,0.77569,0.556256,0.6631,0.7658,0.9369,0.08
u8407,0.014,5.31283,-5.74872,3.73228,0.236125,0.870948,-0.841975,0.8423,0.8106,0.7577,0.08
u8408,0.014,0.0342063,0.254917,-8.36607,-0.149243,-0.62086,-0.173327,0.8478,0.812,0.7522,0.08
u8409,0.014,11.1466,-8.91685,5.11787,-0.596114,1.46674,0.317342,0.7243,0.7811,0.8757,0.08
u8410,0.014,-2.59088,-16.2996,2.93628,0.809214,-0.748726,0.119875,0.6952,0.7738,0.9048,0.08
u8411,0.014,-1.50262,-14.2341,6.60065,0.748527,-1.21759,-0.849391,0.7134,0.7784,0.8866,0.08
u8412,0.014,-7.82624,1.05405,-1.64698,0.124884,1.01084,0.0824498,0.8533,0.8133,0.7467,0.08
u8413,0.014,-1.60739,-7.93288,13.8868,-0.178339,-0.314844,-2.84888,0.7078,0.7769,0.8922,0.08
u8414,0.014,7.93596,-11.5325,3.68767,-0.0888235,0.387795,1.17506,0.7368,0.7842,0.8632,0.08
u8415,0.014,-8.0778,-3.84548,10.8683,1.04952,-1.75299,1.35701,0.7441,0.786,0.8559,0.08
u8416,0.014,-10.6736,15.8639,-1.9583,-0.225844,-0.722353,0.587038,0.6505,0.7626,0.9495,0.08
u8417,0.014,1.55876,-1.01698,9.19337,-0.26868,1.11754,-0.160376,0.8295,0.8074,0.7705,0.08
u8418,0.014,2.31171,-15.6065,-5.43111,1.53594,0.7563,1.57774,0.6966,0.7742,0.9034,0.08
u8419,0.014,-6.27319,20.2047,-1.84068,-0.523099,0.367169,-0.162746,0.6139,0.7535,0.9861,0.08
u8420,0.014,-7.96674,1.26355,14.3038,0.297685,-0.180924,0.949055,0.7014,0.7754,0.8986,0.08
u8421,0.014,0.381872,12.7435,-6.11741,-0.854791,-1.04773,-0.175196,0.7429,0.7857,0.8571,0.08
u8422,0.014,-1.36759,3.92656,11.4066,-1.25005,0.349119,1.43461,0.7793,0.7948,0.8207,0.08
u8423,0.014,12.5634,15.8874,3.31007,-1.09392,0.206178,0.190389,0.6268,0.7567,0.9732,0.08
u8424,0.014,9.49083,-13.2994,3.36243,0.921164,0.770875,0.656436,0.6967,0.7742,0.9033,0.08
u8425,0.014,2.85384,19.4674,5.47702,-0.530003,-1.07908,0.0393615,0.6287,0.7572,0.9713,0.08
u8426,0.014,-18.2536,-8.95895,0.80283,1.21153,-0.426338,-0.121174,0.63,0.7575,0.97,0.08
u8427,0.014,5.73863,-10.0766,-11.491,-0.384232,1.75961,-0.718222,0.7032,0.7758,0.8968,0.08
u8428,0.014,0.703501,-0.979716,-9.04308,0.691175,0.550732,0.902899,0.8341,0.8085,0.7659,0.08
u8429,0.014,8.57156,-9.05337,-2.71688,0.606302,0.498939,0.433425,0.768,0.792,0.832,0.08
u8430,0.014,-15.2806,-6.82396,-5.5017,0.505172,-1.18616,-0.454605,0.6797,0.7699,0.9203,0.08
u8431,0.014,-12.5581,-2.64127,-10.817,-0.0936606,-1.07329,0.160112,0.6948,0.7737,0.9052,0.08
u8432,0.014,-4.92204,-5.86613,13.0884,1.1459,-1.89125,-0.496615,0.7243,0.7811,0.8757,0.08
u8433,0.014,14.1563,-12.7641,-3.00062,0.168229,-0.42879,0.593949,0.6492,0.7623,0.9508,0.08
u8434,0.014,16.1463,-1.03398,5.13364,-0.578061,-0.981195,-0.547831,0.6914,0.7728,0.9086,0.08
u8435,0.014,9.40963,-5.65741,6.95662,1.38457,0.7186,-0.948445,0.7637,0.7909,0.8363,0.08
u8436,0.014,-5.35978,-13.4683,-6.55551,1.28413,-1.43401,1.1706,0.7107,0.7777,0.8893,0.08
u8437,0.014,-19.0488,-2.85724,-2.9853,-0.205754,-0.389769,0.0953639,0.6456,0.7614,0.9544,0.08
u8438,0.014,14.8386,7.05754,-6.04017,-1.92786,0.79709,1.23476,0.6817,0.7704,0.9183,0.08
u8439,0.014,1.83549,-1.60224,6.46696,0.151141,0.16723,0.8573,0.8744,0.8186,0.7256,0.08
u8440,0.014,7.5013,0.770182,8.99978,0.385621,1.3785,0.303719,0.7865,0.7966,0.8135,0.08
u8441,0.014,1.60702,6.87163,7.26926,-0.647217,1.03211,0.82125,0.8158,0.8039,0.7842,0.08
u8442,0.014,-20.8166,-4.14512,3.13486,-1.14903,-1.23646,-0.702654,0.6099,0.7525,0.9901,0.08
u8443,0.014,-6.47982,14.6325,1.02549,-0.665958,-0.739262,-1.15542,0.7084,0.7771,0.8916,0.08
u8444,0.014,12.2631,2.7529,-10.316,-0.0188264,1.23588,-0.63038,0.7044,0.7761,0.8956,0.08
u8445,0.014,10.9413,-7.64172,-0.37819,0.530367,0.167228,-1.64718,0.7573,0.7893,0.8427,0.08
u8446,0.014,-12.5699,0.282159,-12.4418,-0.482397,-1.70655,-0.137484,0.6784,0.7696,0.9216,0.08
u8447,0.014,8.5345,-19.6703,-3.2353,0.175087,0.40522,0.885465,0.6057,0.7514,0.9943,0.08
u8448,0.014,12.2596,-1.02949,12.1723,0.142864,-0.139702,-0.100135,0.6853,0.7713,0.9147,0.08
u8449,0.014,-1.63193,14.6509,-10.7138,-0.678844,-0.778288,0.422846,0.6687,0.7672,0.9313,0.08
u8450,0.014,3.63776,-8.51251,-10.5654,-0.0984043,-0.487612,-0.646322,0.7446,0.7861,0.8554,0.08
u8451,0.014,4.18188,1.34293,-6.86747,-0.297167,0.939508,0.0509546,0.8518,0.8129,0.7482,0.08
u8452,0.014,-1.92851,7.36775,-5.52227,-0.749884,-0.460045,-0.807017,0.829,0.8072,0.771,0.08
u8453,0.014,6.42967,1.73952,-0.0031704,-1.33361,-0.300522,-0.64131,0.8789,0.8197,0.7211,0.08
u8454,0.014,10.2472,3.75572,-11.5781,1.45508,0.972091,-0.617078,0.7107,0.7777,0.8893,0.08
u8455,0.014,21.0761,-5.23442,-2.58871,0.088263,1.65718,0.916856,0.6024,0.7506,0.9976,0.08
u8456,0.014,11.067,-6.05205,0.322445,0.993327,1.33593,1.28067,0.7706,0.7926,0.8294,0.08
u8457,0.014,7.31328,-0.764619,7.45578,-0.811372,-0.466254,1.12288,0.8096,0.8024,0.7904,0.08
u8458,0.014,-1.93924,11.2526,-7.49798,0.50644,-1.90133,-0.483806,0.7516,0.7879,0.8484,0.08
u8459,0.014,-17.1647,-7.30879,-0.942004,1.2316,0.0945245,0.325738,0.6604,0.7651,0.9396,0.08
u8460,0.014,-17.7331,2.1263,8.07572,0.102116,-0.450998,0.0159845,0.6436,0.7609,0.9564,0.08
u8461,0.014,-1.24566,-6.88435,4.71563,0.672264,0.481878,-0.239063,0.8466,0.8116,0.7534,0.08
u8462,0.014,2.40234,-0.191904,14.1745,-0.305749,-1.05801,-1.33316,0.7386,0.7846,0.8614,0.08
u8463,0.014,-0.881414,-19.7629,-2.39011,1.60253,0.289349,1.53682,0.6377,0.7594,0.9623,0.08
u8464,0.014,-3.76489,-21.6152,0.0204932,0.0997922,-2.16315,0.467583,0.6011,0.7503,0.9989,0.08
u8465,0.014,-4.45694,15.95,-8.68135,-1.50922,-0.663754,1.07719,0.66,0.765,0.94,0.08
u8466,0.014,-9.72514,8.08202,12.8965,-0.288622,-1.39244,0.224641,0.6716,0.7679,0.9284,0.08
u8467,0.014,20.6674,-5.23001,2.36239,0.810422,-0.0468944,0.544522,0.61,0.7525,0.99,0.08
u8468,0.014,-4.02375,-6.81963,3.29499,1.06165,1.06834,-1.30663,0.8441,0.811,0.7559,0.08
u8469,0.014,-8.40776,-13.4219,-11.2255,1.48396,-0.23374,0.182876,0.647,0.7618,0.953,0.08
u8470,0.014,-3.32382,1.66535,-15.5383,-1.49228,0.449046,0.462909,0.7095,0.7774,0.8905,0.08
u8471,0.014,5.15008,-12.4256,-11.5231,-0.257046,-0.200826,1.3709,0.678,0.7695,0.922,0.08
u8472,0.014,3.13242,0.466012,7.16248,-0.0468282,1.62872,0.985213,0.8576,0.8144,0.7424,0.08
u8473,0.014,-11.007,-13.9555,7.69978,0.981256,-0.3915,0.712592,0.6478,0.762,0.9522,0.08
u8474,0.014,-5.11049,10.1413,-12.4286,-0.590732,-0.544955,0.215841,0.6939,0.7735,0.9061,0.08
u8475,0.014,19.0578,4.55246,3.57833,-0.757909,0.00914904,0.519061,0.6379,0.7595,0.9621,0.08
u8476,0.014,-11.9628,11.1736,8.20773,-0.421912,-0.824338,-0.186786,0.6671,0.7668,0.9329,0.08
u8477,0.014,0.283935,-7.01787,15.1823,-0.0962481,-0.175614,-0.163422,0.6959,0.774,0.9041,0.08
u8478,0.014,6.35717,-3.53656,7.41774,0.881755,-1.49379,0.825718,0.8111,0.8028,0.7889,0.08
u8479,0.014,12.6732,16.0119,4.58181,-0.969866,0.689922,0.452163,0.6195,0.7549,0.9805,0.08
u8480,0.014,1.31891,-2.64663,13.6262,-0.698487,0.0260044,1.04427,0.7465,0.7866,0.8535,0.08
u8481,0.014,-13.6299,12.4039,-7.96055,-0.851895,-0.324571,0.0605246,0.635,0.7588,0.965,0.08
u8482,0.014,-1.18701,7.25372,1.50426,-0.657793,-0.288748,-0.369521,0.8636,0.8159,0.7364,0.08
u8483,0.014,3.66143,3.3258,0.375276,0.0483424,-1.48837,-0.815877,0.9098,0.8275,0.6902,0.08
u8484,0.014,15.8438,-12.0018,-5.71595,0.994631,0.903147,-1.14936,0.624,0.756,0.976,0.08
u8485,0.014,10.6798,7.06534,10.1825,-0.585269,1.02274,-0.116071,0.7025,0.7756,0.8975,0.08
u8486,0.014,-11.9758,-9.22193,10.7856,1.909,1.15401,-1.70831,0.6624,0.7656,0.9376,0.08
u8487,0.014,-17.4749,5.91399,-6.72674,-1.83284,-0.707632,0.816236,0.643,0.7607,0.957,0.08
u8488,0.014,0.0513093,-6.77441,-14.3018,0.420877,-0.145062,0.052028,0.7123,0.7781,0.8877,0.08
u8489,0.014,1.689,17.3568,-0.450783,-0.00979376,-0.760795,0.250252,0.6828,0.7707,0.9172,0.08
u8490,0.014,-9.84741,17.8336,3.26318,0.644123,0.00538642,0.402541,0.6249,0.7562,0.9751,0.08
u8491,0.014,12.2922,-9.19237,3.32205,-0.222754,0.526718,-1.66248,0.7145,0.7786,0.8855,0.08
u8492,0.014,5.4849,0.398693,12.5294,1.13543,-0.199872,-0.479644,0.7512,0.7878,0.8488,0.08
u8493,0.014,-11.6464,-16.6034,2.69206,0.751154,-1.02464,0.356613,0.628,0.757,0.972,0.08
u8494,0.014,-10.4438,12.4537,-6.08731,0.422838,-0.418107,-0.0939999,0.6844,0.7711,0.9156,0.08
u8495,0.014,12.1521,1.5541,1.61252,0.292974,0.561675,1.16667,0.7753,0.7938,0.8247,0.08
u8496,0.014,7.90259,7.1743,-10.3516,0.223778,0.66936,0.509101,0.7297,0.7824,0.8703,0.08
u8497,0.014,-16.7896,3.7123,6.20132,0.592417,-1.00404,0.161884,0.6677,0.7669,0.9323,0.08
u8498,0.014,-2.94932,11.4576,6.95441,-1.24915,1.23438,-0.0596389,0.7505,0.7876,0.8495,0.08
u8499,0.014,21.3308,-0.89251,-1.96633,-0.505188,0.680134,0.31744,0.6102,0.7525,0.9898,0.08
u8500,0.014,0.660453,0.156346,-9.95517,-0.469187,0.311165,-0.264751,0.8186,0.8046,0.7814,0.08
u8501,0.014,1.13957,-8.31369,-3.1968,0.622138,0.19793,0.205847,0.8367,0.8092,0.7633,0.08
u8502,0.014,6.19929,3.95838,7.26124,0.723758,0.281957,-0.293916,0.8121,0.803,0.7879,0.08
u8503,0.014,7.20886,-1.10937,-9.18645,0.68938,-1.19659,0.919308,0.7867,0.7967,0.8133,0.08
u8504,0.014,0.0676389,-2.07423,-7.3836,-0.723464,0.177231,-0.517571,0.8606,0.8151,0.7394,0.08
u8505,0.014,-19.4388,8.95457,-1.56444,-0.804062,-0.518629,-0.368338,0.6098,0.7525,0.9902,0.08
u8506,0.014,-5.63163,-15.2708,-6.51208,1.2091,-1.28918,-0.0547623,0.6813,0.7703,0.9187,0.08
u8507,0.014,-0.528473,-19.4248,-0.312207,0.882867,0.685172,-1.11528,0.6466,0.7617,0.9534,0.08
u8508,0.014,2.71852,15.4506,-10.5965,0.00258914,0.42741,0.144773,0.6558,0.7639,0.9442,0.08
u8509,0.014,-9.56779,-4.27418,-0.0277337,-0.897669,-0.162531,-0.34305,0.8095,0.8024,0.7905,0.08
u8510,0.014,0.314512,-13.0242,11.8937,0.740603,-1.60707,-0.260056,0.6793,0.7698,0.9207,0.08
u8511,0.014,-10.6153,-7.48247,-9.48347,1.88393,-0.367442,0.605338,0.7076,0.7769,0.8924,0.08
u8512,0.014,0.976493,-8.45197,0.911698,-0.0654034,0.255191,0.854302,0.8444,0.8111,0.7556,0.08
u8513,0.014,4.815,12.3534,-11.6473,0.492506,0.179894,-0.666538,0.6791,0.7698,0.9209,0.08
u8514,0.014,9.354,2.73657,-1.28476,-0.624925,0.230186,0.385623,0.8213,0.8053,0.7787,0.08
u8515,0.014,-12.0774,-12.6478,-4.38598,0.532207,-0.845898,0.600157,0.6722,0.768,0.9278,0.08
u8516,0.014,12.9456,-6.58474,4.11764,-0.647445,1.34819,0.569448,0.7255,0.7814,0.8745,0.08
u8517,0.014,-10.4235,2.03446,-9.14455,-0.755479,-1.71932,-0.674792,0.7452,0.7863,0.8548,0.08
u8518,0.014,-17.8466,-7.05612,1.67778,1.13379,-1.29426,-0.257502,0.6497,0.7624,0.9503,0.08
u8519,0.014,-9.03134,17.9162,-0.261834,-1.17599,-0.207986,-0.016271,0.6352,0.7588,0.9648,0.08
u8520,0.014,0.727705,-8.13694,11.1937,1.77851,0.569975,-0.772914,0.748,0.787,0.852,0.08
u8521,0.014,1.57065,-1.759,-14.2025,-1.33482,0.79311,2.24232,0.7382,0.7846,0.8618,0.08
u8522,0.014,-11.0331,6.70993,7.87653,0.52049,-1.95768,-1.29295,0.725,0.7812,0.875,0.08
u8523,0.014,8.56111,-13.8831,-3.71593,1.66513,1.196,-1.12928,0.6958,0.774,0.9042,0.08
u8524,0.014,6.09927,-17.2795,5.17391,-0.198503,-0.994577,0.356582,0.6538,0.7635,0.9462,0.08
u8525,0.014,-4.03724,0.191282,-10.593,1.01777,-1.05184,0.48474,0.7939,0.7985,0.8061,0.08
u8526,0.014,1.13082,-0.968874,2.17499,0.973808,0.93996,-1.95262,0.9521,0.838,0.6479,0.08
u8527,0.014,-4.91564,6.60256,10.1085,-1.00793,-1.70534,0.694021,0.763,0.7907,0.837,0.08
u8528,0.014,7.61978,16.6121,1.85499,-1.02266,0.59397,0.982562,0.666,0.7665,0.934,0.08
u8529,0.014,-17.9908,-6.18065,0.998433,0.325003,-2.02556,0.578573,0.6537,0.7634,0.9463,0.08
u8530,0.014,7.88455,9.7159,-4.79755,-1.65464,0.603129,0.4795,0.7563,0.7891,0.8437,0.08
u8531,0.014,4.44482,-20.0893,4.34646,2.42388,1.09185,0.304018,0.6177,0.7544,0.9823,0.08
u8532,0.014,-9.6556,-7.49675,4.44486,1.70513,-1.04757,0.253819,0.7635,0.7909,0.8365,0.08
u8533,0.014,14.3387,-6.40489,-5.57145,0.849622,-0.086872,-0.721475,0.697,0.7743,0.903,0.08
u8534,0.014,11.7351,-7.64073,-0.903738,0.267006,0.0411087,0.645368,0.7449,0.7862,0.8551,0.08
u8535,0.014,-15.8701,4.84436,5.26314,0.766358,1.19501,-0.842952,0.6835,0.7709,0.9165,0.08
u8536,0.014,-2.63247,-2.11437,-10.3108,1.16879,-0.680814,-1.07534,0.8027,0.8007,0.7973,0.08
u8537,0.014,13.8923,-10.0382,-5.98931,0.660324,0.875564,0.643698,0.6699,0.7675,0.9301,0.08
u8538,0.014,-4.21885,15.1085,1.38307,1.09851,-1.58999,-2.06487,0.7137,0.7784,0.8863,0.08
u8539,0.014,8.2624,7.30682,8.78708,-2.36171,0.490382,-0.636044,0.7436,0.7859,0.8564,0.08
u8540,0.014,8.5807,-19.0947,-4.21779,0.579473,0.0283848,-0.0727066,0.6117,0.7529,0.9883,0.08
u8541,0.014,-0.031999,-14.9942,-8.26351,0.275407,1.43801,-0.821236,0.6887,0.7722,0.9113,0.08
u8542,0.014,-14.9852,12.3656,-1.41344,0.155935,-0.160951,-1.37757,0.6458,0.7615,0.9542,0.08
u8543,0.014,-5.3808,10.1182,-10.7217,-0.313041,-0.653848,0.656402,0.7147,0.7787,0.8853,0.08
u8544,0.014,-6.14911,-16.5537,9.80821,0.596827,-0.364382,-0.826358,0.6327,0.7582,0.9673,0.08
u8545,0.014,15.4514,-1.36058,-7.46309,-0.887266,0.51293,0.430944,0.687,0.7718,0.913,0.08
u8546,0.014,-15.5233,-2.53908,-8.39929,0.76245,-0.722874,1.68911,0.6758,0.7689,0.9242,0.08
u8547,0.014,-17.7892,-9.36228,-3.1903,1.89743,-1.93599,-0.865917,0.6299,0.7575,0.9701,0.08
u8548,0.014,-3.74204,-18.254,7.39662,0.832518,0.231239,-0.751452,0.6355,0.7589,0.9645,0.08
u8549,0.014,13.3347,-8.49951,9.06568,0.360988,2.09621,0.953378,0.6686,0.7671,0.9314,0.08
u8550,0.014,4.68733,-15.1317,10.1732,0.255473,0.848028,0.27345,0.6577,0.7644,0.9423,0.08
u8551,0.014,13.9911,12.5459,1.2586,-0.446826,-0.354924,0.292704,0.6576,0.7644,0.9424,0.08
u8552,0.014,6.09302,-4.37464,0.121325,-0.785665,1.07625,0.0918346,0.8636,0.8159,0.7364,0.08
u8553,0.014,12.3303,15.4688,3.84258,-1.32386,0.872821,0.752258,0.6336,0.7584,0.9664,0.08
u8554,0.014,-2.54276,-1.19504,12.7416,1.87027,0.740565,0.781753,0.7628,0.7907,0.8372,0.08
u8555,0.014,-1.10834,-16.4504,3.2332,1.66121,-0.482312,0.356082,0.6945,0.7736,0.9055,0.08
u8556,0.014,-7.28127,-7.46594,-12.2648,0.454584,-0.871794,0.448862,0.7073,0.7768,0.8927,0.08
u8557,0.014,15.1338,-3.46003,-11.106,1.17046,0.44061,-0.240348,0.6529,0.7632,0.9471,0.08
u8558,0.014,-7.35316,15.3844,-2.36672,-0.739146,-0.448305,0.150963,0.687,0.7718,0.913,0.08
u8559,0.014,-6.09457,-1.71819,-10.6556,-0.235738,-2.03916,-0.253681,0.7746,0.7937,0.8254,0.08
u8560,0.014,-2.56752,10.9356,-11.8661,-0.70275,-1.79215,-0.129288,0.7029,0.7757,0.8971,0.08
u8561,0.014,-15.4143,6.34485,-0.0700085,-1.90587,-0.507576,-0.181164,0.6969,0.7742,0.9031,0.08
u8562,0.014,14.9957,-8.22467,0.964362,-0.294631,-0.384324,0.029999,0.6885,0.7721,0.9115,0.08
u8563,0.014,-2.98756,-6.88393,-14.9031,1.1297,0.594744,-0.215757,0.6966,0.7742,0.9034,0.08
u8564,0.014,-5.47999,2.43088,-9.52583,-0.194545,0.297413,-0.330587,0.7954,0.7988,0.8046,0.08
u8565,0.014,0.780816,14.575,7.78131,-1.36724,1.02571,1.67259,0.6993,0.7748,0.9007,0.08
u8566,0.014,-6.23074,10.7206,6.52144,-0.0858805,-0.850552,0.288136,0.7453,0.7863,0.8547,0.08
u8567,0.014,13.8763,0.378729,2.58343,1.21933,0.935043,1.57659,0.7433,0.7858,0.8567,0.08
u8568,0.014,-3.22871,-0.926511,-4.57712,-0.00166321,0.162673,-0.195006,0.8968,0.8242,0.7032,0.08
u8569,0.014,-1.2609,19.35,7.58322,-1.81151,-0.350465,0.258308,0.6214,0.7554,0.9786,0.08
u8570,0.014,1.27667,21.2501,-1.45805,-3.22541,0.792714,-1.00217,0.612,0.753,0.988,0.08
u8571,0.014,-1.69557,-17.5848,-4.26439,1.70963,0.263465,0.987929,0.6696,0.7674,0.9304,0.08
u8572,0.014,11.8838,-10.0984,-2.91887,2.27843,1.21277,-0.016347,0.7115,0.7779,0.8885,0.08
u8573,0.014,-11.8798,-10.554,3.19384,-0.445007,-1.49167,0.955629,0.7053,0.7763,0.8947,0.08
u8574,0.014,-1.08412,20.0365,-3.71588,-1.96282,0.885536,0.604692,0.629,0.7572,0.971,0.08
u8575,0.014,-4.51605,1.77316,5.75205,0.019317,-1.10833,-0.845526,0.8632,0.8158,0.7368,0.08
u8576,0.014,-7.14737,2.27278,13.0639,0.80657,0.692022,0.801383,0.7261,0.7815,0.8739,0.08
u8577,0.014,-18.9555,-1.69158,-0.813222,-0.841521,-1.48995,0.819886,0.6537,0.7634,0.9463,0.08
u8578,0.014,-7.9649,12.1272,0.239617,-1.51136,-1.09363,0.599988,0.7362,0.784,0.8638,0.08
u8579,0.014,14.3224,2.59183,11.1465,-0.244458,1.16813,-0.15334,0.6667,0.7667,0.9333,0.08
u8580,0.014,-9.78316,-9.04042,-12.9302,0.0260198,-0.446295,-0.619907,0.6625,0.7656,0.9375,0.08
u8581,0.014,-2.24611,-9.35729,-11.7308,-0.282561,-0.73125,0.50059,0.7241,0.781,0.8759,0.08
u8582,0.014,0.289347,6.87923,-4.79749,-0.189505,-0.135244,-0.676721,0.8474,0.8119,0.7526,0.08
u8583,0.014,10.4673,13.0114,10.2957,-2.15416,1.06253,-2.21399,0.6433,0.7608,0.9567,0.08
u8584,0.014,11.5836,-8.06214,-1.08572,0.551812,0.590473,0.930766,0.7426,0.7857,0.8574,0.08
u8585,0.014,-9.39222,6.00741,3.34663,0.466867,1.29122,0.0625115,0.7884,0.7971,0.8116,0.08
u8586,0.014,10.2764,12.7005,-3.97355,0.39504,1.03688,0.57428,0.6943,0.7736,0.9057,0.08
u8587,0.014,19.7677,-5.6978,3.08304,-0.890955,-0.0846253,1.20509,0.6218,0.7554,0.9782,0.08
u8588,0.014,-3.85155,12.7175,-0.241044,0.533241,-0.910025,-0.6016,0.7584,0.7896,0.8416,0.08
u8589,0.014,9.50551,10.3063,-11.9788,-0.603608,1.26893,0.302933,0.6647,0.7662,0.9353,0.08
u8590,0.014,2.22706,-17.0499,-1.66814,1.05359,-0.545895,-0.822303,0.6859,0.7715,0.9141,0.08
u8591,0.014,16.5215,8.56696,-2.10882,0.366799,1.13579,-0.192372,0.6595,0.7649,0.9405,0.08
u8592,0.014,-2.95761,10.2615,5.06172,-0.173954,0.36561,0.687534,0.7851,0.7963,0.8149,0.08
u8593,0.014,5.89627,-12.8799,7.23375,0.327547,0.901402,0.716396,0.7108,0.7777,0.8892,0.08
u8594,0.014,6.89338,-17.4228,-6.2679,0.363364,0.167543,0.833935,0.6408,0.7602,0.9592,0.08
u8595,0.014,16.4476,4.46295,1.33163,-0.810218,1.7397,0.267999,0.6892,0.7723,0.9108,0.08
u8596,0.014,-3.53789,1.38234,7.16312,-0.453158,-0.453127,-0.306141,0.8526,0.8131,0.7474,0.08
u8597,0.014,-14.3812,-13.7186,-5.65051,0.580386,-0.678335,0.277362,0.6243,0.7561,0.9757,0.08
u8598,0.014,-1.26548,7.24276,-4.59084,0.0961115,-1.07861,-0.445741,0.8424,0.8106,0.7576,0.08
u8599,0.014,10.7778,10.1197,8.19651,-0.166375,0.0248563,0.188039,0.6927,0.7732,0.9073,0.08
u8600,0.014,3.09748,7.34917,-10.0463,0.115301,-0.000634059,-0.252353,0.7668,0.7917,0.8332,0.08
u8601,0.014,9.389,6.55127,-9.15214,-2.00904,0.508699,-1.01113,0.7335,0.7834,0.8665,0.08
u8602,0.014,-14.1333,10.0042,2.76292,-0.0759277,-1.17185,0.417039,0.6812,0.7703,0.9188,0.08
u8603,0.014,-9.33571,1.39024,1.26028,0.438371,-1.0914,-0.863337,0.8269,0.8067,0.7731,0.08
u8604,0.014,-14.4537,12.4198,-3.63177,-0.320446,-1.02023,0.644354,0.6473,0.7618,0.9527,0.08
u8605,0.014,-10.5076,0.27866,-13.1222,1.69279,-0.75268,-1.43262,0.6943,0.7736,0.9057,0.08
u8606,0.014,0.947238,12.1115,-7.45156,-0.161588,-0.29408,-1.10142,0.7409,0.7852,0.8591,0.08
u8607,0.014,18.8147,10.6574,1.07953,-3.15556,1.47577,1.61983,0.6064,0.7516,0.9936,0.08
u8608,0.014,-7.49731,12.7256,0.0510157,-0.703661,0.527322,0.00221978,0.7315,0.7829,0.8685,0.08
u8609,0.014,-10.9874,-3.47138,12.0136,2.85824,0.471804,-0.981286,0.6973,0.7743,0.9027,0.08
u8610,0.014,-0.0392562,8.0756,-2.32441,-0.867018,0.246886,0.904366,0.8472,0.8118,0.7528,0.08
u8611,0.014,8.23464,5.88663,-13.1936,-0.161885,0.22983,1.09586,0.6976,0.7744,0.9024,0.08
u8612,0.014,5.78924,11.9565,9.96107,-0.482335,0.462299,-2.04152,0.6981,0.7745,0.9019,0.08
u8613,0.014,10.7428,-1.7965,-1.99386,-1.41141,0.393273,0.452282,0.7987,0.7997,0.8013,0.08
u8614,0.014,-11.5326,7.07093,-8.46951,0.189814,-1.63255,0.525316,0.7098,0.7775,0.8902,0.08
u8615,0.014,-6.88125,6.9307,-8.77629,0.592587,0.150116,0.18622,0.7613,0.7903,0.8387,0.08
u8616,0.014,7.01924,3.82404,-12.0791,-0.267246,0.32489,1.46064,0.7366,0.7842,0.8634,0.08
u8617,0.014,3.66475,15.1358,-2.12886,-0.772829,-0.583351,-1.16505,0.7142,0.7786,0.8858,0.08
u8618,0.014,21.6026,-1.90252,1.96968,-1.5197,1.83748,0.758718,0.6041,0.751,0.9959,0.08
u8619,0.014,0.324637,8.67412,-9.55046,-1.21616,0.265782,0.38545,0.7654,0.7913,0.8346,0.08
u8620,0.014,-11.0456,3.22273,-13.5697,0.647162,-1.60451,-0.447408,0.6765,0.7691,0.9235,0.08
u8621,0.014,-5.82616,-1.54846,-6.20848,-0.699419,-1.21582,-1.57135,0.8427,0.8107,0.7573,0.08
u8622,0.014,17.8447,-11.0108,-1.81089,0.422266,0.648877,-0.125907,0.6173,0.7543,0.9827,0.08
u8623,0.014,-2.79835,-4.93207,11.3006,-0.585575,1.53593,0.426523,0.7701,0.7925,0.8299,0.08
u8624,0.014,20.6185,6.0884,0.0590399,-1.59893,-0.858954,-0.235584,0.6091,0.7523,0.9909,0.08
u8625,0.014,-9.41232,12.114,7.79339,-0.0385518,-0.561784,0.769633,0.6871,0.7718,0.9129,0.08
u8626,0.014,-15.7153,6.7213,9.07672,0.398437,-1.96699,-1.08938,0.6481,0.762,0.9519,0.08
u8627,0.014,-12.0101,2.63879,-0.142304,0.290062,0.328607,1.16503,0.7764,0.7941,0.8236,0.08
u8628,0.014,-4.72186,16.7144,9.97729,-0.0937594,-0.292467,-0.449935,0.6358,0.759,0.9642,0.08
u8629,0.014,17.0846,8.97794,7.03176,0.846585,1.80353,-0.338711,0.6265,0.7566,0.9735,0.08
u8630,0.014,3.53985,5.92719,-15.2995,1.30887,0.104924,0.131303,0.6948,0.7737,0.9052,0.08
u8631,0.014,18.0148,-1.90663,-3.55405,-0.119892,0.029991,0.243284,0.6643,0.7661,0.9357,0.08
u8632,0.014,-5.71539,5.96617,-10.6414,-1.42422,-1.50404,0.796741,0.7551,0.7888,0.8449,0.08
u8633,0.014,3.00277,19.2628,1.80611,-0.712947,0.122363,0.908077,0.644,0.761,0.956,0.08
u8634,0.014,12.3428,-10.2971,2.5015,-0.306276,0.997333,-0.391639,0.7042,0.7761,0.8958,0.08
u8635,0.014,5.47586,1.12339,10.8261,-0.539551,-0.335586,-0.18686,0.7785,0.7946,0.8215,0.08
u8636,0.014,14.9355,15.4432,-0.764604,-0.947166,-0.218313,0.0915207,0.6091,0.7523,0.9909,0.08
u8637,0.014,2.16598,1.88322,1.17749,0.400911,1.14446,-1.21483,0.9436,0.8359,0.6564,0.08
u8638,0.014,12.5267,-15.7853,2.05742,1.60958,-0.913771,1.18341,0.6317,0.7579,0.9683,0.08
u8639,0.014,7.09068,-0.542315,-3.04665,-0.920233,1.56687,-0.391239,0.8593,0.8148,0.7407,0.08
u8640,0.014,3.03997,1.82648,-14.0948,-0.199824,-0.723347,0.400961,0.7357,0.7839,0.8643,0.08
u8641,0.014,-8.66879,5.06418,10.8303,-0.222851,-0.0378321,0.663068,0.7315,0.7829,0.8685,0.08
u8642,0.014,-17.5844,4.72796,9.11786,-0.196138,-0.931406,0.345413,0.6297,0.7574,0.9703,0.08
u8643,0.014,12.0595,-11.2732,8.73361,0.238711,0.398376,-0.101401,0.6604,0.7651,0.9396,0.08
u8644,0.014,-13.6306,3.72574,1.3617,0.0950415,-0.501977,0.953127,0.7419,0.7855,0.8581,0.08
u8645,0.014,-3.42613,-21.6658,-1.14967,1.09227,0.672008,-0.860509,0.6006,0.7502,0.9994,0.08
u8646,0.014,-17.2098,-7.41749,-4.3599,0.450709,-0.593071,-0.304174,0.6502,0.7625,0.9498,0.08
u8647,0.014,18.3588,11.0866,1.41937,-1.18526,2.39283,0.839976,0.6092,0.7523,0.9908,0.08
u8648,0.014,-19.66,1.27691,-2.64926,-0.939215,-1.63951,0.642202,0.6386,0.7596,0.9614,0.08
u8649,0.014,11.1961,11.878,9.29946,-1.17575,0.984471,0.258191,0.6584,0.7646,0.9416,0.08
u8650,0.014,-11.8712,-7.12259,-8.39225,0.616986,-1.40598,-0.969688,0.7057,0.7764,0.8943,0.08
u8651,0.014,4.93653,7.55662,1.63713,-0.870098,0.242894,0.113908,0.8332,0.8083,0.7668,0.08
u8652,0.014,-9.09242,4.13216,3.31153,0.579824,0.0612891,-1.27959,0.8087,0.8022,0.7913,0.08
u8653,0.014,9.02768,-14.1708,5.99317,1.02445,-0.0122302,0.141659,0.6757,0.7689,0.9243,0.08
u8654,0.014,8.54122,-5.81457,-11.7446,1.97273,2.83007,-1.44088,0.7156,0.7789,0.8844,0.08
u8655,0.014,-5.04604,-0.170263,6.79928,0.621463,-0.465355,-0.328895,0.846,0.8115,0.754,0.08
u8656,0.014,-0.867818,-11.4597,7.42513,1.02446,-1.15532,0.788373,0.7512,0.7878,0.8488,0.08
u8657,0.014,-5.86408,19.9799,0.105188,-1.13415,0.592741,-0.454116,0.6214,0.7554,0.9786,0.08
u8658,0.014,-4.59906,-6.51733,2.29897,0.279602,-0.175804,-0.301116,0.8491,0.8123,0.7509,0.08
u8659,0.014,14.8307,-15.2058,3.11168,1.11194,1.69745,1.17537,0.6097,0.7524,0.9903,0.08
u8660,0.014,-1.05555,4.95563,3.68134,-0.116501,0.170598,0.133694,0.8861,0.8215,0.7139,0.08
u8661,0.014,5.47363,-13.3752,10.867,1.85958,0.697332,1.91899,0.6712,0.7678,0.9288,0.08
u8662,0.014,-14.9316,10.437,-7.94618,-0.019576,-1.04655,-0.12299,0.6386,0.7597,0.9614,0.08
u8663,0.014,-15.4332,2.58737,-3.69426,0.661003,-0.0487733,0.650768,0.7077,0.7769,0.8923,0.08
u8664,0.014,-1.14573,-4.21237,4.07964,-0.546058,-0.0163577,-0.908132,0.8914,0.8228,0.7086,0.08
u8665,0.014,4.49151,-5.27031,-13.8349,-0.12389,-0.96799,0.193509,0.7187,0.7797,0.8813,0.08
u8666,0.014,14.3517,14.2726,-2.14779,-0.512176,1.10527,-0.656587,0.6299,0.7575,0.9701,0.08
u8667,0.014,-0.135517,6.66279,-12.5248,-0.108909,-0.70555,-0.18295,0.742,0.7855,0.858,0.08
u8668,0.014,-7.0446,-13.2684,1.30209,1.35386,-0.366252,0.661283,0.7258,0.7815,0.8742,0.08
u8669,0.014,-0.915085,-6.6255,-4.25847,1.36081,0.281956,0.205707,0.8558,0.814,0.7442,0.08
u8670,0.014,-4.51782,-3.10133,3.406,0.773914,-0.921666,-0.906822,0.8827,0.8207,0.7173,0.08
u8671,0.014,-13.2768,-2.87413,-12.854,0.730208,-2.28232,0.414001,0.66,0.765,0.94,0.08
u8672,0.014,-6.27423,12.6306,-9.53617,-0.249041,-1.28077,-0.821069,0.6905,0.7726,0.9095,0.08
u8673,0.014,-7.8886,-9.4577,12.9407,-0.878326,-0.640369,0.110949,0.6752,0.7688,0.9248,0.08
u8674,0.014,-1.49189,-3.0206,13.9621,1.26624,-0.515029,1.28135,0.7389,0.7847,0.8611,0.08
u8675,0.014,-1.2049,13.9342,0.571251,-0.516971,-0.49063,1.0424,0.7455,0.7864,0.8545,0.08
u8676,0.014,-0.207639,-1.80703,-6.29031,-1.12302,1.97408,-0.237878,0.8809,0.8202,0.7191,0.08
u8677,0.014,-1.07368,9.19189,-4.78008,0.979475,-0.461277,-1.49541,0.8106,0.8027,0.7894,0.08
u8678,0.014,-5.60752,0.0159468,2.08773,-0.305039,-0.121766,0.197368,0.8912,0.8228,0.7088,0.08
u8679,0.014,10.5971,-6.89311,-5.2416,-1.22185,0.135989,-0.323012,0.7512,0.7878,0.8488,0.08
u8680,0.014,18.6158,-1.3427,1.50662,0.364787,0.652114,0.39156,0.6595,0.7649,0.9405,0.08
u8681,0.014,6.00631,4.47828,1.37515,-0.032316,0.476389,1.4055,0.8615,0.8154,0.7385,0.08
u8682,0.014,-13.1944,-15.5696,5.75861,-0.326998,-1.41234,-0.802748,0.6144,0.7536,0.9856,0.08
u8683,0.014,-9.43325,-9.26281,-8.16624,-0.443583,-1.36495,-0.761331,0.7175,0.7794,0.8825,0.08
u8684,0.014,11.2239,8.53241,-3.11748,-0.962938,0.593649,0.650256,0.7375,0.7844,0.8625,0.08
u8685,0.014,1.37864,15.0486,-0.681645,-1.09318,-0.352644,0.815511,0.725,0.7812,0.875,0.08
u8686,0.014,0.645967,7.76186,-10.6339,-1.11963,1.14221,-1.35209,0.7603,0.7901,0.8397,0.08
u8687,0.014,-11.9863,-13.2881,-7.52092,0.317758,-1.89803,-0.693038,0.6471,0.7618,0.9529,0.08
u8688,0.014,-0.40412,-6.53929,13.6366,-0.0791947,0.793155,-0.137261,0.7249,0.7812,0.8751,0.08
u8689,0.014,13.3022,3.81304,6.99396,-0.459594,-0.140308,0.478179,0.7181,0.7795,0.8819,0.08
u8690,0.014,20.9308,-2.83654,3.57466,0.896153,0.911775,-1.05681,0.6105,0.7526,0.9895,0.08
u8691,0.014,13.275,3.60407,-6.21243,-0.0894612,-0.526093,-0.360107,0.7256,0.7814,0.8744,0.08
u8692,0.014,-7.08831,3.20712,-1.13254,-1.41501,1.70408,1.33039,0.8571,0.8143,0.7429,0.08
u8693,0.014,9.06126,-3.46642,-11.9672,0.00822988,-0.634098,0.505592,0.7199,0.78,0.8801,0.08
u8694,0.014,-1.01476,15.5045,11.3188,0.147422,-1.07152,-1.31856,0.6505,0.7626,0.9495,0.08
u8695,0.014,2.66724,-11.076,-12.2681,0.608497,0.633607,-0.307301,0.6956,0.7739,0.9044,0.08
u8696,0.014,9.87206,5.61225,-1.65709,-0.181615,1.50194,0.337117,0.7913,0.7978,0.8087,0.08
u8697,0.014,-2.80185,-1.08731,16.087,-0.0773064,0.150268,-0.86165,0.7024,0.7756,0.8976,0.08
u8698,0.014,-11.4543,-4.48286,7.81462,-0.792425,0.189139,-1.06498,0.735,0.7838,0.865,0.08
u8699,0.014,8.01591,-8.4257,-1.10643,0.547965,2.23806,-0.172572,0.7876,0.7969,0.8124,0.08
u8700,0.014,-0.680118,9.13835,-10.557,-1.14853,-0.77622,0.156123,0.7458,0.7865,0.8542,0.08
u8701,0.014,5.63622,-19.3877,-1.279,-0.105562,0.403676,-1.11394,0.6322,0.758,0.9678,0.08
u8702,0.014,11.5861,-6.28257,0.878946,0.774764,2.76888,-0.405249,0.7598,0.79,0.8402,0.08
u8703,0.014,-8.23203,-4.08115,6.23095,0.714442,-0.668615,0.406733,0.7982,0.7995,0.8018,0.08
u8704,0.014,7.88002,6.20894,-10.7187,0.790899,0.1076,-1.26249,0.7331,0.7833,0.8669,0.08
u8705,0.014,11.5545,-4.06182,13.2146,0.97492,0.930936,0.298802,0.6724,0.7681,0.9276,0.08
u8706,0.014,2.51274,-2.73991,10.0832,0.220318,1.47963,-0.265102,0.8046,0.8012,0.7954,0.08
u8707,0.014,0.283149,-1.42512,7.37722,-0.44562,-0.750296,-3.39409,0.8633,0.8158,0.7367,0.08
u8708,0.014,-3.79152,-3.04325,2.83432,1.10491,-0.779283,-0.315476,0.8977,0.8244,0.7023,0.08
u8709,0.014,3.23675,2.80113,-2.63418,-0.430905,-0.115443,0.97077,0.9086,0.8272,0.6914,0.08
u8710,0.014,12.7676,4.52218,-0.255428,0.104519,0.604375,-0.133295,0.7537,0.7884,0.8463,0.08
u8711,0.014,11.1004,2.53822,-1.41502,-0.956087,0.772577,0.759538,0.7914,0.7978,0.8086,0.08
u8712,0.014,10.0169,-7.36629,2.76381,-0.514309,-0.490364,-0.000898152,0.7684,0.7921,0.8316,0.08
u8713,0.014,10.7406,1.42276,-2.30727,0.690553,0.232369,-0.166633,0.7986,0.7996,0.8014,0.08
u8714,0.014,14.8095,1.78149,5.37293,1.05245,0.960859,-0.519655,0.7117,0.7779,0.8883,0.08
u8715,0.014,-20.4544,-4.31125,0.844994,0.317122,-1.0633,-0.29973,0.6196,0.7549,0.9804,0.08
u8716,0.014,0.279904,12.2693,10.7575,-0.228693,0.345549,-0.55125,0.7033,0.7758,0.8967,0.08
u8717,0.014,14.0917,2.49469,5.71984,0.288378,2.69154,-0.687649,0.7198,0.7799,0.8802,0.08
u8718,0.014,-17.4438,-4.01192,5.78368,-1.02082,-1.05048,-0.221842,0.658,0.7645,0.942,0.08
u8719,0.014,-2.88462,-1.90766,9.3345,0.155094,-0.810773,-0.208217,0.819,0.8048,0.781,0.08
u8720,0.014,9.84614,16.319,7.14994,-0.801719,1.59321,0.324249,0.6299,0.7575,0.9701,0.08
u8721,0.014,3.06675,-14.9673,-5.61484,0.939403,1.21177,-1.56034,0.704,0.776,0.896,0.08
u8722,0.014,0.655352,20.0161,-1.98885,-1.31337,1.1176,0.0849861,0.6341,0.7585,0.9659,0.08
u8723,0.014,-7.843,5.31159,-10.7815,-0.214201,0.282262,-0.512314,0.7391,0.7848,0.8609,0.08
u8724,0.014,-1.09661,-0.0662864,-15.4212,-0.961428,0.231852,-0.701851,0.7189,0.7797,0.8811,0.08
u8725,0.014,8.43771,-15.2217,-5.72907,1.08062,0.924401,-0.315731,0.6669,0.7667,0.9331,0.08
u8726,0.014,13.4503,16.1472,-3.29619,-1.81726,-0.0825168,-0.627929,0.6132,0.7533,0.9868,0.08
u8727,0.014,12.0794,-10.9195,-4.19182,0.883284,1.80967,0.00686999,0.6943,0.7736,0.9057,0.08
u8728,0.014,-11.0398,10.3316,-3.63647,-0.227818,-0.689311,0.24093,0.7172,0.7793,0.8828,0.08
u8729,0.014,-9.51285,14.4766,0.765305,-1.13005,0.90407,-0.823241,0.6847,0.7712,0.9153,0.08
u8730,0.014,-7.13181,-0.10675,7.32889,-0.499572,-1.01536,0.211156,0.8141,0.8035,0.7859,0.08
u8731,0.014,1.18913,-5.8396,11.4155,0.267705,0.530222,-0.389603,0.7659,0.7915,0.8341,0.08
u8732,0.014,1.94663,-10.4819,-5.12536,0.135438,-0.0489164,-1.02744,0.7849,0.7962,0.8151,0.08
u8733,0.014,12.389,-1.7982,2.81002,0.790341,0.938977,0.325489,0.7667,0.7917,0.8333,0.08
u8734,0.014,-12.716,11.1799,1.19395,-0.273675,0.0763996,0.0887912,0.6914,0.7728,0.9086,0.08
u8735,0.014,-12.1524,3.01237,11.9747,-1.1929,0.193558,-0.624428,0.685,0.7713,0.915,0.08
u8736,0.014,-6.19998,-9.00379,-11.0417,-0.773026,0.28007,-1.09062,0.7175,0.7794,0.8825,0.08
u8737,0.014,7.08005,7.44142,-2.3049,-1.68492,1.83826,0.929819,0.8086,0.8022,0.7914,0.08
u8738,0.014,-13.9804,1.34249,-0.485737,0.403285,-1.1205,-1.05636,0.7445,0.7861,0.8555,0.08
u8739,0.014,6.3748,-2.57278,8.42905,0.405765,-0.230059,1.43995,0.8022,0.8006,0.7978,0.08
u8740,0.014,-7.38078,3.89887,-14.9637,0.126607,-0.247896,-0.360972,0.6885,0.7721,0.9115,0.08
u8741,0.014,-1.82762,-6.03429,-0.161759,-0.0453027,0.0918008,-0.59482,0.8853,0.8213,0.7147,0.08
u8742,0.014,-5.0147,19.3893,0.821324,-2.09946,-0.139556,-0.588366,0.6356,0.7589,0.9644,0.08
u8743,0.014,-19.6249,-3.4958,-4.46355,-0.164997,-0.694018,-0.455358,0.6286,0.7571,0.9714,0.08
u8744,0.014,16.0586,1.8633,3.80087,0.300109,1.76832,-0.359521,0.6981,0.7745,0.9019,0.08
u8745,0.014,-13.5661,-14.0225,-3.83742,-0.139289,-0.919655,-0.119028,0.6385,0.7596,0.9615,0.08
u8746,0.014,12.5418,-1.47894,4.76721,-0.492713,0.559473,-1.00914,0.7546,0.7886,0.8454,0.08
u8747,0.014,-0.766512,-6.34243,8.57867,1.48329,0.526371,-0.456015,0.8055,0.8014,0.7945,0.08
u8748,0.014,2.86089,-19.5036,-4.8268,0.132156,-0.323796,-0.935473,0.631,0.7578,0.969,0.08
u8749,0.014,-7.29111,8.14223,2.6866,-1.58842,-0.488135,1.09269,0.7954,0.7988,0.8046,0.08
u8750,0.014,-2.08452,6.30815,11.4017,0.604373,1.55102,0.832871,0.7601,0.79,0.8399,0.08
u8751,0.014,-4.15908,20.3293,-3.6057,-0.875413,-1.39248,0.580831,0.6171,0.7543,0.9829,0.08
u8752,0.014,-6.31552,-18.9045,-3.37306,2.79612,-0.0367252,-0.757397,0.6325,0.7581,0.9675,0.08
u8753,0.014,-11.8693,7.28139,-2.99223,0.321341,0.458182,-0.104543,0.741,0.7853,0.859,0.08
u8754,0.014,5.91741,16.2924,-6.71366,-0.909167,0.698981,-1.37328,0.662,0.7655,0.938,0.08
u8755,0.014,-0.433499,12.8362,13.2727,-1.32764,-0.173576,-0.595053,0.6642,0.766,0.9358,0.08
u8756,0.014,-12.4967,-12.0803,-3.12775,0.300607,-0.825692,0.0321261,0.6789,0.7697,0.9211,0.08
u8757,0.014,-5.53011,19.5347,3.14772,-1.92427,-0.271498,-0.374472,0.6265,0.7566,0.9735,0.08
u8758,0.014,5.16618,-12.9513,3.72598,1.51832,-0.877695,-0.652823,0.7376,0.7844,0.8624,0.08
u8759,0.014,-10.9641,-10.121,0.664775,1.13214,-1.02036,-0.0473498,0.7284,0.7821,0.8716,0.08
u8760,0.014,6.81389,0.532562,-8.86916,0.453605,-0.571477,-1.81571,0.7964,0.7991,0.8036,0.08
u8761,0.014,-1.97915,15.76,11.1048,0.181128,-0.952831,-0.614212,0.6476,0.7619,0.9524,0.08
u8762,0.014,2.73333,-17.6636,3.09481,1.47786,-0.458002,0.089594,0.6702,0.7675,0.9298,0.08
u8763,0.014,-0.584581,-4.28868,4.24727,1.56909,-1.28353,-0.763329,0.8897,0.8224,0.7103,0.08
u8764,0.014,-2.20792,-18.8265,-3.78781,3.43948,-0.311201,-0.566193,0.6485,0.7621,0.9515,0.08
u8765,0.014,-4.3758,-2.25548,4.84147,0.5124,-0.881142,0.648637,0.8745,0.8186,0.7255,0.08
u8766,0.014,-8.91189,-6.62352,-1.52428,0.018028,0.0321325,0.886269,0.7962,0.7991,0.8038,0.08
u8767,0.014,10.5559,3.46102,-3.9645,-0.95736,0.83102,0.222078,0.7855,0.7964,0.8145,0.08
u8768,0.014,-13.8078,13.7634,-2.77315,-0.334524,-0.48507,-1.4066,0.642,0.7605,0.958,0.08
u8769,0.014,-6.42598,-4.1302,9.03099,-0.946012,0.27447,1.04115,0.7849,0.7962,0.8151,0.08
u8770,0.014,12.6028,15.8925,-4.3682,-0.36515,1.96161,-0.400642,0.6228,0.7557,0.9772,0.08
u8771,0.014,-8.00807,2.76286,1.73985,-0.71702,0.320797,-0.484318,0.8428,0.8107,0.7572,0.08
u8772,0.014,-7.44052,-7.16804,12.0681,0.724849,-0.499546,-0.977464,0.7112,0.7778,0.8888,0.08
u8773,0.014,6.61553,15.6177,-6.99751,-0.370518,-0.108985,-0.336484,0.6664,0.7666,0.9336,0.08
u8774,0.014,-3.32959,-13.8083,1.89843,0.48199,-0.565233,-0.731902,0.7394,0.7849,0.8606,0.08
u8775,0.014,-14.758,7.30027,-2.84906,-0.299833,0.122914,1.42055,0.6962,0.774,0.9038,0.08
u8776,0.014,-4.49658,-1.60046,14.4066,-0.395208,-1.008,1.3536,0.7241,0.781,0.8759,0.08
u8777,0.014,-8.55483,-8.86763,-6.21383,-0.91501,-0.596663,0.0784743,0.7491,0.7873,0.8509,0.08
u8778,0.014,-8.57036,-12.1268,5.69376,1.01967,-0.188065,-0.144898,0.7108,0.7777,0.8892,0.08
u8779,0.014,-11.5887,13.2758,5.61283,0.543858,-0.555456,0.957272,0.6637,0.7659,0.9363,0.08
u8780,0.014,-17.5341,5.39361,-8.76023,-0.338457,-0.276121,0.535604,0.6304,0.7576,0.9696,0.08
u8781,0.014,-15.4935,5.83336,-7.86327,-0.598216,0.485065,-0.0174322,0.6668,0.7667,0.9332,0.08
u8782,0.014,18.2711,4.03979,-0.723365,-0.74908,0.827384,-0.0585441,0.6595,0.7649,0.9405,0.08
u8783,0.014,17.5521,-9.6205,2.41259,-0.606915,0.171603,0.547285,0.6334,0.7584,0.9666,0.08
u8784,0.014,-7.75047,-15.2598,2.60454,0.698292,-0.283992,1.04106,0.6852,0.7713,0.9148,0.08
u8785,0.014,-3.08233,-8.64145,-2.39946,0.965597,0.419019,-0.184605,0.8276,0.8069,0.7724,0.08
u8786,0.014,11.0489,-3.11521,-13.5761,1.2196,0.482678,1.39816,0.6767,0.7692,0.9233,0.08
u8787,0.014,-13.4134,5.88133,5.08105,1.02885,-0.70879,0.929157,0.7181,0.7795,0.8819,0.08
u8788,0.014,-5.62594,7.94539,13.1139,-0.449541,0.190719,0.169158,0.703,0.7758,0.897,0.08
u8789,0.014,-12.932,4.03791,11.1794,1.39987,0.297621,-0.409418,0.6806,0.7702,0.9194,0.08
u8790,0.014,11.1231,-11.6181,8.71346,0.74522,1.53415,-0.627855,0.6674,0.7669,0.9326,0.08
u8791,0.014,-9.42695,-14.7723,-1.27537,0.66466,0.0905032,0.0190801,0.6805,0.7701,0.9195,0.08
u8792,0.014,-3.42487,7.09698,-0.00482745,-0.327381,0.665385,-0.156805,0.8567,0.8142,0.7433,0.08
u8793,0.014,-7.20404,-3.59289,15.2423,-0.571897,0.270409,0.439671,0.6866,0.7716,0.9134,0.08
u8794,0.014,6.83581,6.31589,14.1145,-1.29046,0.586136,-1.26131,0.6926,0.7732,0.9074,0.08
u8795,0.014,14.0437,2.43937,-8.94255,-1.21159,1.86151,0.531591,0.6941,0.7735,0.9059,0.08
u8796,0.014,4.10977,9.07267,-4.10846,0.381322,1.04793,0.209349,0.8041,0.801,0.7959,0.08
u8797,0.014,-11.8648,-10.4746,-5.49997,0.310031,0.362837,-0.00271926,0.6954,0.7738,0.9046,0.08
u8798,0.014,-6.60821,-18.2007,0.66133,2.26037,-0.421048,0.786749,0.6477,0.7619,0.9523,0.08
u8799,0.014,-9.35728,-8.75847,-11.177,-1.0004,0.149277,-0.0203941,0.6908,0.7727,0.9092,0.08
u8800,0.014,13.7838,-10.4818,-3.04445,1.40355,0.705832,0.169847,0.6803,0.7701,0.9197,0.08
u8801,0.014,-14.7077,4.7237,-7.09762,-2.03514,-0.715014,0.471629,0.6909,0.7727,0.9091,0.08
u8802,0.014,-17.3412,-3.74383,6.12818,-1.70424,-1.94252,0.103085,0.6587,0.7647,0.9413,0.08
u8803,0.014,-12.2157,5.60394,9.26954,-0.0215163,-0.748694,-0.822809,0.7032,0.7758,0.8968,0.08
u8804,0.014,-17.089,3.60913,4.33996,-0.121808,0.236692,0.164635,0.6728,0.7682,0.9272,0.08
u8805,0.014,9.68864,-5.69015,-4.33146,1.38699,0.516249,-0.392113,0.7811,0.7953,0.8189,0.08
u8806,0.014,15.0456,12.8657,-2.67145,-1.28663,0.540029,-0.0169438,0.6368,0.7592,0.9632,0.08
u8807,0.014,-1.80719,-16.2585,4.09523,0.5558,-0.250234,-1.55784,0.6934,0.7733,0.9066,0.08
u8808,0.014,6.25959,12.2281,8.70137,-1.88828,1.19019,-1.23486,0.7043,0.7761,0.8957,0.08
u8809,0.014,9.56853,-3.25157,1.43494,0.307461,-0.344842,0.926882,0.8144,0.8036,0.7856,0.08
u8810,0.014,-8.66788,5.32723,10.8422,-0.878154,-0.0512054,-0.185848,0.7297,0.7824,0.8703,0.08
u8811,0.014,14.7265,-4.35236,-0.784848,0.374789,0.627017,0.430186,0.7204,0.7801,0.8796,0.08
u8812,0.014,-2.85792,-13.5793,6.68932,0.834377,0.514816,1.18291,0.7199,0.78,0.8801,0.08
u8813,0.014,6.57061,-19.8924,-0.488663,0.683051,1.67312,-1.29936,0.619,0.7547,0.981,0.08
u8814,0.014,15.1365,-2.13797,-8.1634,-0.911285,-0.194458,-0.0155443,0.6849,0.7712,0.9151,0.08
u8815,0.014,9.6356,18.4051,-2.83523,-1.99137,1.79239,0.328595,0.6188,0.7547,0.9812,0.08
u8816,0.014,-10.4318,7.95504,13.0034,0.529294,-1.07678,0.721469,0.6642,0.766,0.9358,0.08
u8817,0.014,12.1564,4.80898,8.16442,-0.721561,0.156319,1.38127,0.7198,0.7799,0.8802,0.08
u8818,0.014,0.0641629,-1.86161,-9.06882,-0.255696,0.849708,-0.361552,0.8317,0.8079,0.7683,0.08
u8819,0.014,18.7446,5.02747,-6.56134,-0.687987,-0.178921,0.180507,0.6275,0.7569,0.9725,0.08
u8820,0.014,-1.27954,-1.26803,-1.42943,1.08974,0.322429,0.238436,0.9582,0.8395,0.6418,0.08
u8821,0.014,-14.6479,-3.99627,-8.89577,-1.60875,-0.308907,-0.0735748,0.68,0.77,0.92,0.08
u8822,0.014,-4.67576,-13.4842,0.0228823,0.517844,-0.103343,0.63472,0.7405,0.7851,0.8595,0.08
u8823,0.014,17.1998,5.09118,-6.49489,-0.688566,-0.311208,1.16945,0.6531,0.7633,0.9469,0.08
u8824,0.014,18.964,-0.349041,-3.99773,-0.914807,0.12577,0.345914,0.6476,0.7619,0.9524,0.08
u8825,0.014,-7.28211,1.48617,6.63177,-0.647815,0.488486,1.87379,0.8189,0.8047,0.7811,0.08
u8826,0.014,-2.88015,-2.19599,-3.47826,1.1024,0.822034,0.67205,0.9087,0.8272,0.6913,0.08
u8827,0.014,-8.49416,-2.80441,-10.732,0.779036,-2.67364,0.688187,0.746,0.7865,0.854,0.08
u8828,0.014,-17.4996,-5.58281,7.21187,0.600202,-1.36419,0.436313,0.6412,0.7603,0.9588,0.08
u8829,0.014,-8.18356,-9.46327,-3.11695,1.49404,0.296992,-0.970447,0.7656,0.7914,0.8344,0.08
u8830,0.014,-7.37916,-3.94899,2.87938,0.208159,-0.779231,-0.528611,0.8391,0.8098,0.7609,0.08
u8831,0.014,7.95742,5.18873,-1.88243,-0.802248,0.694581,-0.82573,0.8239,0.806,0.7761,0.08
u8832,0.014,-3.93425,8.43337,-7.23908,-1.15963,-0.817566,0.235203,0.7856,0.7964,0.8144,0.08
u8833,0.014,-3.63637,-9.03534,7.01747,0.212499,-0.760355,1.61244,0.7817,0.7954,0.8183,0.08
u8834,0.014,0.297391,-18.0055,-1.91835,0.749346,0.589749,-1.75366,0.6707,0.7677,0.9293,0.08
u8835,0.014,6.91377,-7.39901,0.568188,1.75252,0.486388,0.453944,0.8156,0.8039,0.7844,0.08
u8836,0.014,-9.49968,-15.0889,9.26177,1.24578,0.180357,-0.0648475,0.6347,0.7587,0.9653,0.08
u8837,0.014,4.17733,-10.5042,13.9833,0.578834,0.890868,0.508768,0.6731,0.7683,0.9269,0.08
u8838,0.014,-6.66523,9.29127,-10.1313,0.627623,-0.323387,0.232098,0.7222,0.7806,0.8778,0.08
u8839,0.014,6.67459,-9.82972,12.6998,0.613165,-0.255084,0.567638,0.6838,0.7709,0.9162,0.08
u8840,0.014,3.65744,5.02668,-3.4052,-0.919978,0.200369,-0.0101945,0.8711,0.8178,0.7289,0.08
u8841,0.014,-13.6669,-2.58792,0.419952,-1.22627,-1.04079,0.89749,0.747,0.7867,0.853,0.08
u8842,0.014,8.77988,-17.0909,-1.33112,1.83623,0.510572,0.931895,0.6498,0.7625,0.9502,0.08
u8843,0.014,9.84804,-6.23687,-4.91156,0.840285,0.0960154,-0.468047,0.77,0.7925,0.83,0.08
u8844,0.014,-12.9841,4.53515,6.82637,-0.319542,-0.780214,0.0852516,0.7208,0.7802,0.8792,0.08
u8845,0.014,-7.7636,-8.10949,5.89261,-0.398358,-1.87461,-1.07059,0.7695,0.7924,0.8305,0.08
u8846,0.014,13.5664,-6.23767,-4.8452,0.6669,1.54656,0.289635,0.7146,0.7786,0.8854,0.08
u8847,0.014,0.334604,0.706845,7.37182,0.580542,1.0596,-0.35573,0.8652,0.8163,0.7348,0.08
u8848,0.014,7.37872,-3.12762,-1.23489,-0.29835,0.59407,0.30229,0.8526,0.8131,0.7474,0.08
u8849,0.014,14.7592,3.93194,-1.19041,0.154663,1.55092,-1.19326,0.7214,0.7804,0.8786,0.08
u8850,0.014,-12.8743,-16.9692,-0.876948,2.0571,-0.222591,0.0487825,0.6124,0.7531,0.9876,0.08
u8851,0.014,-2.90441,-14.5993,-8.50182,0.147825,0.0556848,-0.0861459,0.6883,0.7721,0.9117,0.08
u8852,0.014,12.0561,-14.1804,-5.02325,1.15979,1.02169,0.0634515,0.6495,0.7624,0.9505,0.08
u8853,0.014,1.73923,-17.4445,-5.16541,1.71653,0.51456,0.407057,0.6677,0.7669,0.9323,0.08
u8854,0.014,-3.31006,-2.84631,13.219,-0.0874047,1.50509,0.294749,0.7469,0.7867,0.8531,0.08
u8855,0.014,13.533,-8.15267,9.63379,1.09816,0.461907,0.854258,0.6636,0.7659,0.9364,0.08
u8856,0.014,-10.5361,11.0598,-10.67,-1.07551,-1.09126,0.17329,0.6612,0.7653,0.9388,0.08
u8857,0.014,-3.9432,-4.1438,5.58886,-0.357871,-1.23722,3.13536,0.8546,0.8136,0.7454,0.08
u8858,0.014,12.8522,-2.02567,8.44419,-0.733279,0.524154,-1.37475,0.718,0.7795,0.882,0.08
u8859,0.014,4.4824,-7.20749,-0.303952,-0.601197,1.04032,1.38461,0.8456,0.8114,0.7544,0.08
u8860,0.014,-13.578,-3.15333,2.98684,-0.0364034,-1.12061,-1.19878,0.7408,0.7852,0.8592,0.08
u8861,0.014,17.7818,4.28084,0.969698,-0.254283,1.32865,0.769823,0.667,0.7667,0.933,0.08
u8862,0.014,6.10642,16.8126,-0.488905,-0.21632,0.993489,1.34764,0.6747,0.7687,0.9253,0.08
u8863,0.014,-7.41938,15.7588,8.16966,-0.944321,-1.33526,-0.725825,0.6502,0.7626,0.9498,0.08
u8864,0.014,3.0962,9.1637,1.48501,-0.705599,0.319816,0.125078,0.8221,0.8055,0.7779,0.08
u8865,0.014,5.41136,-17.2551,-8.05503,2.54534,-0.107305,-0.267153,0.6401,0.76,0.9599,0.08
u8866,0.014,8.37907,-9.74909,-11.4968,-0.477578,-1.53899,-0.531487,0.6864,0.7716,0.9136,0.08
u8867,0.014,0.0674565,-5.2762,2.43444,-0.227777,-0.544448,-0.47779,0.8943,0.8236,0.7057,0.08
u8868,0.014,12.0125,-4.8216,-5.38299,1.40008,1.20295,0.27712,0.7451,0.7863,0.8549,0.08
u8869,0.014,-6.88985,3.02461,-13.0572,0.997741,1.22173,-0.0735411,0.726,0.7815,0.874,0.08
u8870,0.014,1.91559,17.2716,3.23518,-1.5395,0.510455,-0.729424,0.6786,0.7697,0.9214,0.08
u8871,0.014,-2.45464,19.6604,3.22364,-1.46843,1.67246,0.462506,0.635,0.7588,0.965,0.08
u8872,0.014,9.54106,-1.62653,-1.33758,0.257392,2.74699,-0.549279,0.8224,0.8056,0.7776,0.08
u8873,0.014,-10.6491,-10.3588,1.80502,0.90098,-0.923942,-0.974556,0.7279,0.782,0.8721,0.08
u8874,0.014,3.52638,-5.70763,5.54948,-0.233764,0.486481,-0.337866,0.8417,0.8104,0.7583,0.08
u8875,0.014,-10.1715,17.3364,5.92271,-2.01704,-0.895239,-0.529057,0.619,0.7548,0.981,0.08
u8876,0.014,-4.20935,17.1364,9.82794,-1.46464,0.0481649,-0.624788,0.6328,0.7582,0.9672,0.08
u8877,0.014,-0.973245,-9.7211,-6.06397,0.387117,0.569703,0.586386,0.7909,0.7977,0.8091,0.08
u8878,0.014,9.52756,-19.4314,-0.220613,0.59782,-0.746941,-1.17483,0.6065,0.7516,0.9935,0.08
u8879,0.014,-13.4292,6.33219,1.09612,-0.323155,-0.263781,1.18501,0.7293,0.7823,0.8707,0.08
u8880,0.014,-1.91228,-5.46683,-7.81282,0.961904,0.570862,0.227762,0.8232,0.8058,0.7768,0.08
u8881,0.014,-4.02486,-11.7709,1.71385,-0.605653,0.0191705,-0.216772,0.7717,0.7929,0.8283,0.08
u8882,0.014,-2.75448,-3.32938,2.16038,0.0737303,-0.482524,0.901904,0.9122,0.828,0.6878,0.08
u8883,0.014,15.8088,-9.79325,3.80273,0.443093,-0.463437,0.815029,0.6549,0.7637,0.9451,0.08
u8884,0.014,-11.5511,-1.04657,-8.40496,1.10577,-0.00884261,0.346508,0.7396,0.7849,0.8604,0.08
u8885,0.014,-5.25741,15.9629,-8.60159,-1.47193,-0.273488,0.216632,0.6567,0.7642,0.9433,0.08
u8886,0.014,6.36661,13.4859,5.29845,-0.266508,1.27823,-0.0771684,0.7122,0.7781,0.8878,0.08
u8887,0.014,1.61158,2.43225,-15.5936,0.177617,-0.0673699,0.365047,0.7116,0.7779,0.8884,0.08
u8888,0.014,-11.5417,13.5818,-0.896154,1.02953,-2.853,0.228483,0.6755,0.7689,0.9245,0.08
u8889,0.014,-10.4937,9.48313,-5.58752,-0.630051,0.604212,0.440982,0.7235,0.7809,0.8765,0.08
u8890,0.014,-10.1726,-7.09144,2.30226,-0.2553,0.520882,-0.440705,0.7707,0.7927,0.8293,0.08
u8891,0.014,-16.1715,-10.3149,1.82741,1.4602,-1.01151,-0.403809,0.6497,0.7624,0.9503,0.08
u8892,0.014,-4.41556,-3.94425,1.65707,1.08639,-0.413128,0.519216,0.8882,0.8221,0.7118,0.08
u8893,0.014,-13.3188,-13.8931,2.3165,-0.581867,-0.196091,0.419792,0.6475,0.7619,0.9525,0.08
u8894,0.014,13.279,-1.33858,3.78123,0.785498,0.400006,0.560763,0.7478,0.7869,0.8522,0.08
u8895,0.014,9.54744,-6.58506,-12.8109,-0.627638,0.0834138,0.938218,0.6858,0.7714,0.9142,0.08
u8896,0.014,11.7727,-4.65755,-9.94914,-0.181015,2.02169,-1.19314,0.7072,0.7768,0.8928,0.08
u8897,0.014,10.4276,-15.8484,2.36486,1.02088,-0.234085,-0.593288,0.6524,0.7631,0.9476,0.08
u8898,0.014,13.4441,4.58632,-0.291607,-0.64475,1.45406,0.571046,0.7417,0.7854,0.8583,0.08
u8899,0.014,0.123828,-8.54262,0.763871,-0.569861,0.503093,-0.133795,0.844,0.811,0.756,0.08
u8900,0.014,2.85085,6.47811,8.35907,0.519888,-0.345498,1.38981,0.8009,0.8002,0.7991,0.08
u8901,0.014,10.0272,-1.29663,13.9055,0.243091,-0.00418674,0.0954778,0.6874,0.7719,0.9126,0.08
u8902,0.014,1.42397,-4.45097,2.62754,0.514452,2.194,1.28396,0.9025,0.8256,0.6975,0.08
u8903,0.014,-0.579548,19.671,-5.94404,-1.66655,-1.778,-0.0180191,0.6262,0.7566,0.9738,0.08
u8904,0.014,11.0564,14.9517,-4.85917,-0.3785,0.208047,-0.0906844,0.6505,0.7626,0.9495,0.08
u8905,0.014,-5.87951,11.2123,13.1608,-0.124728,-0.147854,1.00779,0.668,0.767,0.932,0.08
u8906,0.014,3.599,-5.47964,-7.31409,-0.647864,0.108299,-0.281805,0.8214,0.8054,0.7786,0.08
u8907,0.014,17.4842,6.7656,-5.56385,-0.612941,-1.14342,0.0249173,0.6444,0.7611,0.9556,0.08
u8908,0.014,3.06143,17.2242,-2.64434,-1.42956,-0.512408,1.49385,0.6783,0.7696,0.9217,0.08
u8909,0.014,4.70369,8.78574,-12.0221,0.769194,2.42349,0.176448,0.7161,0.779,0.8839,0.08
u8910,0.014,-1.7414,-10.9098,7.54621,1.01285,-1.08686,0.131894,0.7567,0.7892,0.8433,0.08
u8911,0.014,1.05149,-15.2183,-1.62103,2.92678,0.345016,-0.305647,0.7211,0.7803,0.8789,0.08
u8912,0.014,2.86287,20.0696,3.1911,0.117031,0.7872,1.13742,0.6269,0.7567,0.9731,0.08
u8913,0.014,7.66998,19.704,-0.0164408,-0.502044,0.722723,-0.753613,0.6156,0.7539,0.9844,0.08
u8914,0.014,-0.658104,12.9597,-8.82749,-0.483807,-0.657757,0.182718,0.7146,0.7787,0.8854,0.08
u8915,0.014,-1.47108,9.42645,-12.9384,-0.233596,1.47784,-0.178652,0.7077,0.7769,0.8923,0.08
u8916,0.014,1.37376,-2.72882,-3.44743,0.66283,-1.84463,-1.3788,0.9162,0.8291,0.6838,0.08
u8917,0.014,7.22249,15.4437,-9.36845,-0.815211,-0.653604,0.572977,0.6463,0.7616,0.9537,0.08
u8918,0.014,6.70552,-17.7681,-7.06782,0.482469,-0.552083,1.10129,0.6316,0.7579,0.9684,0.08
u8919,0.014,5.32324,8.7878,12.7054,1.20612,0.485488,-1.45029,0.7029,0.7757,0.8971,0.08
u8920,0.014,-9.59528,16.0364,4.43385,0.280738,-0.691468,0.0996215,0.6508,0.7627,0.9492,0.08
u8921,0.014,1.38548,10.3011,12.2076,-1.74623,-0.634448,0.336947,0.7085,0.7771,0.8915,0.08
u8922,0.014,2.16031,-1.82391,-7.13024,1.54298,-1.50875,0.577323,0.8605,0.8151,0.7395,0.08
u8923,0.014,12.638,11.8611,2.2911,-0.182596,-0.0986142,-0.139636,0.6821,0.7705,0.9179,0.08
u8924,0.014,-12.4102,7.98238,-9.14202,0.343495,0.10927,0.397737,0.6844,0.7711,0.9156,0.08
u8925,0.014,5.13443,-9.38545,-4.41234,0.0514354,0.600952,-0.700701,0.7896,0.7974,0.8104,0.08
u8926,0.014,2.05839,-14.9727,9.55125,0.295678,-0.337198,0.74828,0.6749,0.7687,0.9251,0.08
u8927,0.014,7.16477,9.03266,0.152955,0.258806,0.930082,-0.120533,0.7904,0.7976,0.8096,0.08
u8928,0.014,7.82609,0.190082,12.2848,-0.577595,0.459313,1.62518,0.7351,0.7838,0.8649,0.08
u8929,0.014,12.7427,4.02896,-5.86829,0.710379,1.33261,1.02712,0.7346,0.7837,0.8654,0.08
u8930,0.014,20.0639,-0.721842,5.78516,-1.22907,-0.0935631,0.126437,0.6201,0.755,0.9799,0.08
u8931,0.014,-12.4743,16.0461,2.02479,-1.39762,0.506585,0.852201,0.6286,0.7572,0.9714,0.08
u8932,0.014,-13.9508,12.9435,-6.3089,-1.46404,-0.270457,0.964172,0.6355,0.7589,0.9645,0.08
u8933,0.014,-3.21244,13.8726,-1.67438,-0.523782,-0.577819,-0.18491,0.7393,0.7848,0.8607,0.08
u8934,0.014,-6.8318,-16.678,1.27381,1.11766,2.39638,0.106541,0.6715,0.7679,0.9285,0.08
u8935,0.014,1.86075,7.95519,-3.90672,-0.0413335,-0.595675,-0.894581,0.8353,0.8088,0.7647,0.08
u8936,0.014,-7.7665,-4.98307,-6.49944,0.625781,-1.64644,-0.73438,0.7948,0.7987,0.8052,0.08
u8937,0.014,8.46268,-7.5385,-6.83046,0.509124,-0.353285,1.22281,0.7594,0.7899,0.8406,0.08
u8938,0.014,-11.2161,-4.97815,12.7385,-0.588425,-1.0664,-1.50171,0.6784,0.7696,0.9216,0.08
u8939,0.014,4.25792,0.419736,0.160948,1.62918,-0.145526,0.961299,0.9222,0.8305,0.6778,0.08
u8940,0.014,6.69659,-10.4771,-1.98835,1.36113,0.799635,-0.922642,0.771,0.7928,0.829,0.08
u8941,0.014,14.0248,-12.7905,2.11769,0.604153,-0.199079,0.416511,0.6527,0.7632,0.9473,0.08
u8942,0.014,-1.02309,-12.3569,2.97648,0.75407,0.409016,0.619274,0.7682,0.792,0.8318,0.08
u8943,0.014,-15.6556,-0.928596,7.70988,0.420187,-0.291185,-0.482536,0.6823,0.7706,0.9177,0.08
u8944,0.014,3.12347,3.3938,3.74648,-0.377167,0.593416,-0.291525,0.892,0.823,0.708,0.08
u8945,0.014,-11.7693,-15.437,7.65445,0.878136,-0.805657,-1.55996,0.6206,0.7552,0.9794,0.08
u8946,0.014,4.89158,8.86664,8.37511,-0.462165,0.131943,0.524968,0.7611,0.7903,0.8389,0.08
u8947,0.014,3.66686,-8.18778,-12.0118,1.45592,-0.373006,-0.481389,0.7274,0.7819,0.8726,0.08
u8948,0.014,-13.1024,-13.0825,-2.79505,1.88824,-0.56833,0.225487,0.6595,0.7649,0.9405,0.08
u8949,0.014,12.982,4.55705,6.78407,0.910313,2.67165,-0.142255,0.7211,0.7803,0.8789,0.08
u8950,0.014,-11.2791,6.55204,13.0862,-0.307267,-2.03704,-0.440342,0.6641,0.766,0.9359,0.08
u8951,0.014,-19.0917,0.898114,1.67505,0.499213,-0.826978,-0.66891,0.6512,0.7628,0.9488,0.08
u8952,0.014,18.1527,3.01883,5.73073,0.438068,1.57716,1.85462,0.6496,0.7624,0.9504,0.08
u8953,0.014,12.3551,2.90898,7.07332,-0.671949,2.40506,0.602851,0.7358,0.784,0.8642,0.08
u8954,0.014,-12.6385,-0.0804322,6.79331,-0.290245,-0.747602,-0.0434685,0.7391,0.7848,0.8609,0.08
u8955,0.014,-13.9622,6.7461,10.2515,-0.0406898,-0.715209,-0.572208,0.662,0.7655,0.938,0.08
u8956,0.014,7.60239,-9.658,7.55501,-0.0891006,1.05649,0.0519734,0.7377,0.7844,0.8623,0.08
u8957,0.014,-14.7771,-9.86267,-6.40385,2.70827,-1.50795,0.742808,0.6566,0.7642,0.9434,0.08
u8958,0.014,-2.59772,-12.3601,-1.78597,0.939871,-1.06788,0.509547,0.7681,0.792,0.8319,0.08
u8959,0.014,-9.18238,18.9156,-0.443491,-0.886225,1.02117,0.290837,0.6176,0.7544,0.9824,0.08
u8960,0.014,13.0842,-0.164313,-7.66833,-0.889509,-0.876005,0.655718,0.7242,0.7811,0.8758,0.08
u8961,0.014,11.1368,11.8788,2.30231,-0.48707,-0.101544,-0.955819,0.701,0.7753,0.899,0.08
u8962,0.014,-1.99669,-18.3889,8.88315,0.649691,-0.178943,0.912917,0.6269,0.7567,0.9731,0.08
u8963,0.014,-13.7235,-10.4319,8.18099,-0.529194,-1.89304,1.32057,0.6531,0.7633,0.9469,0.08
u8964,0.014,19.3644,2.96711,3.75781,-0.376521,1.38113,0.111687,0.6373,0.7593,0.9627,0.08
u8965,0.014,8.54495,-11.8596,-7.56153,1.49081,0.427782,1.36578,0.7008,0.7752,0.8992,0.08
u8966,0.014,3.11288,-8.54124,-0.798118,0.228899,-0.0844627,0.710638,0.8341,0.8085,0.7659,0.08
u8967,0.014,6.69427,20.1108,-1.12255,-2.00602,0.742674,-1.35462,0.6141,0.7535,0.9859,0.08
u8968,0.014,-17.6017,-4.17286,1.49867,1.28283,-0.433131,0.177862,0.67,0.7675,0.93,0.08
u8969,0.014,7.8302,2.76398,-12.4688,0.281342,0.902133,0.895685,0.7276,0.7819,0.8724,0.08
u8970,0.014,-12.4124,-6.37779,-9.76629,-0.381064,-0.912757,-0.7323,0.6903,0.7726,0.9097,0.08
u8971,0.014,11.4846,15.5103,-6.88329,-0.498195,1.00638,1.43103,0.6275,0.7569,0.9725,0.08
u8972,0.014,7.05312,-10.6624,13.1263,0.44534,1.14141,-0.492782,0.6669,0.7667,0.9331,0.08
u8973,0.014,7.5651,6.50043,0.582391,-1.17728,-0.315139,-0.644375,0.8183,0.8046,0.7817,0.08
u8974,0.014,5.94433,15.3943,9.17,-1.49881,1.27994,-1.57578,0.6567,0.7642,0.9433,0.08
u8975,0.014,16.1578,-5.10017,-1.20386,0.759271,1.38173,0.220681,0.6912,0.7728,0.9088,0.08
u8976,0.014,10.7835,-3.97606,-12.5545,0.209624,1.52101,-0.406023,0.6905,0.7726,0.9095,0.08
u8977,0.014,14.5239,2.8258,5.0206,-0.368886,0.0712952,0.13206,0.7159,0.779,0.8841,0.08
u8978,0.014,5.70882,-5.52711,12.2517,-0.0153859,-0.554236,0.228164,0.7345,0.7836,0.8655,0.08
u8979,0.014,10.5299,4.55655,9.47155,-0.416124,0.759932,-0.91079,0.7295,0.7824,0.8705,0.08
u8980,0.014,-19.0983,4.71037,-0.397634,-0.914889,-0.441681,0.409928,0.6423,0.7606,0.9577,0.08
u8981,0.014,-4.25522,-8.96665,1.17904,1.76356,-1.37566,0.604357,0.8183,0.8046,0.7817,0.08
u8982,0.014,3.51136,-1.0615,14.8453,-0.626388,0.0473062,0.991102,0.722,0.7805,0.878,0.08
u8983,0.014,9.74998,18.9571,3.33841,-0.437341,-0.228771,-1.20452,0.6077,0.7519,0.9923,0.08
u8984,0.014,7.96811,5.52002,-6.33739,-0.418853,0.987855,1.33707,0.7894,0.7974,0.8106,0.08
u8985,0.014,-9.59456,2.07948,5.24173,1.37913,-0.364337,0.300361,0.7977,0.7994,0.8023,0.08
u8986,0.014,2.01778,-15.1909,6.02696,0.62216,-0.273051,0.406563,0.7006,0.7752,0.8994,0.08
u8987,0.014,-6.66365,-10.2402,9.24849,-0.395845,-0.735106,-0.560002,0.7214,0.7803,0.8786,0.08
u8988,0.014,-7.64999,-17.3787,-6.5878,0.647124,0.00351903,0.596917,0.6346,0.7586,0.9654,0.08
u8989,0.014,17.3704,4.55029,-0.412634,-0.0418582,1.14426,0.379941,0.6734,0.7684,0.9266,0.08
u8990,0.014,-6.65249,9.42711,1.70999,-1.82507,-0.26374,1.62491,0.7879,0.797,0.8121,0.08
u8991,0.014,6.90621,8.25087,-5.97473,-0.535033,2.6212,-0.531706,0.7762,0.7941,0.8238,0.08
u8992,0.014,-9.62409,0.0512688,-6.36271,0.182172,-0.00638944,0.628796,0.7902,0.7976,0.8098,0.08
u8993,0.014,3.49205,14.8193,0.0546254,0.77725,1.06745,0.62283,0.7232,0.7808,0.8768,0.08
u8994,0.014,-16.9189,-2.66725,-3.14072,-0.330691,-1.97078,-0.326408,0.6834,0.7708,0.9166,0.08
u8995,0.014,5.3268,6.14708,-15.1796,-2.13525,-0.444238,-1.42537,0.6869,0.7717,0.9131,0.08
u8996,0.014,12.1921,11.7193,7.70565,-1.96258,1.45325,-0.28587,0.6621,0.7655,0.9379,0.08
u8997,0.014,4.60675,-14.8362,-9.8749,1.31191,-0.736172,-0.654075,0.6653,0.7663,0.9347,0.08
u8998,0.014,7.7438,-10.5308,-2.8138,-0.142405,-0.664943,-0.158596,0.7569,0.7892,0.8431,0.08
u8999,0.014,-9.55814,5.11001,7.18142,-1.37062,-0.0570193,-0.836393,0.7636,0.7909,0.8364,0.08
u9000,0.014,1.10734,13.8332,1.5426,-0.605863,0.10785,1.53423,0.7461,0.7865,0.8539,0.08
u9001,0.014,14.7,-6.85429,-4.02563,-0.758829,0.455546,0.177381,0.6962,0.774,0.9038,0.08
u9002,0.014,4.52817,10.7395,-2.97109,0.828533,-0.894677,-0.439309,0.7813,0.7953,0.8187,0.08
u9003,0.014,-0.611193,-19.8153,-0.126663,1.52674,0.91574,0.049803,0.6395,0.7599,0.9605,0.08
u9004,0.014,-19.403,0.457144,7.51915,0.169887,0.250897,-0.379092,0.6216,0.7554,0.9784,0.08
u9005,0.014,2.0427,21.1586,3.00062,-1.81533,0.42766,0.77327,0.6097,0.7524,0.9903,0.08
u9006,0.014,4.80758,-4.40538,8.65732,0.530284,-1.41087,-0.761245,0.8029,0.8007,0.7971,0.08
u9007,0.014,7.11064,8.66649,0.954135,-1.72379,1.07952,0.338437,0.7954,0.7989,0.8046,0.08
u9008,0.014,-12.3477,7.0059,6.58829,-1.45751,-1.2051,-0.6859,0.7154,0.7789,0.8846,0.08
u9009,0.014,-9.73692,14.5959,-5.87932,-1.92366,-0.792282,0.177566,0.6636,0.7659,0.9364,0.08
u9010,0.014,13.3894,-6.47236,-4.06468,0.101856,0.196765,1.31789,0.7197,0.7799,0.8803,0.08
u9011,0.014,-2.97351,8.15248,-3.8019,-0.139037,0.813425,0.674452,0.8277,0.8069,0.7723,0.08
u9012,0.014,0.0556078,0.245073,7.76139,-1.60459,-0.78818,0.0130345,0.8588,0.8147,0.7412,0.08
u9013,0.014,6.063,19.0865,6.34523,-1.9761,-1.06156,-0.299187,0.618,0.7545,0.982,0.08
u9014,0.014,0.742553,-12.6909,-9.27507,2.26115,-0.587119,-1.15721,0.7139,0.7785,0.8861,0.08
u9015,0.014,16.3997,-2.49692,-5.31568,0.883095,-0.812563,-0.103013,0.6833,0.7708,0.9167,0.08
u9016,0.014,13.9329,9.64941,1.1668,-1.0486,0.6275,0.913214,0.6911,0.7728,0.9089,0.08
u9017,0.014,3.53523,14.9044,9.74878,1.04769,0.756201,1.80902,0.6699,0.7675,0.9301,0.08
u9018,0.014,8.30176,18.16,-0.289291,-2.47277,1.55779,0.321437,0.6369,0.7592,0.9631,0.08
u9019,0.014,-14.5724,-4.82031,3.1689,0.503914,-0.362953,1.22166,0.715,0.7788,0.885,0.08
u9020,0.014,1.0155,13.6779,2.32672,0.701623,0.624785,-0.29886,0.7471,0.7868,0.8529,0.08
u9021,0.014,-17.9173,-8.00516,-4.01223,0.699465,-0.470323,0.472215,0.6358,0.759,0.9642,0.08
u9022,0.014,-8.7395,3.46359,1.59965,-0.428551,-0.423624,-0.407378,0.8266,0.8067,0.7734,0.08
u9023,0.014,-19.5539,2.09748,5.55276,0.798967,-0.308885,0.2646,0.6285,0.7571,0.9715,0.08
u9024,0.014,7.3315,-6.91354,-13.6479,-0.519104,-0.416778,-0.0586288,0.6915,0.7729,0.9085,0.08
u9025,0.014,2.87896,13.9888,-0.816583,1.09134,-1.50365,1.6255,0.7399,0.785,0.8601,0.08
u9026,0.014,-12.2753,-0.902248,13.4624,1.19168,0.688791,-0.603434,0.6683,0.7671,0.9317,0.08
u9027,0.014,-11.2603,-11.6848,-0.9583,1.90559,-0.314249,1.15053,0.7044,0.7761,0.8956,0.08
u9028,0.014,11.2518,-13.5483,9.843,0.0904513,0.671364,0.0897685,0.6332,0.7583,0.9668,0.08
u9029,0.014,10.076,1.55506,12.4673,-0.0128949,0.729684,1.24299,0.7072,0.7768,0.8928,0.08
u9030,0.014,2.68155,17.472,-2.48507,-0.253359,1.17415,0.987916,0.6754,0.7689,0.9246,0.08
u9031,0.014,1.09474,7.79184,-1.33814,0.223907,-0.98456,1.96204,0.8549,0.8137,0.7451,0.08
u9032,0.014,-0.476952,14.1233,12.0763,-1.1815,-0.561143,-0.911437,0.662,0.7655,0.938,0.08
u9033,0.014,-5.0731,6.45768,-15.0107,0.455754,1.18804,0.801514,0.6889,0.7722,0.9111,0.08
u9034,0.014,1.89743,-5.68249,2.45,0.0977073,-0.614827,-0.238062,0.8823,0.8206,0.7177,0.08
u9035,0.014,-15.7996,-5.05511,5.39866,-0.152126,-0.128001,0.185935,0.6828,0.7707,0.9172,0.08
u9036,0.014,-10.4743,-14.3045,7.07731,1.44923,-0.906525,1.06083,0.6529,0.7632,0.9471,0.08
u9037,0.014,1.91337,-14.2227,-4.57841,1.24348,0.386132,1.05526,0.7261,0.7815,0.8739,0.08
u9038,0.014,12.3709,6.00562,0.765191,-1.68609,0.644036,0.862562,0.7496,0.7874,0.8504,0.08
u9039,0.014,5.68636,-7.35143,-0.93585,-0.338255,-0.834312,0.0851402,0.8302,0.8075,0.7698,0.08
u9040,0.014,-6.0842,1.62698,-9.22626,-0.0298405,0.479892,0.0851946,0.7969,0.7992,0.8031,0.08
u9041,0.014,7.0366,3.45329,-9.92646,0.867911,1.06453,-0.641868,0.77,0.7925,0.83,0.08
u9042,0.014,5.4085,3.34426,15.2164,0.422326,-0.481634,0.301091,0.7002,0.775,0.8998,0.08
u9043,0.014,-8.72968,12.1188,8.88148,-0.49298,-0.203588,0.665541,0.6841,0.771,0.9159,0.08
u9044,0.014,8.83901,-12.7369,7.85891,1.07339,-0.786246,0.907146,0.684,0.771,0.916,0.08
u9045,0.014,3.69153,-14.8835,11.4845,-1.21404,0.206595,0.306828,0.6517,0.7629,0.9483,0.08
u9046,0.014,7.65528,14.1366,0.481511,-0.423025,-1.19677,-0.411635,0.7076,0.7769,0.8924,0.08
u9047,0.014,4.09243,-9.92821,-2.18149,0.0316442,0.811224,-0.334086,0.8008,0.8002,0.7992,0.08
u9048,0.014,-7.39092,-13.3365,4.62679,1.6358,-0.229385,0.199469,0.7103,0.7776,0.8897,0.08
u9049,0.014,-6.54653,3.27099,8.4381,0.182465,0.469691,0.100583,0.7969,0.7992,0.8031,0.08
u9050,0.014,16.0433,-10.5466,3.60445,0.183417,0.777264,-0.875574,0.6448,0.7612,0.9552,0.08
u9051,0.014,20.9852,3.96077,1.57044,-0.588461,2.2836,0.345933,0.6107,0.7527,0.9893,0.08
u9052,0.014,0.487755,7.22229,3.64005,0.896753,-0.0478616,-0.340332,0.8527,0.8132,0.7473,0.08
u9053,0.014,2.61494,7.92596,-13.4154,-1.54057,0.165205,-0.303722,0.7127,0.7782,0.8873,0.08
u9054,0.014,5.58883,14.6532,5.8152,-0.988104,0.555308,-0.403861,0.6959,0.774,0.9041,0.08
u9055,0.014,4.6058,-14.4681,6.26498,-0.813292,-0.906926,-0.504767,0.7014,0.7753,0.8986,0.08
u9056,0.014,-8.73368,7.08473,9.42864,0.0350932,0.732409,-0.138029,0.7332,0.7833,0.8668,0.08
u9057,0.014,6.87651,16.8728,0.4493,0.0762045,-0.137664,0.704507,0.6686,0.7672,0.9314,0.08
u9058,0.014,-8.4071,-2.62455,14.0591,-0.0668155,0.427112,0.434303,0.6984,0.7746,0.9016,0.08
u9059,0.014,-7.88551,-8.56078,-12.1822,-0.0624981,-0.0246705,0.0249423,0.6937,0.7734,0.9063,0.08
u9060,0.014,13.1224,-14.2533,2.40438,0.0860574,-0.664887,-0.402331,0.645,0.7613,0.955,0.08
u9061,0.014,12.7539,6.04554,-12.0884,-1.67646,0.66294,0.598565,0.6621,0.7655,0.9379,0.08
u9062,0.014,-7.08,-16.5426,-3.2928,1.66059,-1.10208,1.71572,0.6674,0.7669,0.9326,0.08
u9063,0.014,-2.41248,15.181,9.36699,-0.734022,-0.732942,0.288967,0.6727,0.7682,0.9273,0.08
u9064,0.014,-18.1904,-3.14219,-6.58502,0.308209,-1.09115,-0.814547,0.6437,0.7609,0.9563,0.08
u9065,0.014,14.1634,-6.26552,6.95483,-0.276825,0.489375,-0.017818,0.6913,0.7728,0.9087,0.08
u9066,0.014,14.9834,7.98686,-8.90884,-0.811685,1.11611,-1.09985,0.6514,0.7628,0.9486,0.08
u9067,0.014,-14.148,-4.21902,-10.1335,-0.967542,-1.27335,-0.0985919,0.6744,0.7686,0.9256,0.08
u9068,0.014,-4.97623,-2.40071,-2.37412,1.84773,-0.336192,-0.915098,0.8907,0.8227,0.7093,0.08
u9069,0.014,20.6513,-2.79261,-3.01211,-0.0764757,0.843706,0.223099,0.6172,0.7543,0.9828,0.08
u9070,0.014,-16.8277,5.08745,-9.19093,0.996391,-0.320752,1.20898,0.6393,0.7598,0.9607,0.08
u9071,0.014,-4.03026,16.6765,2.19317,-0.115121,-0.329655,-0.487929,0.6855,0.7714,0.9145,0.08
u9072,0.014,7.4877,-8.31994,-11.4468,1.8348,0.834749,-0.985248,0.7089,0.7772,0.8911,0.08
u9073,0.014,13.4602,6.3384,3.72082,0.231026,1.1031,-0.0361562,0.7212,0.7803,0.8788,0.08
u9074,0.014,-11.4568,-12.2836,2.40812,0.506727,-0.622862,-0.781231,0.6915,0.7729,0.9085,0.08
u9075,0.014,-9.2255,12.027,6.29216,-1.23502,0.231578,-0.835343,0.7016,0.7754,0.8984,0.08
u9076,0.014,3.51221,-0.973502,14.4286,0.0956436,1.04412,-1.25005,0.7294,0.7824,0.8706,0.08
u9077,0.014,-10.4567,-3.68694,6.9897,0.52123,-1.59075,0.258191,0.7617,0.7904,0.8383,0.08
u9078,0.014,4.98387,15.9566,8.5459,0.0123611,0.778849,1.17206,0.6586,0.7647,0.9414,0.08
u9079,0.014,-12.9285,12.67,-9.10471,1.44441,-0.659116,0.178395,0.6316,0.7579,0.9684,0.08
u9080,0.014,3.13268,19.5348,3.88915,-1.34379,0.56483,0.529718,0.6334,0.7583,0.9666,0.08
u9081,0.014,14.3284,-9.69411,9.07524,-0.187922,-0.241188,-0.185932,0.6448,0.7612,0.9552,0.08
u9082,0.014,12.9485,0.549624,-6.16768,-0.19832,0.0608714,-0.266666,0.739,0.7848,0.861,0.08
u9083,0.014,12.6,-10.1928,-5.43642,0.493553,0.927447,0.0288318,0.6892,0.7723,0.9108,0.08
u9084,0.014,2.01535,-17.6816,9.23251,3.00433,-0.844802,-1.58903,0.6355,0.7589,0.9645,0.08
u9085,0.014,16.7739,5.31773,9.34473,-0.816067,0.353851,1.02341,0.6377,0.7594,0.9623,0.08
u9086,0.014,13.682,3.46716,8.93151,-1.68695,0.750445,-1.30031,0.6963,0.7741,0.9037,0.08
u9087,0.014,2.50572,16.3378,-7.84094,0.8215,0.20763,1.79242,0.6674,0.7668,0.9326,0.08
u9088,0.014,-5.98462,-3.71828,5.92505,-0.271679,0.202831,-0.634069,0.8326,0.8082,0.7674,0.08
u9089,0.014,-0.632688,-7.40221,8.13418,-0.436635,-0.0646015,0.61917,0.7997,0.7999,0.8003,0.08
u9090,0.014,-11.9494,12.8208,-6.12861,-1.12026,-1.04773,-0.504351,0.6624,0.7656,0.9376,0.08
u9091,0.014,18.5942,-2.12254,0.583823,-0.572689,1.30657,-0.310248,0.6596,0.7649,0.9404,0.08
u9092,0.014,-7.52737,0.313566,10.1587,0.0392538,-0.292309,0.086019,0.77,0.7925,0.83,0.08
u9093,0.014,-13.8041,11.5649,7.70168,-0.562441,-0.231629,0.296396,0.6439,0.761,0.9561,0.08
u9094,0.014,-6.48335,-2.52418,-4.81342,1.20817,-1.18071,-0.311441,0.8462,0.8115,0.7538,0.08
u9095,0.014,4.3077,0.428993,9.29342,-1.44194,-0.577758,0.761518,0.8136,0.8034,0.7864,0.08
u9096,0.014,17.017,-11.6704,-2.81586,0.404498,0.182581,0.868359,0.6214,0.7553,0.9786,0.08
u9097,0.014,2.09602,15.8152,5.16469,-1.30068,0.217857,-0.382306,0.6951,0.7738,0.9049,0.08
u9098,0.014,5.57132,5.8855,-13.9855,-0.625602,0.185952,0.161166,0.7061,0.7765,0.8939,0.08
u9099,0.014,-0.0664269,-5.23804,-7.23295,-0.70686,0.35715,-0.699774,0.8376,0.8094,0.7624,0.08
u9100,0.014,6.91281,1.38725,13.1793,0.383778,0.870957,0.0168514,0.7282,0.7821,0.8718,0.08
u9101,0.014,8.33962,8.81706,4.2192,0.0391687,-0.514957,-0.175519,0.7664,0.7916,0.8336,0.08
u9102,0.014,7.46243,-9.17318,5.453,1.04179,0.958151,0.515605,0.7632,0.7908,0.8368,0.08
u9103,0.014,12.6125,1.33181,-11.6298,-1.51693,0.643038,0.32053,0.6871,0.7718,0.9129,0.08
u9104,0.014,2.55631,20.8304,-1.02215,0.474169,0.209478,0.932036,0.618,0.7545,0.982,0.08
u9105,0.014,-6.78577,7.36805,-13.2658,-0.128768,-1.56187,0.291507,0.6978,0.7744,0.9022,0.08
u9106,0.014,-16.65,9.44174,-6.78756,-0.848567,0.0935764,-1.51742,0.6308,0.7577,0.9692,0.08
u9107,0.014,-6.63671,17.3339,4.08957,-0.771407,-1.2868,-0.104099,0.6544,0.7636,0.9456,0.08
u9108,0.014,-15.9465,7.12619,-9.76423,0.281332,0.375686,0.275446,0.6362,0.759,0.9638,0.08
u9109,0.014,6.79463,-1.70472,6.74232,-0.79409,0.920267,0.191769,0.8232,0.8058,0.7768,0.08
u9110,0.014,-8.42072,10.4404,0.652682,-0.764833,-0.631668,-0.45263,0.7558,0.789,0.8442,0.08
u9111,0.014,13.6299,-0.66164,4.09109,-1.12494,-1.30424,0.47366,0.741,0.7852,0.859,0.08
u9112,0.014,-14.7287,-9.63108,-2.71787,2.08292,-0.53,1.49126,0.6762,0.7691,0.9238,0.08
u9113,0.014,-7.6597,13.7073,10.4794,0.568019,-1.04788,-1.13711,0.6568,0.7642,0.9432,0.08
u9114,0.014,-0.218965,14.3305,-7.0155,-2.04452,-0.300127,-0.519163,0.7099,0.7775,0.8901,0.08
u9115,0.014,-12.3055,-1.59647,-6.1125,-0.0939135,-0.847624,0.597227,0.7485,0.7871,0.8515,0.08
u9116,0.014,-14.7086,2.67385,10.0496,-0.083791,-0.460668,0.463345,0.6725,0.7681,0.9275,0.08
u9117,0.014,-7.26448,12.5903,5.39261,-1.53471,-1.11723,-0.946112,0.7181,0.7795,0.8819,0.08
u9118,0.014,-10.3,14.6993,-8.317,-1.4337,1.62027,0.145722,0.6403,0.7601,0.9597,0.08
u9119,0.014,-8.98561,-13.1332,10.2593,1.36003,0.656629,-0.0978221,0.6558,0.7639,0.9442,0.08
u9120,0.014,5.90949,-17.7845,-6.2435,1.51044,0.112234,-1.23627,0.6409,0.7602,0.9591,0.08
u9121,0.014,12.2553,4.68808,9.87463,0.266306,1.44687,0.0379792,0.7014,0.7754,0.8986,0.08
u9122,0.014,8.88877,-7.47969,-1.49912,-0.331239,0.269786,0.0784626,0.787,0.7968,0.813,0.08
u9123,0.014,6.35761,-7.17953,-3.59702,-0.322229,0.0660648,0.790751,0.8138,0.8034,0.7862,0.08
u9124,0.014,9.72008,-4.92232,5.36165,0.205689,1.89021,-0.847011,0.7792,0.7948,0.8208,0.08
u9125,0.014,14.9029,-0.372226,-4.17738,-0.167181,-0.172034,-0.54026,0.7185,0.7796,0.8815,0.08
u9126,0.014,-8.5976,-9.82812,-7.54183,0.790845,-1.56042,-0.803782,0.7258,0.7815,0.8742,0.08
u9127,0.014,-4.1494,1.04435,-4.01582,-0.911006,0.219639,-0.785772,0.8933,0.8233,0.7067,0.08
u9128,0.014,2.09579,3.18336,9.62936,-1.60295,-0.164372,0.320684,0.8117,0.8029,0.7883,0.08
u9129,0.014,4.93299,-3.24877,-10.4688,0.670101,0.469047,1.16999,0.7815,0.7954,0.8185,0.08
u9130,0.014,2.83622,19.5037,-0.528712,-0.956296,0.858907,-1.34068,0.6415,0.7604,0.9585,0.08
u9131,0.014,-9.29237,-4.41736,2.69409,-0.432896,-0.783917,-1.88501,0.8066,0.8017,0.7934,0.08
u9132,0.014,12.8547,-10.4414,1.67736,1.60476,0.447586,1.37597,0.6974,0.7743,0.9026,0.08
u9133,0.014,3.58591,-4.26684,-2.99685,1.20615,0.739258,0.0398284,0.8849,0.8212,0.7151,0.08
u9134,0.014,-2.39947,-0.322607,9.78879,-0.169537,-1.28587,-1.41997,0.8167,0.8042,0.7833,0.08
u9135,0.014,5.93136,12.9183,0.758886,-0.939252,0.702933,0.785335,0.7412,0.7853,0.8588,0.08
u9136,0.014,15.7304,-4.17904,5.62951,-0.627435,2.46946,0.154334,0.6869,0.7717,0.9131,0.08
u9137,0.014,-8.11484,-13.3368,0.914419,2.33678,-0.327452,-0.63456,0.7157,0.7789,0.8843,0.08
u9138,0.014,9.24642,-1.34266,-12.1927,-0.178096,0.473923,0.549446,0.7207,0.7802,0.8793,0.08
u9139,0.014,3.02315,-8.16644,-9.46905,-0.0975136,0.0671487,0.459974,0.7661,0.7915,0.8339,0.08
u9140,0.014,-13.5181,9.1791,3.2869,-0.187722,-0.87988,0.169499,0.697,0.7742,0.903,0.08
u9141,0.014,-10.0387,-1.47481,-5.58516,-0.11281,-0.963764,0.695708,0.7894,0.7974,0.8106,0.08
u9142,0.014,-6.83029,13.7165,-8.47666,-2.08048,0.739366,-0.619267,0.6816,0.7704,0.9184,0.08
u9143,0.014,5.19365,1.14066,-10.3173,-0.865105,0.861584,0.574183,0.789,0.7972,0.811,0.08
u9144,0.014,-11.931,7.68197,10.9917,0.176936,0.204314,-0.951345,0.6736,0.7684,0.9264,0.08
u9145,0.014,16.0267,-9.1503,4.79393,0.35694,1.62735,0.498969,0.6533,0.7633,0.9467,0.08
u9146,0.014,-4.53718,-2.10662,6.45289,0.775716,-1.4038,1.58481,0.8515,0.8129,0.7485,0.08
u9147,0.014,-11.328,-8.49509,-5.5407,-0.142172,-1.60773,0.728833,0.7235,0.7809,0.8765,0.08
u9148,0.014,12.4761,-12.028,7.99984,0.422737,0.000373236,-0.264748,0.653,0.7632,0.947,0.08
u9149,0.014,3.51498,13.7353,-0.681032,-1.75587,0.0902166,-0.873365,0.7419,0.7855,0.8581,0.08
u9150,0.014,7.80414,13.552,10.8633,-0.0306549,0.842366,0.615816,0.6538,0.7634,0.9462,0.08
u9151,0.014,7.00613,-5.5435,-10.9236,2.72912,1.23725,0.658492,0.7434,0.7859,0.8566,0.08
u9152,0.014,-4.99088,6.15575,8.3015,-1.0912,0.47784,0.284843,0.7913,0.7978,0.8087,0.08
u9153,0.014,0.369825,5.42749,6.81924,-0.287804,-1.40196,0.341261,0.8414,0.8103,0.7586,0.08
u9154,0.014,-3.04601,-14.5568,-4.05981,-0.162432,0.404707,-0.152955,0.7197,0.7799,0.8803,0.08
u9155,0.014,12.799,3.08434,1.13127,-0.272733,1.53195,1.12606,0.7597,0.7899,0.8403,0.08
u9156,0.014,-11.4816,-8.70634,-2.10023,0.904423,-0.666635,1.37643,0.7352,0.7838,0.8648,0.08
u9157,0.014,-9.96988,-0.173488,-1.37431,0.181206,0.340541,-0.267791,0.817,0.8042,0.783,0.08
u9158,0.014,4.86814,18.9778,-5.33739,0.654261,0.740107,-1.22561,0.6308,0.7577,0.9692,0.08
u9159,0.014,-15.1715,5.47362,10.1337,-0.116046,-0.544,-0.453762,0.6537,0.7634,0.9463,0.08
u9160,0.014,6.46834,-1.33212,-3.47215,-0.35738,0.33319,-1.30326,0.8643,0.8161,0.7357,0.08
u9161,0.014,-10.6983,11.7195,-4.13283,0.286628,-1.05602,-0.863715,0.7019,0.7755,0.8981,0.08
u9162,0.014,5.39976,20.5427,-1.39679,-0.50864,-0.0483241,-1.66097,0.613,0.7532,0.987,0.08
u9163,0.014,0.99744,7.68174,-9.14278,-1.26477,0.345162,-0.268778,0.7821,0.7955,0.8179,0.08
u9164,0.014,-12.9999,7.05151,11.7765,-0.660998,0.0022918,1.03913,0.6563,0.7641,0.9437,0.08
u9165,0.014,0.0400763,-14.1234,-8.05222,-0.0841753,0.745313,0.590761,0.7044,0.7761,0.8956,0.08
u9166,0.014,4.48642,-6.33561,10.2303,1.07188,0.942849,1.2168,0.7665,0.7916,0.8335,0.08
u9167,0.014,-10.2064,11.2885,6.60688,-1.78954,-2.09265,1.11551,0.6984,0.7746,0.9016,0.08
u9168,0.014,6.60746,17.2284,8.1307,-1.027,0.357015,0.864144,0.6334,0.7583,0.9666,0.08
u9169,0.014,-1.16602,-19.7588,-2.75523,1.41789,-1.53364,0.128405,0.6367,0.7592,0.9633,0.08
u9170,0.014,-17.6869,-1.30851,-0.202377,0.535111,-0.960001,-1.114,0.6775,0.7694,0.9225,0.08
u9171,0.014,-2.48131,-5.31643,-7.43144,1.72506,0.320091,-1.35035,0.8279,0.807,0.7721,0.08
u9172,0.014,-11.5438,-17.5676,-4.42955,0.351846,0.123255,-1.62943,0.6094,0.7524,0.9906,0.08
u9173,0.014,-5.6194,20.2053,3.30223,-0.310054,0.783247,-1.271,0.614,0.7535,0.986,0.08
u9174,0.014,0.010525,9.63446,-7.85056,-0.685478,0.14431,-0.0367864,0.774,0.7935,0.826,0.08
u9175,0.014,13.8925,-4.92477,3.47552,0.68024,0.661968,-0.694411,0.7247,0.7812,0.8753,0.08
u9176,0.014,11.8207,-18.2638,-0.236228,2.27854,1.74847,0.0775413,0.6044,0.7511,0.9956,0.08
u9177,0.014,8.53345,-6.52015,-9.69949,2.52734,0.821106,-0.652017,0.7369,0.7842,0.8631,0.08
u9178,0.014,-7.90607,-13.0107,6.45369,0.193846,1.10128,-0.387495,0.6993,0.7748,0.9007,0.08
u9179,0.014,-2.15256,-6.46051,-15.388,-0.219235,0.595784,0.832207,0.694,0.7735,0.906,0.08
u9180,0.014,4.1594,10.7766,-5.28251,0.00314221,-0.109754,-0.835331,0.7691,0.7923,0.8309,0.08
u9181,0.014,15.6898,12.5657,-5.89891,-1.03356,2.07672,0.486542,0.6191,0.7548,0.9809,0.08
u9182,0.014,5.70571,-2.96792,-2.32302,0.630629,0.363967,-0.21873,0.8757,0.8189,0.7243,0.08
u9183,0.014,15.8784,-5.50726,0.283813,1.74521,0.297841,0.430577,0.6944,0.7736,0.9056,0.08
u9184,0.014,2.66342,11.7367,-10.7071,-1.74488,0.791134,-0.317631,0.7071,0.7768,0.8929,0.08
u9185,0.014,-6.34182,13.0442,-11.9957,-0.309224,-2.47917,1.67081,0.6578,0.7644,0.9422,0.08
u9186,0.014,6.61879,0.820588,2.70916,-0.246519,0.886662,-0.290989,0.8691,0.8173,0.7309,0.08
u9187,0.014,-7.48102,6.34968,5.51369,0.0160689,2.41673,0.580706,0.7954,0.7988,0.8046,0.08
u9188,0.014,-5.42769,-17.6291,6.8424,1.05001,-0.693264,0.267188,0.6423,0.7606,0.9577,0.08
u9189,0.014,16.9347,-6.86072,5.35684,-1.0307,1.32937,-0.755785,0.6538,0.7635,0.9462,0.08
u9190,0.014,-6.33701,15.1251,-2.89075,0.20601,-0.434349,-0.625938,0.6972,0.7743,0.9028,0.08
u9191,0.014,5.5916,-17.0833,-3.52364,-0.0203765,-0.331804,0.0480103,0.667,0.7667,0.933,0.08
u9192,0.014,19.3566,-9.17212,-3.68411,-1.38299,1.09258,1.77984,0.6048,0.7512,0.9952,0.08
u9193,0.014,1.16083,12.4172,-12.549,0.369748,0.28858,-0.0636962,0.6783,0.7696,0.9217,0.08
u9194,0.014,4.2068,5.00015,11.7397,0.227599,0.369356,-0.561156,0.7557,0.7889,0.8443,0.08
u9195,0.014,-1.95414,11.0934,-7.43367,-1.34043,-0.126081,-0.348911,0.7546,0.7887,0.8454,0.08
u9196,0.014,-11.9611,14.0874,-4.0406,1.17163,0.0354701,-0.703698,0.6561,0.764,0.9439,0.08
u9197,0.014,-3.05074,-12.1234,-9.15675,1.28032,-0.595854,0.13508,0.7183,0.7796,0.8817,0.08
u9198,0.014,-14.3112,6.88521,-2.39665,-0.411689,-0.664565,0.251951,0.708,0.777,0.892,0.08
u9199,0.014,-1.56831,-15.7704,-10.7728,0.575573,-0.151711,-0.427872,0.6516,0.7629,0.9484,0.08
u9200,0.014,5.23327,6.07567,-12.1051,-0.933059,0.42011,-0.496063,0.736,0.784,0.864,0.08
u9201,0.014,8.92559,-11.6636,-4.15485,-0.216366,0.200473,1.59176,0.7225,0.7806,0.8775,0.08
u9202,0.014,2.70494,14.4735,-1.08358,-1.54934,-0.783506,-0.937851,0.7316,0.7829,0.8684,0.08
u9203,0.014,-7.15041,-5.63454,-8.54414,0.774301,-1.23043,1.50788,0.773,0.7932,0.827,0.08
u9204,0.014,-10.9478,-7.41264,11.6525,0.995532,0.402858,-0.433021,0.6796,0.7699,0.9204,0.08
u9205,0.014,-2.71175,-3.54261,-6.73674,0.612291,0.234231,0.455506,0.8531,0.8133,0.7469,0.08
u9206,0.014,-9.89496,7.56287,-0.278345,-0.311564,-1.58287,1.04009,0.7735,0.7934,0.8265,0.08
u9207,0.014,7.92463,-17.3872,8.12527,1.84484,0.242822,0.537141,0.6225,0.7556,0.9775,0.08
u9208,0.014,4.16736,6.77102,10.6365,0.00501795,-1.37191,-0.125484,0.7586,0.7896,0.8414,0.08
u9209,0.014,0.500266,-7.7761,8.53097,0.96488,0.342215,0.440764,0.7899,0.7975,0.8101,0.08
u9210,0.014,-17.9304,-2.4635,-1.10562,-0.279372,2.15855,-0.11365,0.6703,0.7676,0.9297,0.08
u9211,0.014,12.817,-1.26131,-4.06685,0.00955798,0.663203,0.711405,0.7544,0.7886,0.8456,0.08
u9212,0.014,6.47861,3.19989,2.0121,0.935872,-0.763882,-0.155234,0.8636,0.8159,0.7364,0.08
u9213,0.014,-6.71093,-16.0782,-2.7128,-0.748339,-1.46532,-0.812983,0.6794,0.7699,0.9206,0.08
u9214,0.014,-1.23723,-0.971503,8.38639,0.705315,-0.819758,-0.048211,0.8449,0.8112,0.7551,0.08
u9215,0.014,-5.91042,7.88666,2.76446,0.0654081,-0.142964,0.871722,0.8139,0.8035,0.7861,0.08
u9216,0.014,-14.4883,-12.9492,-4.76618,1.59643,-0.0809184,0.986902,0.6362,0.7591,0.9638,0.08
u9217,0.014,-12.0496,-1.34034,-0.239829,-1.56602,-1.16056,0.304445,0.7795,0.7949,0.8205,0.08
u9218,0.014,7.41869,-4.63661,-10.0318,-0.808429,0.359059,-0.398109,0.758,0.7895,0.842,0.08
u9219,0.014,-6.22467,-9.43497,8.87955,0.283371,-0.576898,-0.0801387,0.7387,0.7847,0.8613,0.08
u9220,0.014,8.29928,-11.6933,-2.21472,-0.0501021,1.11678,-0.501943,0.7362,0.784,0.8638,0.08
u9221,0.014,10.7164,0.968542,6.72306,0.0854182,-0.595734,-0.295767,0.7693,0.7923,0.8307,0.08
u9222,0.014,-0.362593,3.39931,-14.3799,1.78366,-0.340932,0.646287,0.7313,0.7828,0.8687,0.08
u9223,0.014,9.30536,13.813,-8.33988,0.761511,0.681707,-0.359541,0.6613,0.7653,0.9387,0.08
u9224,0.014,13.7707,6.7369,8.56109,1.09955,1.10706,-0.63144,0.6807,0.7702,0.9193,0.08
u9225,0.014,4.47761,16.1118,4.14938,-0.662598,0.158693,0.261862,0.6867,0.7717,0.9133,0.08
u9226,0.014,11.7229,0.589741,-0.320041,0.316526,1.75996,0.629713,0.7865,0.7966,0.8135,0.08
u9227,0.014,-8.45679,-5.97769,12.5723,-0.179799,-0.688628,1.1514,0.7038,0.776,0.8962,0.08
u9228,0.014,-4.00391,-19.7556,0.927015,1.93024,-2.67815,1.40931,0.6331,0.7583,0.9669,0.08
u9229,0.014,0.715618,-18.0517,1.09024,0.628799,0.784057,0.881488,0.6709,0.7677,0.9291,0.08
u9230,0.014,4.13667,-1.15698,6.1449,-0.739333,0.453387,-0.628869,0.8637,0.8159,0.7363,0.08
u9231,0.014,16.7096,11.9745,0.544842,-0.91248,0.0363696,-0.180011,0.6261,0.7565,0.9739,0.08
u9232,0.014,-8.18533,-12.2484,-0.852379,1.14442,0.00964666,0.982535,0.7317,0.7829,0.8683,0.08
u9233,0.014,0.367675,20.8484,2.06845,-0.268917,-0.349904,0.705708,0.619,0.7548,0.981,0.08
u9234,0.014,-11.4321,8.62696,-4.30079,-0.764297,-2.4342,0.604036,0.7281,0.782,0.8719,0.08
u9235,0.014,-9.23814,-10.6285,0.560093,0.432455,-1.3594,-0.86561,0.7438,0.7859,0.8562,0.08
u9236,0.014,-12.0451,-12.5035,9.24938,-1.01913,-0.986709,-0.0413486,0.6423,0.7606,0.9577,0.08
u9237,0.014,-4.12786,-0.414368,-7.13012,0.376014,1.15992,-0.475637,0.85,0.8125,0.75,0.08
u9238,0.014,-2.6739,-3.41598,-14.918,-0.686481,0.111965,-0.644522,0.7175,0.7794,0.8825,0.08
u9239,0.014,-14.4213,-1.15339,-11.1267,0.204787,-0.806956,1.11022,0.6682,0.767,0.9318,0.08
u9240,0.014,-18.5547,2.54883,-3.97526,0.843725,-3.43795,-1.66377,0.6519,0.763,0.9481,0.08
u9241,0.014,-8.8258,13.3835,-1.32317,-0.737385,0.4745,-0.218947,0.7075,0.7769,0.8925,0.08
u9242,0.014,4.73662,7.69889,5.74351,-0.458713,0.517024,-1.44627,0.8053,0.8013,0.7947,0.08
u9243,0.014,11.9382,-7.00518,-7.7599,-0.28861,1.35545,0.527936,0.7115,0.7779,0.8885,0.08
u9244,0.014,10.1361,10.0633,8.96959,-0.206741,0.195632,-0.623517,0.6933,0.7733,0.9067,0.08
u9245,0.014,-19.3214,4.3329,-0.526917,1.30859,-0.835854,0.0649475,0.6398,0.76,0.9602,0.08
u9246,0.014,-10.231,-14.6313,-7.46219,-1.67926,-2.29311,-0.781788,0.6482,0.762,0.9518,0.08
u9247,0.014,2.32097,-7.78653,6.9863,-0.0464389,0.137578,-0.393534,0.8052,0.8013,0.7948,0.08
u9248,0.014,-6.5353,-5.19404,-12.1818,-0.0856931,0.149402,-0.179496,0.7315,0.7829,0.8685,0.08
u9249,0.014,-10.3075,-0.827111,10.5078,-0.509461,-1.31707,0.620081,0.732,0.783,0.868,0.08
u9250,0.014,-8.14687,14.1098,4.69704,0.171611,1.16475,0.130914,0.6917,0.7729,0.9083,0.08
u9251,0.014,1.16845,-11.3666,-9.33806,0.767452,0.587085,-0.17508,0.7317,0.7829,0.8683,0.08
u9252,0.014,12.2085,7.80674,-10.8527,-1.0782,-0.527062,0.677708,0.6708,0.7677,0.9292,0.08
u9253,0.014,0.751305,-12.4201,11.1225,0.292367,-0.567822,0.598361,0.6966,0.7741,0.9034,0.08
u9254,0.014,-6.60731,12.2573,7.35661,0.495812,-0.972088,-0.126119,0.7137,0.7784,0.8863,0.08
u9255,0.014,10.5399,-1.94849,9.59814,1.10764,1.39009,-0.946258,0.7384,0.7846,0.8616,0.08
u9256,0.014,5.90362,1.67328,-6.79807,0.306312,0.171957,0.215035,0.8335,0.8084,0.7665,0.08
u9257,0.014,-7.57564,19.7808,4.08585,-0.89338,-1.31153,1.08495,0.6078,0.7519,0.9922,0.08
u9258,0.014,-0.791941,-20.5112,4.19857,0.894219,-2.28751,1.66525,0.6191,0.7548,0.9809,0.08
u9259,0.014,-2.28223,10.4165,-0.609079,-0.648768,-1.22477,-0.490349,0.8058,0.8015,0.7942,0.08
u9260,0.014,-17.0078,1.92694,2.88598,0.2131,-0.502573,-0.467773,0.6844,0.7711,0.9156,0.08
u9261,0.014,-15.8566,-7.6837,-0.732654,0.399449,-1.27887,-0.256699,0.6794,0.7698,0.9206,0.08
u9262,0.014,7.98153,13.7894,-0.748209,-1.36833,-0.296897,2.0523,0.71,0.7775,0.89,0.08
u9263,0.014,1.25076,-0.238464,-15.5331,0.621579,0.171214,-0.587703,0.7166,0.7792,0.8834,0.08
u9264,0.014,-7.67182,10.3544,12.3806,-0.184405,-0.674215,0.69928,0.6751,0.7688,0.9249,0.08
u9265,0.014,-1.5487,7.90899,5.67649,-0.584232,0.794311,-0.687152,0.8208,0.8052,0.7792,0.08
u9266,0.014,9.55842,13.8482,-2.68348,-0.409281,-0.17732,-0.156371,0.6902,0.7725,0.9098,0.08
u9267,0.014,-5.17406,-15.9614,-4.78967,0.325032,-0.564729,-0.274246,0.6827,0.7707,0.9173,0.08
u9268,0.014,7.18719,-19.0115,3.78859,2.4592,0.729345,-0.244923,0.6241,0.756,0.9759,0.08
u9269,0.014,-8.06973,-1.84011,12.3556,-0.491166,-0.111221,0.132279,0.7296,0.7824,0.8704,0.08
u9270,0.014,-12.2866,2.4108,-12.8771,-1.73109,-1.52352,0.957871,0.6734,0.7684,0.9266,0.08
u9271,0.014,1.62496,13.8014,0.906121,-1.78835,0.147984,0.140821,0.7468,0.7867,0.8532,0.08
u9272,0.014,-3.5639,12.1401,-8.0461,-0.468658,0.515828,-1.07825,0.7274,0.7818,0.8726,0.08
u9273,0.014,16.1554,-0.205197,7.17969,0.558552,0.75742,-1.86623,0.6785,0.7696,0.9215,0.08
u9274,0.014,10.5973,-8.45747,-3.91469,1.24118,-0.122385,0.375946,0.7434,0.7859,0.8566,0.08
u9275,0.014,-5.39559,1.99533,-9.66485,0.445578,1.13676,-0.568795,0.7955,0.7989,0.8045,0.08
u9276,0.014,7.19106,19.2334,2.4018,-0.926576,1.03289,-0.609036,0.6241,0.756,0.9759,0.08
u9277,0.014,7.90897,3.88784,-7.04638,-1.51735,0.932079,-0.91171,0.7948,0.7987,0.8052,0.08
u9278,0.014,-13.9682,10.2278,-8.96985,-0.957694,-1.74718,0.752396,0.6455,0.7614,0.9545,0.08
u9279,0.014,-12.2137,-14.0713,7.77105,0.844164,-0.369721,0.612193,0.6329,0.7582,0.9671,0.08
u9280,0.014,6.05126,-18.161,0.638722,2.59439,-0.617087,0.874423,0.6518,0.7629,0.9482,0.08
u9281,0.014,-11.1113,6.05415,-2.94255,-0.444089,-0.10339,-0.709191,0.7638,0.7909,0.8362,0.08
u9282,0.014,5.89036,-8.73945,-1.01768,-1.50172,0.864534,-1.43327,0.8075,0.8019,0.7925,0.08
u9283,0.014,9.32051,3.05187,6.37908,-1.71832,0.259894,0.414061,0.7873,0.7968,0.8127,0.08
u9284,0.014,9.10389,2.33095,-9.11279,0.40596,0.309162,-0.218915,0.762,0.7905,0.838,0.08
u9285,0.014,-2.09216,2.00201,-4.45568,-0.970558,0.336527,-0.176972,0.9034,0.8258,0.6966,0.08
u9286,0.014,-15.8073,-4.56315,-6.25285,-0.480918,1.58772,0.145081,0.68,0.77,0.92,0.08
u9287,0.014,-6.71225,-15.9968,0.863674,-0.364055,2.07719,-0.176095,0.6842,0.771,0.9158,0.08
u9288,0.014,16.3956,4.97276,3.5402,1.38747,1.40482,0.199955,0.6819,0.7705,0.9181,0.08
u9289,0.014,-4.04204,-3.61054,-0.0832019,-0.380379,0.804756,0.193323,0.9014,0.8254,0.6986,0.08
u9290,0.014,-3.92316,3.06826,5.12956,0.204658,0.535225,-0.0262686,0.87,0.8175,0.73,0.08
u9291,0.014,0.523201,0.731407,-13.485,-0.49184,-0.0125265,0.0749545,0.7543,0.7886,0.8457,0.08
u9292,0.014,-11.0803,-13.4907,-8.44525,0.824975,-3.39814,0.0383766,0.6474,0.7618,0.9526,0.08
u9293,0.014,8.19068,-19.0455,5.04324,0.631613,1.07625,-1.03561,0.6121,0.753,0.9879,0.08
u9294,0.014,0.841576,-10.3114,-4.45511,0.0298631,-0.419631,0.846581,0.7952,0.7988,0.8048,0.08
u9295,0.014,13.362,8.68416,-10.7322,-0.14991,0.829249,0.731715,0.6507,0.7627,0.9493,0.08
u9296,0.014,-18.6085,6.57566,-4.12135,0.718064,-1.15246,1.36596,0.6334,0.7584,0.9666,0.08
u9297,0.014,-6.35635,-18.3641,-7.6904,0.291508,-1.01751,-0.61944,0.62,0.755,0.98,0.08
u9298,0.014,17.4295,4.55463,5.20028,-2.08299,3.00901,0.182616,0.6591,0.7648,0.9409,0.08
u9299,0.014,1.36414,-14.1688,6.86124,1.70648,0.623012,-1.46827,0.7127,0.7782,0.8873,0.08
u9300,0.014,-7.88844,-2.79411,12.8577,-0.694667,-1.40625,1.03154,0.7211,0.7803,0.8789,0.08
u9301,0.014,13.1061,-10.6747,1.84209,1.24275,0.926688,-0.0470307,0.6908,0.7727,0.9092,0.08
u9302,0.014,15.0752,-11.806,2.13026,0.341436,1.09165,0.919607,0.6497,0.7624,0.9503,0.08
u9303,0.014,-13.4457,-14.5907,2.93779,0.0374333,0.148888,-0.477511,0.6353,0.7588,0.9647,0.08
u9304,0.014,-5.81699,7.14684,-11.67,-1.16273,2.69783,0.740612,0.7296,0.7824,0.8704,0.08
u9305,0.014,10.7435,-4.21535,3.88563,-0.677407,1.12782,-0.510678,0.7786,0.7946,0.8214,0.08
u9306,0.014,-4.33966,-10.401,-13.3979,-0.0439664,-0.0464904,0.727443,0.6817,0.7704,0.9183,0.08
u9307,0.014,-0.207585,-5.15806,1.67928,0.0698804,0.188745,-0.0828904,0.9013,0.8253,0.6987,0.08
u9308,0.014,-1.73083,-6.30295,12.5228,0.187908,-0.216775,-0.476799,0.7432,0.7858,0.8568,0.08
u9309,0.014,6.0474,-11.9879,-3.83364,1.98616,-0.862483,1.09766,0.7461,0.7865,0.8539,0.08
u9310,0.014,-7.01628,11.2884,0.888977,0.75972,0.0383107,0.814644,0.7578,0.7895,0.8422,0.08
u9311,0.014,-18.5096,-0.140865,0.229283,-0.0868041,-0.24871,-0.820385,0.6634,0.7659,0.9366,0.08
u9312,0.014,-3.32463,12.6766,1.84659,-0.105056,0.459078,-0.700333,0.7594,0.7898,0.8406,0.08
u9313,0.014,-4.29395,3.16113,-1.17517,0.0606362,1.43711,-0.0992553,0.9007,0.8252,0.6993,0.08
u9314,0.014,6.53478,-13.6967,5.36681,0.375836,-0.111557,-0.276214,0.7073,0.7768,0.8927,0.08
u9315,0.014,-1.26212,-7.90838,-2.51131,0.461684,0.923151,1.33557,0.8474,0.8119,0.7526,0.08
u9316,0.014,-14.4629,-2.4474,-0.825896,-1.19025,-0.269768,0.230586,0.7329,0.7832,0.8671,0.08
u9317,0.014,-1.34976,-2.93389,9.16639,-0.838214,-1.16416,-0.83058,0.8233,0.8058,0.7767,0.08
u9318,0.014,-0.488919,8.891,-5.90154,-1.15766,0.711366,-1.06955,0.8058,0.8014,0.7942,0.08
u9319,0.014,-5.00931,-16.992,-1.76414,1.73365,0.361811,1.13208,0.6763,0.7691,0.9237,0.08
u9320,0.014,0.0381901,19.6807,-2.1027,0.388216,1.47119,0.745309,0.6401,0.76,0.9599,0.08
u9321,0.014,9.3599,15.6795,0.121352,-0.956524,-1.86046,-0.238053,0.668,0.767,0.932,0.08
u9322,0.014,7.95614,13.3012,11.5184,-1.56106,1.48531,-0.281825,0.6489,0.7622,0.9511,0.08
u9323,0.014,-9.76604,6.9472,4.37699,-0.641036,0.144075,-1.60228,0.768,0.792,0.832,0.08
u9324,0.014,19.3059,-4.57441,-2.06056,1.03314,0.830236,-0.897224,0.6373,0.7593,0.9627,0.08
u9325,0.014,2.0409,-10.6679,13.6062,0.569717,0.629469,-0.406524,0.6835,0.7709,0.9165,0.08
u9326,0.014,-12.8426,11.2108,6.43467,-0.922764,0.793053,-0.436284,0.6687,0.7672,0.9313,0.08
u9327,0.014,-11.5216,-6.98409,-8.0394,0.483137,1.03875,-1.33767,0.7147,0.7787,0.8853,0.08
u9328,0.014,11.0995,-11.8493,2.7842,0.864055,0.206708,-1.02935,0.7005,0.7751,0.8995,0.08
u9329,0.014,-6.51686,-3.77457,-0.746838,-0.121513,0.243019,-0.23056,0.8624,0.8156,0.7376,0.08
u9330,0.014,17.5887,2.09363,3.63797,0.557095,1.64937,0.307255,0.6712,0.7678,0.9288,0.08
u9331,0.014,4.92418,7.59571,1.52211,-1.31327,-0.857807,-1.66872,0.8331,0.8083,0.7669,0.08
u9332,0.014,18.298,-10.8015,-0.587124,0.282594,1.23345,-0.0869252,0.6135,0.7534,0.9865,0.08
u9333,0.014,4.66337,-15.6094,2.08223,1.947,0.286354,0.8816,0.7014,0.7753,0.8986,0.08
u9334,0.014,12.9155,14.6362,-4.202,-0.820336,0.131544,0.193364,0.637,0.7592,0.963,0.08
u9335,0.014,15.404,7.07756,-1.30057,0.873141,1.17442,0.7237,0.6909,0.7727,0.9091,0.08
u9336,0.014,4.39374,4.62923,3.46023,0.0189552,0.482521,-0.641916,0.868,0.817,0.732,0.08
u9337,0.014,-0.585303,-12.0405,-13.5192,-0.685089,0.537219,0.16756,0.6707,0.7677,0.9293,0.08
u9338,0.014,1.57743,2.0375,-0.853131,-1.053,1.47369,0.16789,0.9506,0.8377,0.6494,0.08
u9339,0.014,10.1239,-13.2345,4.74817,0.57093,1.84201,-0.45637,0.685,0.7712,0.915,0.08
u9340,0.014,-1.74803,-8.213,-13.1274,1.58761,-1.45594,-1.08789,0.7167,0.7792,0.8833,0.08
u9341,0.014,17.5974,2.04028,-2.22431,0.447921,1.76346,0.266015,0.6754,0.7688,0.9246,0.08
u9342,0.014,-3.36572,-3.55178,4.38918,0.150609,0.748707,-0.830905,0.8805,0.8201,0.7195,0.08
u9343,0.014,-10.5805,-3.86756,3.29974,1.93491,0.0813671,0.436187,0.7866,0.7966,0.8134,0.08
u9344,0.014,-6.81392,-12.2125,1.8046,1.26531,-0.633084,-0.153178,0.7436,0.7859,0.8564,0.08
u9345,0.014,-10.2765,-18.1648,1.91101,1.31228,-0.732016,1.23602,0.619,0.7547,0.981,0.08
u9346,0.014,13.2758,14.1507,-0.956166,-0.704989,1.19879,-0.894489,0.6468,0.7617,0.9532,0.08
u9347,0.014,4.95796,2.0538,15.7677,-0.26505,0.137086,0.411509,0.6972,0.7743,0.9028,0.08
u9348,0.014,7.29743,5.51864,-4.41694,0.597753,0.555,-0.0974377,0.8153,0.8038,0.7847,0.08
u9349,0.014,8.07005,-19.9135,-2.60052,1.28175,-0.840973,0.058394,0.6065,0.7516,0.9935,0.08
u9350,0.014,-1.47817,-5.08206,-4.52768,2.68039,0.243022,-0.0122424,0.8734,0.8183,0.7266,0.08
u9351,0.014,-10.6443,-6.11985,-1.5685,1.02996,-0.0820151,0.296789,0.7749,0.7937,0.8251,0.08
u9352,0.014,1.66924,10.3814,8.21399,-0.0536372,-0.558146,-0.501255,0.7574,0.7894,0.8426,0.08
u9353,0.014,-0.0166174,0.378501,-6.31778,-0.571566,-0.203036,0.0534671,0.8849,0.8212,0.7151,0.08
u9354,0.014,6.78689,-1.18165,-12.3164,0.590656,1.45331,-0.936212,0.7434,0.7859,0.8566,0.08
u9355,0.014,-18.1212,0.332257,5.38272,-1.15464,-2.23373,-1.76506,0.6562,0.7641,0.9438,0.08
u9356,0.014,-0.957747,3.85232,-4.47609,-0.208594,-0.435251,-0.38093,0.8912,0.8228,0.7088,0.08
u9357,0.014,0.210074,7.12385,-14.1342,-0.0125104,0.151488,-0.30697,0.7122,0.778,0.8878,0.08
u9358,0.014,-2.26529,7.53086,9.12856,0.00652865,-1.73171,1.08413,0.7809,0.7952,0.8191,0.08
u9359,0.014,-16.2769,1.57706,6.05613,0.758338,-0.591698,0.0299198,0.6829,0.7707,0.9171,0.08
u9360,0.014,5.83636,-4.00666,-6.75993,0.322403,0.706639,-2.28766,0.822,0.8055,0.778,0.08
u9361,0.014,10.0553,-0.0906296,5.57492,1.03641,0.818897,-0.631062,0.791,0.7977,0.809,0.08
u9362,0.014,-1.92046,11.7024,-1.92417,-1.71924,-1.51286,0.311542,0.7816,0.7954,0.8184,0.08
u9363,0.014,-8.37367,6.8184,7.7461,0.840176,0.0939737,0.736552,0.7584,0.7896,0.8416,0.08
u9364,0.014,-11.9226,-6.6121,11.6923,0.728166,0.258305,-1.69911,0.6734,0.7684,0.9266,0.08
u9365,0.014,-8.5609,-3.00882,5.65523,-0.666834,-0.722172,-0.741028,0.8056,0.8014,0.7944,0.08
u9366,0.014,-3.06621,16.2359,-9.63095,-1.55334,0.155682,0.324843,0.6523,0.7631,0.9477,0.08
u9367,0.014,5.46915,-4.65006,-0.957418,0.719822,0.39536,1.56129,0.8683,0.8171,0.7317,0.08
u9368,0.014,13.3962,-13.519,0.752071,0.779501,0.351703,0.723035,0.6537,0.7634,0.9463,0.08
u9369,0.014,-8.7331,-10.3752,12.8173,0.879217,-1.67998,0.350224,0.6607,0.7652,0.9393,0.08
u9370,0.014,-11.3573,-13.2327,-0.153583,0.940908,0.104219,0.393805,0.6829,0.7707,0.9171,0.08
u9371,0.014,-7.35058,6.88864,-6.06151,0.265481,-0.960458,-0.885355,0.7862,0.7966,0.8138,0.08
u9372,0.014,16.1527,4.69263,7.95211,-0.368343,1.56221,-0.356855,0.6617,0.7654,0.9383,0.08
u9373,0.014,-3.79397,4.31747,-7.44991,0.162115,-0.758475,0.173427,0.8289,0.8072,0.7711,0.08
u9374,0.014,-11.7419,12.7459,1.72697,-0.377538,-0.96778,0.542112,0.6833,0.7708,0.9167,0.08
u9375,0.014,9.22647,-9.75576,-6.53587,2.91857,0.512095,-0.550457,0.7285,0.7821,0.8715,0.08
u9376,0.014,-16.9962,0.130328,2.91567,-1.84526,-1.53919,-0.630686,0.6865,0.7716,0.9135,0.08
u9377,0.014,2.63368,-8.14663,12.0976,0.423694,1.26106,0.75296,0.7305,0.7826,0.8695,0.08
u9378,0.014,-8.26402,-4.42047,-0.225004,-0.118001,-0.870181,-0.175733,0.8296,0.8074,0.7704,0.08
u9379,0.014,3.19946,9.46405,6.20121,-0.825227,-2.40936,0.24115,0.7862,0.7966,0.8138,0.08
u9380,0.014,-15.8459,5.47188,-8.01564,-0.267864,1.54626,-0.909811,0.6621,0.7655,0.9379,0.08
u9381,0.014,-14.6412,4.36779,-2.90333,-0.0634077,-0.227799,-1.02355,0.7172,0.7793,0.8828,0.08
u9382,0.014,0.975203,-5.05535,0.62974,2.05713,0.125909,0.730813,0.9057,0.8264,0.6943,0.08
u9383,0.014,9.54803,-5.46204,-1.92681,-0.38048,-0.161822,-0.878349,0.797,0.7992,0.803,0.08
u9384,0.014,-17.1647,9.2402,-1.38222,-0.0777545,0.13938,0.342271,0.6447,0.7612,0.9553,0.08
u9385,0.014,-2.65482,-9.49876,7.1405,1.03061,-1.30499,-1.2769,0.7786,0.7947,0.8214,0.08
u9386,0.014,5.19058,-3.30079,-3.47698,0.645295,1.49282,-0.649778,0.8715,0.8179,0.7285,0.08
u9387,0.014,4.75313,5.47544,4.95014,-0.417068,0.0607325,-0.0958567,0.8404,0.8101,0.7596,0.08
u9388,0.014,11.9657,-16.1943,-2.9078,1.27071,0.139081,0.0490143,0.6301,0.7575,0.9699,0.08
u9389,0.014,-11.7934,16.0227,-6.11522,-1.41332,-1.03527,-0.295137,0.6216,0.7554,0.9784,0.08
u9390,0.014,-1.17695,11.2461,-13.5007,-0.802924,-0.20295,0.916682,0.6798,0.77,0.9202,0.08
u9391,0.014,-13.7763,-7.04079,4.84913,-1.39283,0.694751,-0.0967166,0.7052,0.7763,0.8948,0.08
u9392,0.014,-2.27999,0.982534,3.47795,1.46386,0.612436,-1.63239,0.9223,0.8306,0.6777,0.08
u9393,0.014,15.4087,-3.48488,6.38726,0.370179,0.896399,-2.51755,0.6902,0.7725,0.9098,0.08
u9394,0.014,14.7321,-1.28046,11.5718,-1.57465,-0.407505,0.943257,0.6586,0.7646,0.9414,0.08
u9395,0.014,-3.01659,6.88069,-14.8577,1.00043,-0.955882,0.197358,0.6973,0.7743,0.9027,0.08
u9396,0.014,1.6991,15.0754,-5.28982,-1.12952,-0.540978,-0.377155,0.7079,0.777,0.8921,0.08
u9397,0.014,3.99448,16.0072,0.803374,-0.543647,-0.246129,-0.829202,0.6997,0.7749,0.9003,0.08
u9398,0.014,-2.13622,-7.78201,14.6924,-0.666585,-0.678753,0.412262,0.6952,0.7738,0.9048,0.08
u9399,0.014,-6.20871,-14.4107,4.51965,0.309787,-0.0846647,0.178886,0.7031,0.7758,0.8969,0.08
u9400,0.014,7.47302,-12.8744,-0.364942,0.246106,-0.86551,-0.662425,0.7293,0.7823,0.8707,0.08
u9401,0.014,-0.30556,15.046,9.56025,-2.34034,1.77418,0.742951,0.6758,0.769,0.9242,0.08
u9402,0.014,-0.138092,0.347977,4.42783,-0.442561,-1.15029,-0.305977,0.9192,0.8298,0.6808,0.08
u9403,0.014,-4.06402,10.5196,3.26858,-1.60823,0.933304,0.390505,0.7865,0.7966,0.8135,0.08
u9404,0.014,1.75234,1.77936,11.7549,0.294753,-1.68585,-0.184205,0.7815,0.7954,0.8185,0.08
u9405,0.014,-18.0341,-2.05232,-6.04854,-0.167835,-1.61917,-0.0414713,0.6521,0.763,0.9479,0.08
u9406,0.014,4.57273,11.5228,2.95243,-2.2996,0.801141,0.25495,0.7683,0.7921,0.8317,0.08
u9407,0.014,0.483681,-14.6223,0.294172,2.07468,0.852692,-1.44859,0.7339,0.7835,0.8661,0.08
u9408,0.014,0.160095,-1.83169,-3.87999,0.260659,-1.2113,2.83762,0.9219,0.8305,0.6781,0.08
u9409,0.014,-0.137961,10.2764,2.23893,-0.155566,0.879532,0.0356756,0.8088,0.8022,0.7912,0.08
u9410,0.014,-0.69559,-10.3566,9.53495,2.80928,-0.990412,0.708927,0.7437,0.7859,0.8563,0.08
u9411,0.014,4.90408,-9.97537,-3.52903,-0.729184,-0.621309,0.876971,0.788,0.797,0.812,0.08
u9412,0.014,-7.65147,7.69642,12.6889,-1.36812,-0.515569,-1.62926,0.6964,0.7741,0.9036,0.08
u9413,0.014,-6.31764,-8.69657,-0.265845,0.6219,-0.107322,-0.574412,0.8045,0.8011,0.7955,0.08
u9414,0.014,-7.87282,7.41832,-10.4424,-1.01397,0.0418437,0.0781843,0.7266,0.7817,0.8734,0.08
u9415,0.014,18.1977,-0.324418,5.93502,0.646875,2.04973,-0.449526,0.6519,0.763,0.9481,0.08
u9416,0.014,2.83049,11.5368,-13.7916,-0.476017,-0.126124,0.442702,0.6691,0.7673,0.9309,0.08
u9417,0.014,-0.660736,18.8885,5.6954,-0.616406,-0.786356,-0.410351,0.6411,0.7603,0.9589,0.08
u9418,0.014,-11.877,0.209374,7.80059,-0.164145,-0.416486,-0.274828,0.7416,0.7854,0.8584,0.08
u9419,0.014,-7.71234,2.62996,-13.847,-1.98243,-0.591646,-1.42103,0.7079,0.777,0.8921,0.08
u9420,0.014,-11.5151,-1.05274,7.57581,0.128384,-0.430286,1.4409,0.7487,0.7872,0.8513,0.08
u9421,0.014,-18.6085,7.07074,-2.44207,0.0524702,-1.37334,1.2852,0.6353,0.7588,0.9647,0.08
u9422,0.014,15.0269,7.9149,10.1914,0.269263,-0.305811,-0.20239,0.6399,0.76,0.9601,0.08
u9423,0.014,-14.0569,-1.225,11.9156,-0.386379,-0.71416,0.405555,0.6642,0.7661,0.9358,0.08
u9424,0.014,-0.77713,9.01663,-7.63293,-1.43235,-0.240305,-0.0794935,0.7847,0.7962,0.8153,0.08
u9425,0.014,-0.441917,-6.94705,-7.3622,1.50939,0.780683,0.0552686,0.8158,0.8039,0.7842,0.08
u9426,0.014,-10.8343,-2.49878,-7.57158,0.185338,-0.960919,-0.73027,0.7554,0.7889,0.8446,0.08
u9427,0.014,-5.29989,-19.8255,-4.20108,1.22753,-1.94409,0.646856,0.6191,0.7548,0.9809,0.08
u9428,0.014,11.2534,6.14891,-3.70455,-0.721622,2.16029,0.528528,0.7573,0.7893,0.8427,0.08
u9429,0.014,-3.32004,-1.62034,-4.43887,-0.78147,0.0612204,-0.292853,0.895,0.8237,0.705,0.08
u9430,0.014,18.8959,6.07079,2.03652,0.474942,0.341562,1.03993,0.6372,0.7593,0.9628,0.08
u9431,0.014,-11.6698,13.259,-3.96012,-1.53911,-2.22695,-0.332622,0.6709,0.7677,0.9291,0.08
u9432,0.014,-4.96145,-12.4597,-12.5637,0.936557,0.313458,1.54947,0.6659,0.7665,0.9341,0.08
u9433,0.014,-9.13493,-1.77409,-11.1747,-1.93421,0.402187,0.323798,0.7356,0.7839,0.8644,0.08
u9434,0.014,18.488,10.0463,-1.51907,-0.451189,1.63535,-1.18905,0.6164,0.7541,0.9836,0.08
u9435,0.014,-9.70429,0.905624,14.5515,0.532672,0.523471,-1.30639,0.6816,0.7704,0.9184,0.08
u9436,0.014,11.8814,7.76443,2.17857,-0.580457,-0.0354333,-0.884946,0.7389,0.7847,0.8611,0.08
u9437,0.014,-2.36698,7.59037,14.7638,0.17935,-0.754791,0.910471,0.6951,0.7738,0.9049,0.08
u9438,0.014,-15.3804,9.11641,-7.28064,0.0891908,-2.63428,-0.107077,0.649,0.7623,0.951,0.08
u9439,0.014,-0.532813,8.6016,9.10614,0.108305,0.329497,0.820345,0.772,0.793,0.828,0.08
u9440,0.014,-20.1223,5.29091,0.702724,-0.130671,-0.595492,-0.503765,0.6215,0.7554,0.9785,0.08
u9441,0.014,-6.06796,10.3894,8.95769,-0.111642,-0.102709,0.593719,0.7273,0.7818,0.8727,0.08
u9442,0.014,11.0354,6.91855,7.79078,-0.780469,1.34005,0.566227,0.7241,0.781,0.8759,0.08
u9443,0.014,10.9965,-12.3217,-0.991739,0.920109,2.06372,-0.147274,0.6992,0.7748,0.9008,0.08
u9444,0.014,-8.00924,-14.6738,3.64649,-0.698861,0.59688,-0.682115,0.6889,0.7722,0.9111,0.08
u9445,0.014,6.50453,8.42546,-5.73022,-1.09143,1.89695,-0.377751,0.7802,0.7951,0.8198,0.08
u9446,0.014,-1.58802,13.6998,11.1052,0.699686,0.340721,-0.213874,0.6781,0.7695,0.9219,0.08
u9447,0.014,-5.73404,4.20944,-9.29666,0.0179884,-0.201991,-1.47596,0.7872,0.7968,0.8128,0.08
u9448,0.014,-16.3679,1.05183,8.46387,0.973191,-1.43131,-0.323346,0.6644,0.7661,0.9356,0.08
u9449,0.014,4.1266,-1.57195,-2.06274,0.669431,0.1887,-0.951459,0.9114,0.8278,0.6886,0.08
u9450,0.014,-7.54733,-4.88116,2.58897,0.19358,-0.627236,0.663282,0.8299,0.8075,0.7701,0.08
u9451,0.014,-0.899583,-0.791647,-3.69665,-0.315255,-0.985742,0.253021,0.9293,0.8323,0.6707,0.08
u9452,0.014,0.555811,-1.88455,7.18025,0.69805,0.98846,1.23584,0.8647,0.8162,0.7353,0.08
u9453,0.014,16.9197,1.79769,-4.04876,0.383464,0.887127,-0.966901,0.682,0.7705,0.918,0.08
u9454,0.014,-9.04049,13.3526,9.74013,-0.682114,0.45828,0.528173,0.6575,0.7644,0.9425,0.08
u9455,0.014,9.70523,16.5139,-4.61367,-0.045026,0.863936,-0.514492,0.6418,0.7604,0.9582,0.08
u9456,0.014,-1.26352,2.27644,9.99356,-0.0296177,-0.868749,0.029039,0.8122,0.8031,0.7878,0.08
u9457,0.014,-1.95154,7.34789,11.4263,1.59442,-1.27535,1.26474,0.7505,0.7876,0.8495,0.08
u9458,0.014,3.89527,-10.9117,-11.4743,0.99389,-0.621398,-0.330519,0.7035,0.7759,0.8965,0.08
u9459,0.014,-1.39274,13.0395,-0.0760136,-0.776325,-0.594006,-1.6443,0.7616,0.7904,0.8384,0.08
u9460,0.014,8.7645,-13.8786,1.09327,0.748833,0.839554,-1.00364,0.7009,0.7752,0.8991,0.08
u9461,0.014,-10.0037,12.6932,3.99739,-0.751308,-0.293361,-0.13791,0.6973,0.7743,0.9027,0.08
u9462,0.014,-12.8434,17.0979,-2.16972,-1.22317,0.170577,-1.53276,0.6092,0.7523,0.9908,0.08
u9463,0.014,-2.04084,-19.2162,-3.34723,1.08281,0.156583,0.14157,0.6434,0.7609,0.9566,0.08
u9464,0.014,-12.3373,-9.35569,0.0668041,0.834795,-0.187736,0.334244,0.7185,0.7796,0.8815,0.08
u9465,0.014,3.22552,-10.9476,11.2889,-0.221798,-0.276705,-0.383302,0.7081,0.777,0.8919,0.08
u9466,0.014,17.1305,-8.56595,-0.243731,0.738568,0.123353,-0.803349,0.6517,0.7629,0.9483,0.08
u9467,0.014,-9.17105,-2.75087,-12.2157,-2.48766,-1.03048,0.314938,0.7178,0.7795,0.8822,0.08
u9468,0.014,-8.46653,-3.82814,10.8519,0.97311,-0.0153218,0.617967,0.7402,0.7851,0.8598,0.08
u9469,0.014,-4.77436,19.2761,1.01258,-0.216128,-0.465099,-0.588204,0.6385,0.7596,0.9615,0.08
u9470,0.014,9.69024,-10.0841,7.35165,0.217966,0.06843,-1.15383,0.7127,0.7782,0.8873,0.08
u9471,0.014,11.2873,-7.30721,-1.81829,0.405091,0.32726,0.0410936,0.7533,0.7883,0.8467,0.08
u9472,0.014,-2.96737,18.667,1.04122,0.156373,-0.634938,0.459697,0.6558,0.764,0.9442,0.08
u9473,0.014,8.44689,8.09498,3.70428,-1.36145,0.72813,0.185669,0.7769,0.7942,0.8231,0.08
u9474,0.014,6.02145,-6.30118,-7.99544,1.05445,0.801511,-0.0801511,0.785,0.7962,0.815,0.08
u9475,0.014,-4.93086,-12.2973,6.06964,1.6624,-0.599164,-0.771426,0.735,0.7838,0.865,0.08
u9476,0.014,-1.85138,0.794103,-11.6196,0.0879322,0.29635,0.005492,0.7856,0.7964,0.8144,0.08
u9477,0.014,-9.56003,17.7172,-0.672907,-0.984639,-1.57375,-1.07403,0.6338,0.7584,0.9662,0.08
u9478,0.014,7.96826,-18.732,3.32644,0.0821818,0.759085,0.343442,0.625,0.7562,0.975,0.08
u9479,0.014,-4.16889,-16.1614,-8.50029,-0.0913867,0.523081,0.878636,0.6594,0.7649,0.9406,0.08
u9480,0.014,-2.37678,-3.87404,11.2917,-0.854666,-0.918372,0.251009,0.7787,0.7947,0.8213,0.08
u9481,0.014,-12.7093,3.88258,-7.90585,0.585342,-0.267756,0.336854,0.7189,0.7797,0.8811,0.08
u9482,0.014,12.9727,0.230037,8.64077,0.683714,0.835976,-0.980666,0.7166,0.7791,0.8834,0.08
u9483,0.014,5.13545,20.5339,-4.39996,-0.351957,0.266233,-0.36244,0.6069,0.7517,0.9931,0.08
u9484,0.014,-16.0854,-5.28337,-8.02247,0.583028,-2.34159,-0.818396,0.6594,0.7648,0.9406,0.08
u9485,0.014,13.0479,-9.53839,4.22261,-0.394218,0.575297,1.39959,0.6963,0.7741,0.9037,0.08
u9486,0.014,-1.90856,17.6676,-7.78642,-1.49908,0.0124234,0.307564,0.6472,0.7618,0.9528,0.08
u9487,0.014,-17.2614,4.01461,0.320199,0.0743218,-1.90002,-0.944168,0.6777,0.7694,0.9223,0.08
u9488,0.014,19.9506,4.61903,5.83793,-1.11275,0.46214,1.85715,0.6128,0.7532,0.9872,0.08
u9489,0.014,-11.6636,-13.6773,4.91358,2.82033,1.18008,-1.88085,0.6612,0.7653,0.9388,0.08
u9490,0.014,12.4877,-1.16961,-12.5805,-0.317411,-0.587324,0.122435,0.677,0.7693,0.923,0.08
u9491,0.014,3.32976,6.95662,-9.61688,-0.827799,0.047059,0.628498,0.7759,0.794,0.8241,0.08
u9492,0.014,16.4718,-3.92676,8.36331,-1.31315,1.12809,1.13824,0.6566,0.7642,0.9434,0.08
u9493,0.014,19.1872,-5.38452,-1.19741,1.70544,2.73282,0.680731,0.637,0.7593,0.963,0.08
u9494,0.014,1.25929,1.6824,15.9487,0.134324,-0.148279,0.0276509,0.7075,0.7769,0.8925,0.08
u9495,0.014,-11.3912,10.6987,3.77031,-0.725261,-0.778122,1.52805,0.7077,0.7769,0.8923,0.08
u9496,0.014,5.30227,8.35627,4.09711,-0.0995441,-0.113972,-0.489897,0.8053,0.8013,0.7947,0.08
u9497,0.014,-1.70378,3.97707,-3.39843,-0.290577,0.137455,2.28956,0.9,0.825,0.7,0.08
u9498,0.014,4.0953,1.27078,-12.0981,-0.433523,-0.374805,0.607344,0.7666,0.7917,0.8334,0.08
u9499,0.014,-18.2554,2.81326,-7.55615,-1.3436,0.129772,0.629423,0.6372,0.7593,0.9628,0.08
u9500,0.014,-14.7773,-6.43058,7.31637,0.169918,-0.123682,-0.514256,0.6782,0.7696,0.9218,0.08
u9501,0.014,-3.41347,6.18432,12.1274,-1.81504,-0.244413,0.714507,0.7448,0.7862,0.8552,0.08
u9502,0.014,-15.0513,-0.0285511,10.3523,0.751845,-0.938821,0.24056,0.6679,0.767,0.9321,0.08
u9503,0.014,-12.2928,-8.57923,-11.1311,1.9685,-0.605172,0.295759,0.6605,0.7651,0.9395,0.08
u9504,0.014,14.7187,-10.2511,-0.430849,-1.84568,0.642141,1.33592,0.6738,0.7684,0.9262,0.08
u9505,0.014,18.2408,3.48324,-6.95053,-0.0847526,-0.655381,-1.15813,0.6395,0.7599,0.9605,0.08
u9506,0.014,1.65006,19.3364,1.92219,1.39791,-0.832678,0.215634,0.6454,0.7614,0.9546,0.08
u9507,0.014,0.00189835,-1.29502,-7.67738,-0.677017,0.16225,-1.59251,0.8584,0.8146,0.7416,0.08
u9508,0.014,8.16431,15.9952,1.57785,-0.0510015,0.96355,-0.94043,0.6722,0.7681,0.9278,0.08
u9509,0.014,2.89914,-20.268,4.90061,0.175466,0.507467,0.434794,0.6172,0.7543,0.9828,0.08
u9510,0.014,6.97156,12.5383,-3.31663,-2.422,0.380314,0.0436725,0.7323,0.7831,0.8677,0.08
u9511,0.014,9.0121,12.1392,10.1696,0.79091,0.227823,-0.0882074,0.6687,0.7672,0.9313,0.08
u9512,0.014,-7.15539,10.7627,5.37277,-0.275793,-0.710331,-0.995653,0.7455,0.7864,0.8545,0.08
u9513,0.014,0.733645,0.87616,16.4693,0.707211,0.913345,-0.551933,0.6998,0.775,0.9002,0.08
u9514,0.014,-4.59737,-5.06038,9.05664,0.390721,0.931771,-0.22609,0.7937,0.7984,0.8063,0.08
u9515,0.014,9.94147,12.1959,-10.0508,-1.86165,0.500302,-0.725835,0.6605,0.7651,0.9395,0.08
u9516,0.014,16.5217,-4.65211,5.33566,0.114877,1.38985,-0.4797,0.6732,0.7683,0.9268,0.08
u9517,0.014,10.2066,4.41065,-3.71884,1.99426,-0.315388,0.0610259,0.7868,0.7967,0.8132,0.08
u9518,0.014,-3.55943,-16.9607,-2.9769,0.419612,-0.154462,-0.618235,0.6803,0.7701,0.9197,0.08
u9519,0.014,19.6972,3.03533,4.64197,-2.07711,1.2333,1.44319,0.6279,0.757,0.9721,0.08
u9520,0.014,-0.381711,-2.31435,13.4713,0.56394,0.246589,0.542419,0.7514,0.7878,0.8486,0.08
u9521,0.014,4.09978,0.45087,14.5388,-0.995412,0.320646,1.10964,0.7252,0.7813,0.8748,0.08
u9522,0.014,0.912308,-7.09248,-5.10415,-0.385475,0.891218,0.288795,0.8403,0.8101,0.7597,0.08
u9523,0.014,13.7309,-5.35373,-2.65716,0.752568,1.08046,0.0809933,0.7277,0.7819,0.8723,0.08
u9524,0.014,11.9277,-9.21588,10.7113,-0.364864,3.02377,-0.332222,0.6638,0.7659,0.9362,0.08
u9525,0.014,-8.73725,10.5663,-0.608811,-0.9218,-1.54201,-0.474619,0.7505,0.7876,0.8495,0.08
u9526,0.014,-12.1708,-3.13871,4.8407,-0.269537,-0.90259,-0.530535,0.7551,0.7888,0.8449,0.08
u9527,0.014,1.75406,1.52862,-9.14647,-0.135185,-0.466688,-0.425851,0.8284,0.8071,0.7716,0.08
u9528,0.014,0.51,-9.80271,12.8544,0.0626515,1.04004,-1.05376,0.7059,0.7765,0.8941,0.08
u9529,0.014,-17.2578,1.92713,8.79912,0.486076,-0.471811,-0.7081,0.6461,0.7615,0.9539,0.08
u9530,0.014,2.36744,14.7964,-5.70205,0.00439809,2.80666,-0.00994798,0.7085,0.7771,0.8915,0.08
u9531,0.014,5.00652,-2.46916,-12.3172,1.40795,0.712475,-0.359664,0.7541,0.7885,0.8459,0.08
u9532,0.014,-7.99763,-2.589,1.40863,0.0508565,0.142722,-0.762369,0.845,0.8113,0.755,0.08
u9533,0.014,0.184249,-15.6791,-9.96941,-0.558456,-0.977844,-0.290955,0.6622,0.7655,0.9378,0.08
u9534,0.014,2.0374,15.2774,-0.285275,-2.0369,0.24233,-1.93103,0.7197,0.7799,0.8803,0.08
u9535,0.014,-0.711437,4.6695,10.7379,-1.84098,-1.35009,0.470148,0.7867,0.7967,0.8133,0.08
u9536,0.014,-11.7472,-5.07721,7.61733,1.41928,-0.260247,2.47488,0.7292,0.7823,0.8708,0.08
u9537,0.014,-17.1739,-6.60796,-2.37966,-0.404306,1.14428,-1.02447,0.6626,0.7657,0.9374,0.08
u9538,0.014,5.22442,-17.2589,-6.44735,0.0348135,1.91123,0.412347,0.6518,0.763,0.9482,0.08
u9539,0.014,4.38573,-16.9907,-6.88139,-0.444641,-0.970435,0.455631,0.6573,0.7643,0.9427,0.08
u9540,0.014,-0.148466,-19.7333,2.24276,1.23029,0.189608,-0.799097,0.6389,0.7597,0.9611,0.08
u9541,0.014,5.95401,-10.2507,-1.08449,0.662507,0.980013,0.156163,0.7836,0.7959,0.8164,0.08
u9542,0.014,4.11525,18.2077,1.22262,-0.878199,0.225464,-0.463654,0.6599,0.765,0.9401,0.08
u9543,0.014,-10.2325,-8.16525,11.0709,1.49137,-0.843955,0.134526,0.6883,0.7721,0.9117,0.08
u9544,0.014,-11.7207,-13.1171,4.05004,-0.0666885,-0.566826,0.0611065,0.6718,0.768,0.9282,0.08
u9545,0.014,0.840665,-1.27918,-9.59513,-0.315033,0.5862,-1.1429,0.8233,0.8058,0.7767,0.08
u9546,0.014,-8.34378,-11.6784,-12.3117,0.963743,-1.41118,0.315125,0.6562,0.764,0.9438,0.08
u9547,0.014,-6.76159,-4.11641,-11.337,-0.994757,0.583407,-0.0972906,0.7486,0.7871,0.8514,0.08
u9548,0.014,13.6373,-14.318,6.34668,1.44577,-1.3811,1.81736,0.6224,0.7556,0.9776,0.08
u9549,0.014,8.63384,-7.69042,-6.26333,0.720328,-0.297915,1.95378,0.7609,0.7902,0.8391,0.08
u9550,0.014,14.0171,-11.2077,3.51412,0.822914,-0.474645,0.560992,0.6675,0.7669,0.9325,0.08
u9551,0.014,8.04755,9.08504,3.98394,0.33224,0.929479,0.506481,0.7677,0.7919,0.8323,0.08
u9552,0.014,16.2381,-0.45408,-4.56246,-0.667908,1.10145,-0.72858,0.6932,0.7733,0.9068,0.08
u9553,0.014,-14.3726,-15.9962,-1.00706,1.0792,-0.823403,-1.67089,0.6086,0.7521,0.9914,0.08
u9554,0.014,-3.09827,-0.965568,4.61543,0.513572,1.05386,1.40951,0.8974,0.8244,0.7026,0.08
u9555,0.014,-3.39365,-4.7031,-15.7783,-1.18336,-0.220102,1.25029,0.6944,0.7736,0.9056,0.08
u9556,0.014,5.2381,7.83697,-10.4701,-1.08357,0.333074,-0.206118,0.7438,0.786,0.8562,0.08
u9557,0.014,15.3486,-11.7316,5.1608,0.868534,0.942372,-0.106467,0.6364,0.7591,0.9636,0.08
u9558,0.014,16.834,-11.5886,-1.47254,-0.344258,0.632728,-0.927816,0.6275,0.7569,0.9725,0.08
u9559,0.014,18.6644,5.7752,-7.07135,-0.377528,-1.02489,0.0767469,0.6222,0.7556,0.9778,0.08
u9560,0.014,8.44009,-5.12368,-2.89592,1.61272,-0.306282,0.66932,0.8129,0.8032,0.7871,0.08
u9561,0.014,1.1214,13.3581,-12.8971,-1.75785,0.59136,1.42573,0.6618,0.7654,0.9382,0.08
u9562,0.014,3.63411,-16.6298,0.491532,1.35506,0.640077,-0.925873,0.6904,0.7726,0.9096,0.08
u9563,0.014,10.4816,3.96289,10.1592,0.357226,0.408448,-0.738964,0.725,0.7812,0.875,0.08
u9564,0.014,11.9666,-4.94914,12.5455,0.440255,0.897659,1.21389,0.6722,0.768,0.9278,0.08
u9565,0.014,-5.50513,-11.7312,-10.7557,0.752084,-0.210421,-0.939751,0.6938,0.7735,0.9062,0.08
u9566,0.014,-9.9152,-7.3286,-7.85356,0.590419,-0.31274,1.11185,0.7342,0.7836,0.8658,0.08
u9567,0.014,-10.3443,-15.8973,7.02401,3.06147,0.0453414,-0.010368,0.6323,0.7581,0.9677,0.08
u9568,0.014,-6.07953,7.65322,2.14845,-1.26058,0.0882103,1.88129,0.818,0.8045,0.782,0.08
u9569,0.014,0.468286,-18.3831,-4.63499,-0.585667,0.678013,-0.364605,0.6552,0.7638,0.9448,0.08
u9570,0.014,6.58407,17.1452,-1.80055,-0.636632,0.480524,-0.421176,0.6645,0.7661,0.9355,0.08
u9571,0.014,-2.05608,1.62566,-5.44875,1.38921,-0.522817,-0.180079,0.8901,0.8225,0.7099,0.08
u9572,0.014,-6.08564,-13.3764,2.09557,-0.350817,-0.607461,0.303153,0.7301,0.7825,0.8699,0.08
u9573,0.014,-5.23675,4.49389,10.6437,-1.40194,-0.213541,-0.424379,0.7694,0.7923,0.8306,0.08
u9574,0.014,-7.5329,-18.8667,-2.08306,0.617694,0.30902,0.312281,0.6287,0.7572,0.9713,0.08
u9575,0.014,-1.59282,-4.48458,12.0593,-0.345981,1.03549,-1.49049,0.7643,0.7911,0.8357,0.08
u9576,0.014,1.64839,-5.08645,11.9868,-0.643503,0.29522,0.431779,0.7614,0.7903,0.8386,0.08
u9577,0.014,-14.1756,5.03358,10.7254,-0.912234,-0.00503327,0.908457,0.6641,0.766,0.9359,0.08
u9578,0.014,-17.9094,-3.57806,-8.71848,-0.349782,-0.751091,0.877131,0.632,0.758,0.968,0.08
u9579,0.014,-13.2444,13.1216,1.46368,-0.863928,-0.677233,0.964553,0.66,0.765,0.94,0.08
u9580,0.014,1.05441,-10.082,1.9262,0.478043,-0.688421,-1.41447,0.8124,0.8031,0.7876,0.08
u9581,0.014,-16.6038,4.04148,2.40471,0.0760745,-0.719082,-0.427753,0.6862,0.7716,0.9138,0.08
u9582,0.014,-11.1364,11.8648,-5.35676,-0.397287,-1.30342,-1.34213,0.6885,0.7721,0.9115,0.08
u9583,0.014,4.00663,14.3117,0.520013,-0.797824,0.274407,0.425491,0.7296,0.7824,0.8704,0.08
u9584,0.014,-5.3008,-0.761439,8.59892,0.179279,-0.450893,0.76716,0.8158,0.804,0.7842,0.08
u9585,0.014,-9.6632,-11.0158,-4.60435,1.91344,-0.882957,0.659847,0.7207,0.7802,0.8793,0.08
u9586,0.014,5.77528,17.2282,-0.00721213,-0.125705,1.87522,0.451127,0.6696,0.7674,0.9304,0.08
u9587,0.014,-10.7289,16.0027,4.94338,-0.976311,-2.02572,-1.05572,0.6384,0.7596,0.9616,0.08
u9588,0.014,9.49826,-0.378765,3.24559,-1.03784,-0.455358,0.659406,0.8174,0.8043,0.7826,0.08
u9589,0.014,12.9392,-14.6731,-2.83357,-0.384251,0.899743,-0.366127,0.6406,0.7601,0.9594,0.08
u9590,0.014,10.2563,-10.0258,7.29122,0.471425,-0.0973036,-0.419718,0.7075,0.7769,0.8925,0.08
u9591,0.014,2.40548,15.3225,-9.17068,-0.503973,0.296891,-1.55369,0.6724,0.7681,0.9276,0.08
u9592,0.014,-1.79328,-8.44596,-8.57128,-0.22991,-0.429662,-0.446671,0.7788,0.7947,0.8212,0.08
u9593,0.014,-6.81033,14.8799,7.28293,0.31202,-0.143041,0.539295,0.6743,0.7686,0.9257,0.08
u9594,0.014,-2.83224,-10.927,5.07378,0.765133,-0.0326633,0.0182411,0.775,0.7937,0.825,0.08
u9595,0.014,-7.32162,-17.8322,2.36236,0.988171,-1.66624,0.339844,0.6469,0.7617,0.9531,0.08
u9596,0.014,-2.9515,-3.78176,-1.10312,1.19654,0.146891,-0.418576,0.9105,0.8276,0.6895,0.08
u9597,0.014,10.8734,0.771252,-0.912695,0.0718205,1.58052,1.03699,0.8011,0.8003,0.7989,0.08
u9598,0.014,12.7423,14.0651,-7.7904,-1.04951,1.40573,2.04409,0.627,0.7567,0.973,0.08
u9599,0.014,-5.33853,4.74324,11.7289,-1.52868,-0.407557,-0.299857,0.7503,0.7876,0.8497,0.08
u9600,0.014,-1.42885,-16.7845,0.434498,1.49103,0.409685,1.31343,0.6936,0.7734,0.9064,0.08
u9601,0.014,-9.57736,13.7267,1.79044,-0.16948,-1.40853,-0.0766875,0.6939,0.7735,0.9061,0.08
u9602,0.014,1.91568,-5.80388,-5.25841,0.633008,2.28327,-0.57544,0.8534,0.8134,0.7466,0.08
u9603,0.014,14.1492,6.97146,-3.99149,0.514231,-0.367529,0.668337,0.7042,0.776,0.8958,0.08
u9604,0.014,19.0971,4.99359,-2.07182,-0.148939,1.94142,-0.272449,0.6391,0.7598,0.9609,0.08
u9605,0.014,-14.1976,3.03811,6.32398,-1.34465,-0.632567,-0.430877,0.7121,0.778,0.8879,0.08
u9606,0.014,-15.4952,0.848516,4.01195,0.465905,-1.36146,0.601916,0.7086,0.7771,0.8914,0.08
u9607,0.014,-20.5333,3.27013,-4.62736,-0.470184,-1.22378,-1.45535,0.6127,0.7532,0.9873,0.08
u9608,0.014,0.566641,-14.2296,-0.487592,-0.738142,1.83072,-0.129608,0.7409,0.7852,0.8591,0.08
u9609,0.014,10.7769,6.64519,10.8064,1.13084,0.404544,0.735623,0.6974,0.7743,0.9026,0.08
u9610,0.014,8.96561,16.8712,6.29661,-1.33572,0.227965,-0.881117,0.6342,0.7586,0.9658,0.08
u9611,0.014,20.0522,4.84977,-4.58759,-0.620643,0.981396,0.215921,0.6157,0.7539,0.9843,0.08
u9612,0.014,-5.80381,3.06123,3.688,-1.02409,0.795393,0.0228128,0.8631,0.8158,0.7369,0.08
u9613,0.014,-1.49299,-12.8819,-6.42945,2.44596,0.613214,-0.0903183,0.7368,0.7842,0.8632,0.08
u9614,0.014,13.5603,5.52443,2.19675,-0.914884,2.93809,0.111232,0.7308,0.7827,0.8692,0.08
u9615,0.014,10.2396,-14.8291,-1.10578,-0.414666,2.9714,-2.02885,0.6717,0.7679,0.9283,0.08
u9616,0.014,10.5445,-7.34775,11.983,0.373105,0.884067,-0.791658,0.6805,0.7701,0.9195,0.08
u9617,0.014,10.286,-5.85301,11.501,-0.865535,0.809035,-0.759271,0.7,0.775,0.9,0.08
u9618,0.014,-2.68205,-2.82203,-14.2846,0.162524,-1.00672,-0.978476,0.7308,0.7827,0.8692,0.08
u9619,0.014,14.3484,-12.1351,0.363606,1.35701,-0.0973491,-0.0221332,0.6583,0.7646,0.9417,0.08
u9620,0.014,-6.45029,-8.54715,5.32213,0.552935,-0.860712,0.498537,0.7826,0.7956,0.8174,0.08
u9621,0.014,-8.34339,-14.9149,2.56835,1.28428,-1.92012,-1.12422,0.6858,0.7714,0.9142,0.08
u9622,0.014,-1.93097,-9.27302,-7.00033,1.07615,0.173847,-0.0729097,0.7859,0.7965,0.8141,0.08
u9623,0.014,-8.88712,3.31523,4.29549,-0.640413,-0.733188,0.678006,0.8107,0.8027,0.7893,0.08
u9624,0.014,9.29105,11.431,1.18812,-0.346516,0.644176,-0.0586452,0.7313,0.7828,0.8687,0.08
u9625,0.014,4.06746,6.87829,-13.3594,-1.56994,-0.00801745,1.94127,0.717,0.7792,0.883,0.08
u9626,0.014,16.1517,1.00047,-2.06213,0.152225,1.87875,-1.20354,0.7034,0.7758,0.8966,0.08
u9627,0.014,-16.8568,3.79943,8.77928,0.102135,-0.931077,-0.225293,0.6476,0.7619,0.9524,0.08
u9628,0.014,1.65648,-4.59931,5.33563,-0.0989748,0.444626,2.59221,0.8684,0.8171,0.7316,0.08
u9629,0.014,-0.949201,0.484772,6.24802,-0.256925,-0.138924,0.116983,0.8848,0.8212,0.7152,0.08
u9630,0.014,-17.7068,11.9766,-1.91083,-0.941426,-1.34954,0.264558,0.6098,0.7524,0.9902,0.08
u9631,0.014,9.56955,-1.85498,2.42571,-0.533533,-0.67927,-0.502086,0.8174,0.8043,0.7826,0.08
u9632,0.014,-12.4414,4.61322,-4.7403,-1.17719,-0.0859082,-0.952675,0.7438,0.786,0.8562,0.08
u9633,0.014,15.7379,4.90676,-8.18566,-0.108707,0.536972,0.489728,0.6654,0.7663,0.9346,0.08
u9634,0.014,-10.2416,-11.7808,1.06601,0.064571,-0.405285,-0.49293,0.7155,0.7789,0.8845,0.08
u9635,0.014,-3.92817,0.135205,14.1641,0.0797162,-0.330625,0.633532,0.7327,0.7832,0.8673,0.08
u9636,0.014,-2.98723,6.56876,9.96427,-0.665492,0.0272115,-0.739931,0.7763,0.7941,0.8237,0.08
u9637,0.014,19.3779,-0.585013,-0.099174,0.213745,1.29517,0.310318,0.6475,0.7619,0.9525,0.08
u9638,0.014,17.4191,-2.98453,-8.43161,-0.432506,0.351933,0.0862682,0.644,0.761,0.956,0.08
u9639,0.014,8.37094,-1.3037,7.52057,-2.15151,0.398571,-1.1327,0.794,0.7985,0.806,0.08
u9640,0.014,-15.4443,11.0754,-3.14017,-0.798389,-0.492978,-1.87206,0.6498,0.7624,0.9502,0.08
u9641,0.014,6.18377,-1.99094,2.9097,-0.457848,1.61657,0.220206,0.8706,0.8176,0.7294,0.08
u9642,0.014,7.46243,12.0545,1.97474,-0.475632,0.826317,-0.642709,0.7397,0.7849,0.8603,0.08
u9643,0.014,-13.7856,15.667,4.14674,-2.82423,0.914216,-0.520882,0.6132,0.7533,0.9868,0.08
u9644,0.014,2.72377,-13.7913,6.01586,0.537494,0.419159,0.271015,0.722,0.7805,0.878,0.08
u9645,0.014,6.27969,-0.903818,3.28679,-0.271166,1.56804,0.339818,0.8701,0.8175,0.7299,0.08
u9646,0.014,-17.3016,5.92327,-2.08032,-0.852882,-0.0328791,-0.381022,0.6654,0.7663,0.9346,0.08
u9647,0.014,-2.25426,21.7146,-0.270022,-0.840946,-0.532817,0.384039,0.603,0.7508,0.997,0.08
u9648,0.014,9.75372,-5.42547,6.78156,0.430722,0.664391,-0.171158,0.7625,0.7906,0.8375,0.08
u9649,0.014,15.6394,12.4004,6.42247,-0.609318,0.396751,-1.39773,0.6188,0.7547,0.9812,0.08
u9650,0.014,-2.54581,-9.79265,-13.7227,1.62959,-1.22502,-0.85714,0.69,0.7725,0.91,0.08
u9651,0.014,1.70341,13.2985,0.64389,-0.739635,0.475127,0.145559,0.756,0.789,0.844,0.08
u9652,0.014,6.09093,-8.34771,13.2672,0.0559888,-0.861629,-0.721856,0.6942,0.7736,0.9058,0.08
u9653,0.014,-20.1438,5.67965,3.0028,0.330427,-0.919487,-0.141145,0.6156,0.7539,0.9844,0.08
u9654,0.014,16.2179,-1.05689,-3.98593,0.0324562,1.40562,0.697287,0.6957,0.7739,0.9043,0.08
u9655,0.014,19.1749,6.25122,1.91589,-0.263833,0.691128,1.74152,0.6317,0.7579,0.9683,0.08
u9656,0.014,8.47697,-6.89196,0.661718,1.51365,0.601082,0.0497998,0.801,0.8002,0.799,0.08
u9657,0.014,-5.62729,2.46034,-3.89279,-1.31139,-0.428597,1.31311,0.8678,0.8169,0.7322,0.08
u9658,0.014,-9.12422,9.0038,1.10262,0.850499,-0.527976,-0.394577,0.7661,0.7915,0.8339,0.08
u9659,0.014,-8.31999,11.2926,5.18379,0.155597,-1.59946,-1.05251,0.7281,0.782,0.8719,0.08
u9660,0.014,9.65129,0.0781628,8.27227,0.612848,0.629604,-2.00164,0.7689,0.7922,0.8311,0.08
u9661,0.014,-17.7874,-2.83726,6.07371,0.309554,-0.677114,-0.089699,0.6544,0.7636,0.9456,0.08
u9662,0.014,9.27145,10.5342,3.96824,-1.31287,-1.0805,0.649395,0.7348,0.7837,0.8652,0.08
u9663,0.014,-16.3063,-8.93238,2.42436,1.09524,-0.26102,-1.5714,0.6591,0.7648,0.9409,0.08
u9664,0.014,-8.2667,-14.7578,-3.68139,0.794156,-0.681942,0.175501,0.6852,0.7713,0.9148,0.08
u9665,0.014,-10.2821,-14.9239,7.16984,1.3092,-0.91175,-0.776272,0.6456,0.7614,0.9544,0.08
u9666,0.014,-6.2806,5.48961,3.43276,1.38157,1.56292,-1.34771,0.836,0.809,0.764,0.08
u9667,0.014,16.1679,-1.31563,-8.61719,-0.675051,0.298327,-0.194498,0.666,0.7665,0.934,0.08
u9668,0.014,-7.59376,12.9723,7.8136,-1.44932,0.691837,-0.369272,0.692,0.773,0.908,0.08
u9669,0.014,-9.16911,-5.49696,2.86862,-0.426826,-0.734722,-0.157269,0.7987,0.7997,0.8013,0.08
u9670,0.014,-7.22504,5.6893,7.9042,-0.306428,-0.317432,-1.14663,0.7795,0.7949,0.8205,0.08
u9671,0.014,19.5171,2.69632,4.60794,-0.884318,0.701267,-0.688226,0.6321,0.758,0.9679,0.08
u9672,0.014,-20.2252,-5.30052,-4.80025,-0.157983,-0.397856,0.0616957,0.61,0.7525,0.99,0.08
u9673,0.014,1.82886,11.3237,2.60747,-0.0808355,0.825072,-0.400856,0.7861,0.7965,0.8139,0.08
u9674,0.014,-13.253,-1.33813,1.61596,-0.024867,-2.24762,0.847233,0.756,0.789,0.844,0.08
u9675,0.014,-5.39844,10.6097,11.5832,-0.0482541,0.43254,-0.0411858,0.698,0.7745,0.902,0.08
u9676,0.014,-8.9847,-5.51942,3.53835,0.349069,-0.347834,-1.05369,0.7978,0.7994,0.8022,0.08
u9677,0.014,-10.1492,8.48432,-1.79309,-0.50498,-0.835464,1.02908,0.7573,0.7893,0.8427,0.08
u9678,0.014,2.53591,13.0819,-6.10402,-1.09382,0.0428247,-1.71879,0.7335,0.7834,0.8665,0.08
u9679,0.014,-4.06215,-19.9705,3.31534,1.26338,0.537437,-0.700358,0.6246,0.7561,0.9754,0.08
u9680,0.014,14.0083,-5.01311,-4.09723,-0.859867,1.18697,0.181695,0.7194,0.7799,0.8806,0.08
u9681,0.014,-5.88017,-14.9161,11.1362,0.611543,-0.212257,0.573012,0.6451,0.7613,0.9549,0.08
u9682,0.014,12.0218,-8.10549,2.51648,1.46302,0.555751,-0.615703,0.7324,0.7831,0.8676,0.08
u9683,0.014,9.15007,5.6371,10.6241,0.261647,1.59541,-0.0968018,0.7252,0.7813,0.8748,0.08
u9684,0.014,-7.24646,-5.37165,6.96262,0.717029,-0.359944,0.219646,0.7928,0.7982,0.8072,0.08
u9685,0.014,12.0448,-6.53441,-7.01675,-0.380157,-0.574496,-0.39867,0.7201,0.78,0.8799,0.08
u9686,0.014,10.8036,-10.1475,-5.62938,0.179453,0.839642,-1.75966,0.7117,0.7779,0.8883,0.08
u9687,0.014,-11.2007,-8.5916,9.04598,-0.656234,-0.841753,0.222994,0.6952,0.7738,0.9048,0.08
u9688,0.014,11.0497,7.62826,11.9985,-0.459137,1.63468,0.395643,0.6726,0.7682,0.9274,0.08
u9689,0.014,-2.02827,-7.11662,4.51203,1.11947,-0.866138,-1.71735,0.8424,0.8106,0.7576,0.08
u9690,0.014,8.59727,5.17013,-9.74479,0.184656,0.726993,0.385585,0.7457,0.7864,0.8543,0.08
u9691,0.014,16.6236,-9.04637,5.57198,-0.185632,0.340506,-0.490776,0.6413,0.7603,0.9587,0.08
u9692,0.014,1.21374,-6.9891,-0.284301,1.20192,1.6564,-0.540832,0.8709,0.8177,0.7291,0.08
u9693,0.014,0.744563,-12.0158,13.0216,1.03361,0.114122,0.542046,0.6776,0.7694,0.9224,0.08
u9694,0.014,-4.80231,17.1781,7.03465,-1.51371,-0.698951,0.354335,0.6514,0.7628,0.9486,0.08
u9695,0.014,-7.9297,-4.43812,5.84871,0.096324,-0.0335626,-0.0976793,0.8035,0.8009,0.7965,0.08
u9696,0.014,-4.10574,4.92254,12.783,0.545738,1.39761,-0.357012,0.74,0.785,0.86,0.08
u9697,0.014,16.0174,4.99807,-7.13135,-0.832587,1.57565,-0.782363,0.6685,0.7671,0.9315,0.08
u9698,0.014,10.9421,-11.2495,3.74504,0.798033,1.66985,1.49444,0.7067,0.7767,0.8933,0.08
u9699,0.014,13.381,1.64798,-1.36736,-0.37516,0.183041,-1.14481,0.7536,0.7884,0.8464,0.08
u9700,0.014,2.60639,-2.14839,0.406092,0.176957,0.133969,1.55082,0.9381,0.8345,0.6619,0.08
u9701,0.014,12.511,-11.4116,10.3231,0.0511229,1.77517,1.05608,0.6394,0.7599,0.9606,0.08
u9702,0.014,-0.642973,2.86184,-6.32805,-1.01964,0.704367,0.922721,0.8732,0.8183,0.7268,0.08
u9703,0.014,3.76561,-8.7108,-13.242,0.651415,0.279269,-0.475786,0.7038,0.7759,0.8962,0.08
u9704,0.014,14.0552,5.22449,1.74826,-1.92279,-0.211517,0.675747,0.7255,0.7814,0.8745,0.08
u9705,0.014,7.20838,8.25482,-7.95973,-0.9552,1.5888,1.04016,0.7537,0.7884,0.8463,0.08
u9706,0.014,-14.4173,5.73342,5.47038,-0.344514,1.50665,-0.533557,0.7009,0.7752,0.8991,0.08
u9707,0.014,-1.66435,-6.37677,4.93809,-0.35761,0.102927,-0.191618,0.8503,0.8126,0.7497,0.08
u9708,0.014,1.53889,3.40493,-1.09884,-0.28941,0.180018,-0.696712,0.9292,0.8323,0.6708,0.08
u9709,0.014,1.02824,11.9928,3.96622,-0.703932,-0.804844,1.1115,0.7696,0.7924,0.8304,0.08
u9710,0.014,4.77368,-11.7111,-5.05103,0.228341,0.556458,-0.100555,0.7524,0.7881,0.8476,0.08
u9711,0.014,6.27528,-12.6378,8.23091,0.808865,-0.204895,0.188423,0.703,0.7757,0.897,0.08
u9712,0.014,16.2019,-7.90247,9.4231,-0.692599,1.25506,0.5395,0.6302,0.7575,0.9698,0.08
u9713,0.014,-0.679795,9.15986,-4.29964,1.21652,-0.957526,0.738724,0.8156,0.8039,0.7844,0.08
u9714,0.014,11.5362,10.2101,9.11128,0.189342,1.32852,-0.587059,0.6746,0.7686,0.9254,0.08
u9715,0.014,-0.411261,-17.1601,-7.70614,1.71572,-0.329793,1.09768,0.6579,0.7645,0.9421,0.08
u9716,0.014,1.33737,-9.56947,-12.4969,-0.576033,-1.17057,0.585251,0.7128,0.7782,0.8872,0.08
u9717,0.014,-12.1083,6.11313,-7.96794,0.259157,-0.20981,0.600026,0.714,0.7785,0.886,0.08
u9718,0.014,-9.99382,11.7671,11.1703,-0.0212194,-0.327339,0.115501,0.6535,0.7634,0.9465,0.08
u9719,0.014,4.05698,-19.7604,-4.6159,-0.00289476,0.865478,-0.53749,0.6237,0.7559,0.9763,0.08
u9720,0.014,-2.46539,20.4984,2.27578,-1.36003,-0.472595,-1.09113,0.6223,0.7556,0.9777,0.08
u9721,0.014,7.19331,4.05005,-3.841,-1.51209,1.03883,-0.682379,0.8345,0.8086,0.7655,0.08
u9722,0.014,-2.04007,-16.7009,-0.855128,-0.233843,0.202761,-0.748195,0.6937,0.7734,0.9063,0.08
u9723,0.014,7.71964,-1.17348,9.50331,-1.30839,0.963399,0.435852,0.7764,0.7941,0.8236,0.08
u9724,0.014,-13.8712,4.70932,-6.75478,-0.530149,0.290218,-0.643626,0.7067,0.7767,0.8933,0.08
u9725,0.014,1.12474,-0.643692,-13.4089,-0.450203,0.0795693,-0.277846,0.7551,0.7888,0.8449,0.08
u9726,0.014,-5.72156,5.80196,-8.03931,0.314912,-1.39955,2.02767,0.7919,0.798,0.8081,0.08
u9727,0.014,-7.54536,-9.38993,-12.501,0.257045,0.0304531,-0.586327,0.6844,0.7711,0.9156,0.08
u9728,0.014,9.20796,-1.59127,-12.1071,0.571939,0.745761,0.232683,0.7219,0.7805,0.8781,0.08
u9729,0.014,5.05534,10.155,2.75118,-0.640972,1.86869,-0.064872,0.7878,0.7969,0.8122,0.08
u9730,0.014,-2.02965,11.3973,9.02479,0.493497,0.518241,-1.24175,0.7331,0.7833,0.8669,0.08
u9731,0.014,-14.2241,-3.71138,-5.84222,0.524712,-1.08091,0.204175,0.7124,0.7781,0.8876,0.08
u9732,0.014,11.8571,8.56276,-4.75698,-1.01982,0.978378,-0.41103,0.7204,0.7801,0.8796,0.08
u9733,0.014,2.90252,17.9397,0.592465,-2.6832,1.01728,-1.49942,0.6694,0.7674,0.9306,0.08
u9734,0.014,16.5903,-6.60357,-4.31485,0.349845,1.66055,0.267073,0.666,0.7665,0.934,0.08
u9735,0.014,-4.91514,-18.4311,5.63422,1.75381,-0.789933,-0.0419374,0.6384,0.7596,0.9616,0.08
u9736,0.014,6.51127,2.38778,7.4772,1.22729,-0.275294,-0.826346,0.8146,0.8036,0.7854,0.08
u9737,0.014,18.0408,1.70076,3.93912,-1.27582,2.67481,-0.526254,0.6628,0.7657,0.9372,0.08
u9738,0.014,1.41405,12.4662,-10.9084,-1.51429,2.22379,-1.36664,0.6977,0.7744,0.9023,0.08
u9739,0.014,0.123644,-20.8557,-4.02462,0.889379,-0.940325,-0.0821981,0.6138,0.7535,0.9862,0.08
u9740,0.014,-4.95033,-6.72254,-15.0389,0.911259,0.552131,-1.12898,0.6873,0.7718,0.9127,0.08
u9741,0.014,-0.927114,11.7825,5.11058,-1.56652,1.26184,0.0239189,0.7659,0.7915,0.8341,0.08
u9742,0.014,3.92544,-3.41327,1.98355,-0.366096,-0.548826,0.0735736,0.8988,0.8247,0.7012,0.08
u9743,0.014,-12.6142,7.21202,2.79074,-0.0198545,0.50063,0.523342,0.731,0.7827,0.869,0.08
u9744,0.014,1.31061,-4.33062,-11.0519,-1.31409,-0.0876536,0.759963,0.7829,0.7957,0.8171,0.08
u9745,0.014,8.06006,-14.9344,5.30606,-0.190272,0.238198,-0.148789,0.6767,0.7692,0.9233,0.08
u9746,0.014,-4.8912,14.408,-3.45916,-1.95046,0.348849,-1.56412,0.7163,0.7791,0.8837,0.08
u9747,0.014,20.7854,-0.935703,-1.40072,0.421712,1.73194,-0.101932,0.6208,0.7552,0.9792,0.08
u9748,0.014,7.65366,-13.5613,-0.962303,0.585242,0.481605,0.599507,0.7163,0.7791,0.8837,0.08
u9749,0.014,-3.84561,-7.29865,8.47776,0.893419,-1.3851,-0.193689,0.7849,0.7962,0.8151,0.08
u9750,0.014,-6.17716,-19.0383,-5.22087,0.501422,-1.0231,1.06043,0.6239,0.756,0.9761,0.08
u9751,0.014,-2.74912,2.32945,-14.3315,0.186731,0.162616,1.25926,0.7313,0.7828,0.8687,0.08
u9752,0.014,12.138,8.76953,7.3092,-0.397773,0.360931,-0.271628,0.697,0.7743,0.903,0.08
u9753,0.014,6.67506,-15.1321,-9.86471,0.0841038,-0.905391,0.929889,0.6499,0.7625,0.9501,0.08
u9754,0.014,4.60249,18.5637,6.13236,-1.25468,1.24097,0.285535,0.6348,0.7587,0.9652,0.08
u9755,0.014,11.3885,-16.1795,-5.7354,-0.135971,-0.0192769,0.687222,0.6255,0.7564,0.9745,0.08
u9756,0.014,-4.44329,-2.67546,6.77689,-1.24943,-1.02742,1.10164,0.8448,0.8112,0.7552,0.08
u9757,0.014,6.91936,-3.0644,-10.797,-0.481477,-0.501315,-0.276535,0.7603,0.7901,0.8397,0.08
u9758,0.014,7.13759,-2.71125,7.35709,-0.308645,0.0501778,-0.622554,0.8072,0.8018,0.7928,0.08
u9759,0.014,-6.27888,8.50557,11.0371,-0.590864,-0.805358,-1.04045,0.7221,0.7805,0.8779,0.08
u9760,0.014,-7.68195,9.52078,3.16826,-1.34887,0.920761,0.970251,0.7702,0.7926,0.8298,0.08
u9761,0.014,-10.3862,16.2929,-6.40473,-0.381117,-0.863338,0.0676298,0.6299,0.7575,0.9701,0.08
u9762,0.014,12.3842,6.63103,-9.22303,-2.43169,0.625254,-0.308306,0.6945,0.7736,0.9055,0.08
u9763,0.014,6.09325,8.56,9.17304,-0.971326,-2.82615,-0.47674,0.7464,0.7866,0.8536,0.08
u9764,0.014,0.837169,-7.96073,-9.76713,0.475078,-0.701922,0.131538,0.7704,0.7926,0.8296,0.08
u9765,0.014,-11.7021,1.28055,10.5059,-0.787382,0.0493304,-0.231981,0.7131,0.7783,0.8869,0.08
u9766,0.014,-17.5599,-5.97541,-2.52617,-0.144226,-0.717977,0.463696,0.6596,0.7649,0.9404,0.08
u9767,0.014,1.87317,2.77861,6.82664,-0.21654,0.189774,0.152861,0.8617,0.8154,0.7383,0.08
u9768,0.014,-8.02209,0.484551,-4.54043,1.4848,1.477,-0.118858,0.8322,0.808,0.7678,0.08
u9769,0.014,-8.5859,1.50341,-3.07221,0.425674,0.845296,-0.0587974,0.832,0.808,0.768,0.08
u9770,0.014,-15.0323,1.85135,9.26739,0.954251,0.293119,0.487615,0.6772,0.7693,0.9228,0.08
u9771,0.014,11.4365,6.30653,1.33457,-0.709324,1.30431,-0.550263,0.7613,0.7903,0.8387,0.08
u9772,0.014,3.97581,12.9008,2.13682,-2.18868,0.80943,-0.0910008,0.7515,0.7879,0.8485,0.08
u9773,0.014,9.78617,17.8818,2.95161,-0.658315,-1.16456,-1.37965,0.6255,0.7564,0.9745,0.08
u9774,0.014,5.14962,0.785635,15.4027,0.173959,-0.320074,1.99032,0.7044,0.7761,0.8956,0.08
u9775,0.014,1.70547,7.79027,-0.569167,0.074854,0.588908,0.511137,0.8546,0.8137,0.7454,0.08
u9776,0.014,4.96926,-2.89803,1.08365,0.286373,0.123786,-0.817701,0.8936,0.8234,0.7064,0.08
u9777,0.014,3.72549,1.05398,-1.90186,-0.601569,1.02706,-0.213294,0.9216,0.8304,0.6784,0.08
u9778,0.014,-16.0257,-2.3696,6.2141,1.40388,0.534098,0.177986,0.6845,0.7711,0.9155,0.08
u9779,0.014,-14.1918,-1.23329,-8.71929,-0.447557,-1.19114,-0.38547,0.6963,0.7741,0.9037,0.08
u9780,0.014,-9.2571,-14.666,7.58069,2.40516,0.18777,0.651964,0.6559,0.764,0.9441,0.08
u9781,0.014,15.4383,-6.55115,0.202552,1.33281,2.23401,0.185811,0.6951,0.7738,0.9049,0.08
u9782,0.014,-8.08046,-7.14541,-7.69059,-0.181866,-1.38017,-0.0542334,0.7591,0.7898,0.8409,0.08
u9783,0.014,-1.1333,0.791482,-1.39628,0.493167,0.71848,0.866099,0.9643,0.8411,0.6357,0.08
u9784,0.014,-12.5145,4.83334,-2.48361,-0.390234,-0.585391,0.961815,0.7519,0.788,0.8481,0.08
u9785,0.014,-4.40346,8.00195,-5.46952,-0.438647,-1.38388,1.56627,0.8064,0.8016,0.7936,0.08
u9786,0.014,0.647059,-16.0431,-5.83026,1.28736,-1.50192,0.286847,0.6894,0.7724,0.9106,0.08
u9787,0.014,4.57801,10.1231,0.143277,-0.594622,0.252813,1.2501,0.798,0.7995,0.802,0.08
u9788,0.014,6.83245,-9.35017,13.8735,1.20072,-0.807655,-0.655605,0.6714,0.7679,0.9286,0.08
u9789,0.014,3.77774,13.4174,-4.78716,-0.81578,0.11829,-2.11344,0.732,0.783,0.868,0.08
u9790,0.014,-13.0982,-13.8643,-5.87607,0.575604,0.680311,0.498847,0.6371,0.7593,0.9629,0.08
u9791,0.014,-3.64633,-8.50232,11.8917,2.41236,-0.0703123,0.498335,0.7261,0.7815,0.8739,0.08
u9792,0.014,-12.2414,-0.594833,-1.65069,0.0445656,0.0213569,0.289485,0.7752,0.7938,0.8248,0.08
u9793,0.014,8.4284,-11.8671,-7.40707,0.186884,1.24771,-0.207336,0.7031,0.7758,0.8969,0.08
u9794,0.014,-0.565472,-13.5855,7.32809,0.0446884,0.188346,0.00431539,0.7192,0.7798,0.8808,0.08
u9795,0.014,-6.01619,-3.71665,-2.35203,-0.815975,0.35304,-1.35474,0.8645,0.8161,0.7355,0.08
u9796,0.014,16.3571,2.63772,10.6294,-0.416264,1.34935,0.470641,0.6421,0.7605,0.9579,0.08
u9797,0.014,12.4011,8.16123,-0.442002,0.203859,2.37054,-1.21915,0.73,0.7825,0.87,0.08
u9798,0.014,13.7885,-8.68555,-11.0352,0.934465,1.04749,-1.51573,0.6422,0.7605,0.9578,0.08
u9799,0.014,0.0500188,12.907,7.61164,-0.756272,-0.149058,0.182582,0.7276,0.7819,0.8724,0.08
u9800,0.014,16.4812,-0.770559,6.65319,-0.479485,0.223906,-0.0687464,0.6765,0.7691,0.9235,0.08
u9801,0.014,-2.02878,-9.0146,-4.90662,0.735902,-1.23893,-0.20197,0.8098,0.8024,0.7902,0.08
u9802,0.014,12.8524,14.3804,-4.23771,-0.6208,1.34716,-0.539082,0.641,0.7602,0.959,0.08
u9803,0.014,-18.2838,-7.67605,0.205303,0.566157,-1.52965,0.649468,0.6394,0.7599,0.9606,0.08
u9804,0.014,-3.30819,13.112,11.4692,0.607738,-0.553742,0.799876,0.6776,0.7694,0.9224,0.08
u9805,0.014,-2.64849,1.4214,-0.147971,0.980118,1.25867,0.288639,0.9453,0.8363,0.6547,0.08
u9806,0.014,-0.378696,-11.9166,8.06701,0.712205,0.855843,-1.24104,0.7383,0.7846,0.8617,0.08
u9807,0.014,-1.91915,17.2992,-0.17635,-0.296215,-1.56139,-0.192854,0.6835,0.7709,0.9165,0.08
u9808,0.014,15.1594,12.0731,1.81562,0.67011,1.54584,-0.56252,0.6461,0.7615,0.9539,0.08
u9809,0.014,3.1378,-2.60143,0.800386,0.0412409,0.261052,0.194217,0.9245,0.8311,0.6755,0.08
u9810,0.014,-18.2224,-0.775294,1.98149,-1.41496,-0.855333,-0.678939,0.6664,0.7666,0.9336,0.08
u9811,0.014,13.7185,-10.4494,3.95794,-0.204205,0.645221,-0.415577,0.6783,0.7696,0.9217,0.08
u9812,0.014,-6.04436,5.5989,4.52863,-0.0189151,-0.64887,0.229123,0.8291,0.8073,0.7709,0.08
u9813,0.014,9.66693,-10.5231,-12.1947,-0.0482075,-0.166499,-0.0598936,0.6584,0.7646,0.9416,0.08
u9814,0.014,5.43776,-18.627,-7.35751,1.34164,0.739077,0.334711,0.6227,0.7557,0.9773,0.08
u9815,0.014,12.4855,-7.70922,-4.25202,0.200138,-0.529253,0.633833,0.7222,0.7806,0.8778,0.08
u9816,0.014,-8.00696,12.5915,11.5485,1.45613,0.121244,-0.573319,0.6569,0.7642,0.9431,0.08
u9817,0.014,7.39413,-18.686,3.03345,0.238501,0.346002,0.449102,0.6305,0.7576,0.9695,0.08
u9818,0.014,8.53272,4.4356,-12.9351,-0.234771,0.104811,-0.963951,0.7069,0.7767,0.8931,0.08
u9819,0.014,1.05801,0.12326,-7.46833,-0.542412,0.844177,-1.23072,0.8628,0.8157,0.7372,0.08
u9820,0.014,-4.05612,-4.47905,-2.41768,0.839234,-0.754187,0.25677,0.8817,0.8204,0.7183,0.08
u9821,0.014,-0.17843,5.79175,11.469,-1.31572,0.452724,0.776519,0.7664,0.7916,0.8336,0.08
u9822,0.014,-6.31247,-13.9416,7.6702,1.59666,0.22032,-0.674021,0.6888,0.7722,0.9112,0.08
u9823,0.014,7.93983,-4.54346,13.11,0.06742,-0.918382,-0.683384,0.7093,0.7773,0.8907,0.08
u9824,0.014,3.63005,3.29604,7.52127,0.0296727,-0.623731,0.389477,0.8368,0.8092,0.7632,0.08
u9825,0.014,6.76279,-13.1041,-8.26241,-2.19924,1.32854,0.359675,0.6927,0.7732,0.9073,0.08
u9826,0.014,-1.77336,18.0225,8.65266,0.144272,0.468172,-0.935024,0.6351,0.7588,0.9649,0.08
u9827,0.014,15.3314,-1.41856,-2.33882,0.0251447,1.371,0.353273,0.7168,0.7792,0.8832,0.08
u9828,0.014,-10.7352,-8.29707,4.29198,0.793601,-1.78744,-0.808413,0.7413,0.7853,0.8587,0.08
u9829,0.014,-4.40109,-16.6657,-0.892582,1.83606,-1.21205,1.14332,0.6862,0.7715,0.9138,0.08
u9830,0.014,5.54267,10.1644,11.8138,1.01857,0.0645293,-0.8076,0.6993,0.7748,0.9007,0.08
u9831,0.014,-3.5384,8.50166,-10.0263,0.125543,-0.364026,0.207373,0.7525,0.7881,0.8475,0.08
u9832,0.014,-2.90641,20.51,-1.62689,-1.48509,-1.05223,-0.122283,0.6222,0.7556,0.9778,0.08
u9833,0.014,-14.5777,12.9225,-4.94109,-0.224789,-0.578969,0.97797,0.6346,0.7586,0.9654,0.08
u9834,0.014,-3.41328,9.99586,4.53498,-2.261,-0.750554,0.753421,0.791,0.7978,0.809,0.08
u9835,0.014,-1.80229,13.0764,5.16268,-0.0841091,-1.16228,1.39526,0.7423,0.7856,0.8577,0.08
u9836,0.014,-13.4402,-10.5403,9.3817,0.278973,-0.182622,1.60974,0.6457,0.7614,0.9543,0.08
u9837,0.014,4.23776,17.1196,3.28326,-2.20089,-0.799614,-1.05774,0.6738,0.7685,0.9262,0.08
u9838,0.014,-5.75477,13.4379,10.1075,-0.803218,-0.511217,0.121004,0.6769,0.7692,0.9231,0.08
u9839,0.014,-0.950862,-2.28908,-8.74354,-0.729831,0.665871,-0.433811,0.8348,0.8087,0.7652,0.08
u9840,0.014,0.0666697,-17.1161,-5.49548,-0.551964,0.877258,-0.0268998,0.6731,0.7683,0.9269,0.08
u9841,0.014,17.2017,-0.0808433,6.22602,-0.0457284,1.73929,-0.556002,0.6674,0.7668,0.9326,0.08
u9842,0.014,3.11721,3.51024,6.78136,0.0167554,1.54509,-0.317935,0.85,0.8125,0.75,0.08
u9843,0.014,1.52803,-2.73488,-1.41628,1.03376,0.295509,0.712241,0.9375,0.8344,0.6625,0.08
u9844,0.014,9.2572,-15.4046,-5.52996,1.44836,1.50995,1.24703,0.6581,0.7645,0.9419,0.08
u9845,0.014,-4.23784,-15.6462,-7.89379,1.42706,-0.0231772,-0.651527,0.6722,0.768,0.9278,0.08
u9846,0.014,5.67399,-5.08686,-13.2407,-0.136761,-0.19619,0.209681,0.7222,0.7806,0.8778,0.08
u9847,0.014,12.0867,5.2377,9.28086,-0.362588,1.30369,-0.815442,0.707,0.7768,0.893,0.08
u9848,0.014,-8.12626,-11.2637,5.98868,0.85159,-0.241042,-0.726478,0.725,0.7812,0.875,0.08
u9849,0.014,3.81992,-10.9134,7.88868,-0.634842,-0.494845,-0.408364,0.7455,0.7864,0.8545,0.08
u9850,0.014,-13.5267,-3.36878,3.50683,0.267764,0.513307,-0.558511,0.7387,0.7847,0.8613,0.08
u9851,0.014,-11.0984,1.67064,1.52024,0.0967917,-0.622891,-0.16356,0.7941,0.7985,0.8059,0.08
u9852,0.014,-7.48586,11.1234,-12.7279,-0.427948,1.02194,0.43563,0.6639,0.766,0.9361,0.08
u9853,0.014,0.845614,-8.61154,-10.4014,0.757878,-0.184184,0.155187,0.754,0.7885,0.846,0.08
u9854,0.014,-4.80055,-10.5345,-11.0106,2.2447,0.574707,0.331909,0.7095,0.7774,0.8905,0.08
u9855,0.014,3.84254,-18.3507,4.60441,-1.11192,2.02871,-0.336747,0.649,0.7622,0.951,0.08
u9856,0.014,8.97626,8.8721,-10.5245,-0.268316,-0.417386,0.189885,0.7012,0.7753,0.8988,0.08
u9857,0.014,11.6763,-12.3952,-9.81669,1.16739,0.045444,1.19839,0.6426,0.7607,0.9574,0.08
u9858,0.014,-10.545,4.5291,6.90163,-0.275781,-1.71221,-0.0903166,0.7565,0.7891,0.8435,0.08
u9859,0.014,-11.4273,6.291,5.49928,0.352986,-0.773769,1.05938,0.7426,0.7857,0.8574,0.08
u9860,0.014,-11.7915,-13.3236,-4.97852,0.355487,-1.13146,-0.738937,0.6641,0.766,0.9359,0.08
u9861,0.014,5.78909,-7.97706,6.1819,-0.974076,-0.665874,0.0973124,0.7885,0.7971,0.8115,0.08
u9862,0.014,16.3614,-7.38115,-5.77033,0.0245389,0.330141,-0.639291,0.6572,0.7643,0.9428,0.08
u9863,0.014,8.59708,7.50057,-5.31763,-0.0462366,0.135703,1.81052,0.7711,0.7928,0.8289,0.08
u9864,0.014,3.9334,-14.3991,1.66348,1.01961,1.45875,0.103185,0.7269,0.7817,0.8731,0.08
u9865,0.014,-8.88833,-15.1084,9.63663,0.805069,-0.947118,-1.13311,0.6363,0.7591,0.9637,0.08
u9866,0.014,5.63219,13.3135,1.00353,-0.243728,-0.578773,-0.326866,0.7365,0.7841,0.8635,0.08
u9867,0.014,13.5683,5.0917,-3.34729,0.166128,1.0048,0.683825,0.7296,0.7824,0.8704,0.08
u9868,0.014,7.65124,-11.1345,12.2136,1.53182,-0.334122,0.756609,0.6689,0.7672,0.9311,0.08
u9869,0.014,4.63742,11.6831,0.0376379,-0.90888,1.08833,-1.20056,0.7715,0.7929,0.8285,0.08
u9870,0.014,-12.0481,3.60365,0.00969839,-0.118894,-0.84965,-1.76012,0.7714,0.7928,0.8286,0.08
u9871,0.014,-10.108,-0.83291,9.98021,0.479991,-0.793684,0.363601,0.7413,0.7853,0.8587,0.08
u9872,0.014,-2.1607,-14.44,-11.509,0.730039,0.146481,-0.491757,0.662,0.7655,0.938,0.08
u9873,0.014,0.964699,0.561972,12.1024,-0.506919,0.507817,-0.401126,0.779,0.7948,0.821,0.08
u9874,0.014,2.8254,-1.26682,0.244669,-0.306626,0.00490643,-0.855798,0.9435,0.8359,0.6565,0.08
u9875,0.014,17.1224,10.7533,2.59012,-0.880324,1.46292,-0.572708,0.6294,0.7573,0.9706,0.08
u9876,0.014,9.93263,0.352976,9.95187,-0.494391,0.65679,1.6564,0.7443,0.7861,0.8557,0.08
u9877,0.014,-10.4745,-12.502,11.0648,0.280892,-0.390117,-0.458806,0.6417,0.7604,0.9583,0.08
u9878,0.014,1.00878,16.3751,6.86626,-0.495279,-0.55734,-0.313148,0.6766,0.7692,0.9234,0.08
u9879,0.014,-4.32129,4.12097,-0.390843,-1.52192,0.888592,-0.702022,0.8912,0.8228,0.7088,0.08
u9880,0.014,-6.49367,9.70068,11.5607,-0.380628,0.0629086,0.877443,0.7013,0.7753,0.8987,0.08
u9881,0.014,-15.6247,-9.78464,-0.246405,-0.125459,0.318366,-0.234452,0.6648,0.7662,0.9352,0.08
u9882,0.014,10.5417,-2.29053,-3.74044,0.50962,0.659605,-0.669764,0.7924,0.7981,0.8076,0.08
u9883,0.014,14.0023,4.07613,-12.1427,-0.862023,0.402263,-0.135886,0.655,0.7637,0.945,0.08
u9884,0.014,-12.913,5.10323,11.8562,1.04181,0.614704,0.609807,0.668,0.767,0.932,0.08
u9885,0.014,13.73,10.7877,7.67931,-2.13363,0.998479,-0.507125,0.6532,0.7633,0.9468,0.08
u9886,0.014,7.97534,-11.2387,-12.0219,1.07924,2.02967,-0.666515,0.6675,0.7669,0.9325,0.08
u9887,0.014,-6.87509,14.3697,9.11545,-0.714585,-0.466192,0.542434,0.6663,0.7666,0.9337,0.08
u9888,0.014,15.3476,-6.54805,3.02538,-0.155659,1.53498,0.598647,0.6917,0.7729,0.9083,0.08
u9889,0.014,-14.6306,-5.7042,-5.15995,0.55293,-0.292406,-0.463308,0.6995,0.7749,0.9005,0.08
u9890,0.014,6.06527,-9.38834,-4.31164,-0.105125,-0.238344,-0.967616,0.7822,0.7955,0.8178,0.08
u9891,0.014,12.4768,-9.36606,9.81917,0.813511,1.61126,-0.372056,0.6648,0.7662,0.9352,0.08
u9892,0.014,-10.1794,-11.313,1.17516,-0.96638,-0.92644,-0.597998,0.7225,0.7806,0.8775,0.08
u9893,0.014,-6.39801,-12.5512,3.91246,2.06414,-0.526692,1.34802,0.7342,0.7835,0.8658,0.08
u9894,0.014,-20.3252,-1.04521,-0.582961,0.00317439,0.899927,-1.76425,0.6298,0.7575,0.9702,0.08
u9895,0.014,4.89656,-11.1617,-10.3037,-0.0132754,0.475464,-0.137587,0.7098,0.7775,0.8902,0.08
u9896,0.014,16.1894,-4.40558,-4.9666,0.262098,2.30342,-1.99097,0.6819,0.7705,0.9181,0.08
u9897,0.014,-0.0191855,-7.8033,-3.14228,0.443483,0.208984,1.15209,0.8471,0.8118,0.7529,0.08
u9898,0.014,-11.6851,8.55626,-1.10193,-0.996944,-1.78516,-0.0823187,0.7359,0.784,0.8641,0.08
u9899,0.014,-12.0842,-5.59354,1.59009,0.361089,-0.0232992,0.0336582,0.7562,0.789,0.8438,0.08
u9900,0.014,2.64508,-8.69343,8.02356,-0.527445,-0.335263,0.652011,0.7796,0.7949,0.8204,0.08
u9901,0.014,14.9352,1.67065,0.79973,0.510048,0.0524056,0.157376,0.7264,0.7816,0.8736,0.08
u9902,0.014,11.4128,-2.06747,1.14751,0.592331,-0.588933,-1.28141,0.7881,0.797,0.8119,0.08
u9903,0.014,3.98249,-5.51195,4.43882,0.0814635,-2.47229,0.162989,0.8524,0.8131,0.7476,0.08
u9904,0.014,17.6476,-1.53021,9.64791,-0.204442,1.55653,2.17742,0.6333,0.7583,0.9667,0.08
u9905,0.014,-7.76604,-16.4839,-5.6311,0.145583,-0.942359,-1.24366,0.6532,0.7633,0.9468,0.08
u9906,0.014,6.18767,-2.21879,14.596,0.890177,1.89303,0.622684,0.7089,0.7772,0.8911,0.08
u9907,0.014,0.153321,3.47323,13.3635,-1.22063,-0.289219,0.671783,0.7489,0.7872,0.8511,0.08
u9908,0.014,-11.0317,-17.1385,4.10173,0.264725,-2.02928,1.62988,0.622,0.7555,0.978,0.08
u9909,0.014,-5.7462,18.7408,-3.95054,0.0738368,0.456003,0.0412223,0.6364,0.7591,0.9636,0.08
u9910,0.014,-1.56598,-12.7955,5.22898,-0.998876,0.708573,-0.243251,0.7471,0.7868,0.8529,0.08
u9911,0.014,-2.4151,0.182334,13.8143,-0.0138516,-0.422968,-0.755767,0.745,0.7862,0.855,0.08
u9912,0.014,1.15253,-0.0946908,-11.7693,0.674075,0.891219,0.370096,0.785,0.7962,0.815,0.08
u9913,0.014,8.5365,6.10888,3.33323,0.00820934,0.373242,0.234824,0.7998,0.7999,0.8002,0.08
u9914,0.014,-12.0188,-7.21501,-8.47072,-0.187948,-0.3234,0.857364,0.7022,0.7756,0.8978,0.08
u9915,0.014,-7.38742,-6.86627,-3.00452,-0.159116,0.499075,-0.701261,0.8087,0.8022,0.7913,0.08
u9916,0.014,-12.0918,-2.09063,8.46589,1.52179,-1.8524,-0.0374935,0.7289,0.7822,0.8711,0.08
u9917,0.014,11.8658,-13.465,9.47751,3.2998,1.11668,1.27028,0.631,0.7577,0.969,0.08
u9918,0.014,7.65876,5.5874,-4.32889,-0.557193,-0.195115,0.90623,0.8105,0.8026,0.7895,0.08
u9919,0.014,1.10119,-9.59812,9.79237,0.36795,-0.53545,1.14632,0.7499,0.7875,0.8501,0.08
u9920,0.014,-12.893,5.62675,-0.185657,0.119276,0.345087,1.24177,0.7442,0.7861,0.8558,0.08
u9921,0.014,4.9249,-1.72931,9.65252,-0.697279,0.817545,-0.741048,0.8005,0.8001,0.7995,0.08
u9922,0.014,-4.44743,9.26749,-10.7844,-0.353721,-0.27448,-0.369888,0.7291,0.7823,0.8709,0.08
u9923,0.014,0.30269,-16.9086,-8.25067,0.199561,0.432366,-0.946725,0.6579,0.7645,0.9421,0.08
u9924,0.014,4.75568,-8.30537,8.32661,1.63135,-0.655741,-1.38609,0.7694,0.7923,0.8306,0.08
u9925,0.014,-16.4396,-0.499877,6.66049,0.534833,-0.210024,1.15359,0.6774,0.7693,0.9226,0.08
u9926,0.014,6.74875,12.1767,6.14586,-0.29188,0.786864,0.0402532,0.7233,0.7808,0.8767,0.08
u9927,0.014,-17.3982,-5.20248,-0.551952,-0.280979,0.491675,-0.0849729,0.6697,0.7674,0.9303,0.08
u9928,0.014,11.2511,-4.27978,2.64779,0.264479,0.0799246,0.109802,0.7759,0.794,0.8241,0.08
u9929,0.014,-10.1771,12.1941,-6.96994,-0.580954,-0.00696231,0.351563,0.6846,0.7712,0.9154,0.08
u9930,0.014,2.81857,15.4537,10.3216,-1.22237,-1.06058,-0.157401,0.6583,0.7646,0.9417,0.08
u9931,0.014,-0.854966,4.81876,13.7733,0.308563,-0.875257,-1.35173,0.7342,0.7836,0.8658,0.08
u9932,0.014,-14.6674,9.60891,5.02143,-1.31009,-0.200616,0.520906,0.6684,0.7671,0.9316,0.08
u9933,0.014,-5.2141,10.0618,9.37064,-0.536079,-0.83329,1.11216,0.7326,0.7832,0.8674,0.08
u9934,0.014,-11.2056,-2.26567,-8.93807,0.21804,-1.50286,-0.447246,0.7362,0.784,0.8638,0.08
u9935,0.014,7.87381,-3.51733,11.5943,0.65216,0.721557,0.329638,0.7373,0.7843,0.8627,0.08
u9936,0.014,-15.2842,5.6675,-5.67254,0.0729598,-2.30975,0.475586,0.6862,0.7715,0.9138,0.08
u9937,0.014,2.52578,4.37397,14.2894,0.976571,0.923996,0.612082,0.7244,0.7811,0.8756,0.08
u9938,0.014,-0.112635,12.4665,-6.93641,-0.375152,0.710508,-0.775897,0.7406,0.7852,0.8594,0.08
u9939,0.014,0.517827,-5.23074,1.11315,0.280306,0.00287597,-0.687981,0.9023,0.8256,0.6977,0.08
u9940,0.014,-11.3204,-5.5951,5.354,-0.492144,-0.680567,0.155856,0.7506,0.7877,0.8494,0.08
u9941,0.014,11.9096,15.1712,-1.13447,0.959535,1.16874,-0.0789924,0.6487,0.7622,0.9513,0.08
u9942,0.014,-15.8553,4.59107,8.77355,-0.120274,-0.301984,0.263544,0.6601,0.765,0.9399,0.08
u9943,0.014,3.85118,4.02426,-4.50383,-0.660503,-0.695007,-1.32979,0.8698,0.8174,0.7302,0.08
u9944,0.014,-11.1442,10.7186,-6.85196,-1.28784,0.0894786,-0.177041,0.6925,0.7731,0.9075,0.08
u9945,0.014,9.0054,-6.28045,-0.208863,-2.26051,0.714635,-0.759738,0.8003,0.8001,0.7997,0.08
u9946,0.014,6.07893,-17.1492,-4.31252,1.79415,0.216588,0.520924,0.66,0.765,0.94,0.08
u9947,0.014,-2.71206,-4.35969,3.95768,-0.700962,-1.23,-0.988181,0.8821,0.8205,0.7179,0.08
u9948,0.014,0.70743,8.07544,0.95855,-0.224079,0.489526,-1.25871,0.8516,0.8129,0.7484,0.08
u9949,0.014,-6.47818,7.82335,-13.6703,-0.0766224,-0.844904,-0.373624,0.6903,0.7726,0.9097,0.08
u9950,0.014,9.28704,-15.9257,-0.602003,0.5704,0.351871,0.921837,0.6646,0.7662,0.9354,0.08
u9951,0.014,-10.1865,-0.934654,-2.93342,-0.315328,-0.0699362,-0.724315,0.8065,0.8016,0.7935,0.08
u9952,0.014,14.8126,6.63888,-7.3302,-0.57004,-0.064442,-0.231058,0.6762,0.769,0.9238,0.08
u9953,0.014,2.96317,8.48687,1.40332,-1.26319,1.62714,-0.290603,0.8346,0.8086,0.7654,0.08
u9954,0.014,8.71251,14.8392,-8.17638,-1.37626,0.421096,-0.0307914,0.6536,0.7634,0.9464,0.08
u9955,0.014,-3.00675,-7.88884,-1.53947,1.30029,0.904824,0.566541,0.844,0.811,0.756,0.08
u9956,0.014,-7.28561,10.3671,7.00832,1.15356,-1.20286,0.234983,0.7367,0.7842,0.8633,0.08
u9957,0.014,15.6847,4.17229,-2.81765,-0.587946,0.992046,-0.261632,0.7005,0.7751,0.8995,0.08
u9958,0.014,12.2838,13.9094,4.65101,0.0619913,-0.128876,0.453978,0.6522,0.763,0.9478,0.08
u9959,0.014,-14.3965,10.5695,-4.46367,-0.0535573,-0.530519,1.32613,0.6653,0.7663,0.9347,0.08
u9960,0.014,-8.01617,9.28601,-6.71736,-0.872469,-0.991005,-0.43452,0.7457,0.7864,0.8543,0.08
u9961,0.014,-5.46643,8.59079,-4.56998,-0.452822,1.20061,0.0838825,0.7971,0.7993,0.8029,0.08
u9962,0.014,-0.101283,6.37477,-12.9453,0.27089,1.14938,-1.42537,0.7376,0.7844,0.8624,0.08
u9963,0.014,18.2724,-11.0303,-0.434175,0.178692,1.84758,1.08598,0.6119,0.753,0.9881,0.08
u9964,0.014,-3.155,5.0323,0.84068,-0.0954328,1.70665,-1.44664,0.8909,0.8227,0.7091,0.08
u9965,0.014,0.660621,19.0508,-7.94093,-0.238778,-0.292028,-1.60936,0.6245,0.7561,0.9755,0.08
u9966,0.014,-5.11206,-7.91153,-12.0677,0.876923,-0.513546,-0.294001,0.7217,0.7804,0.8783,0.08
u9967,0.014,3.92119,8.32394,-10.0045,-0.210066,-1.08266,0.266615,0.7529,0.7882,0.8471,0.08
u9968,0.014,4.71183,-16.7491,-9.85763,0.79677,0.564484,1.3847,0.6364,0.7591,0.9636,0.08
u9969,0.014,9.62773,-8.24168,-2.42927,1.11921,-0.113457,-0.151974,0.7654,0.7913,0.8346,0.08
u9970,0.014,10.4493,-11.8706,-1.93919,1.55351,0.946544,0.296794,0.7103,0.7776,0.8897,0.08
u9971,0.014,13.9508,-8.77081,1.18232,0.279051,0.323078,0.256093,0.6996,0.7749,0.9004,0.08
u9972,0.014,9.1823,-0.801814,14.9188,1.879,0.441482,0.633891,0.6812,0.7703,0.9188,0.08
u9973,0.014,-3.10867,17.0202,7.07139,-1.87102,-0.744417,-0.603282,0.6602,0.765,0.9398,0.08
u9974,0.014,-11.5138,-4.67608,12.8684,1.10143,-1.44459,0.754604,0.6747,0.7687,0.9253,0.08
u9975,0.014,0.273604,-15.5738,-1.47541,0.997807,0.294811,-0.369515,0.7155,0.7789,0.8845,0.08
u9976,0.014,8.99027,-13.5228,1.57196,0.410543,0.285396,-1.05783,0.7034,0.7758,0.8966,0.08
u9977,0.014,4.21004,0.540313,0.611185,0.19432,0.356409,-0.912546,0.922,0.8305,0.678,0.08
u9978,0.014,-6.21898,-5.48405,3.20285,-0.139653,-0.273243,0.273454,0.8384,0.8096,0.7616,0.08
u9979,0.014,-8.62004,1.15243,-15.0214,0.0664132,-0.475004,-0.843666,0.6844,0.7711,0.9156,0.08
u9980,0.014,-9.91159,2.54037,-13.9619,0.220068,-0.656346,0.493764,0.6853,0.7713,0.9147,0.08
u9981,0.014,0.0829501,-11.6652,-7.35686,0.994515,-0.275329,0.252726,0.7492,0.7873,0.8508,0.08
u9982,0.014,7.23988,2.96567,10.6094,-0.616727,1.51685,0.325319,0.7603,0.7901,0.8397,0.08
u9983,0.014,2.01029,-12.0441,-11.7108,0.569076,-1.24997,0.921602,0.6924,0.7731,0.9076,0.08
u9984,0.014,0.554937,3.35155,-14.7136,-1.4244,-0.617308,-0.201153,0.7254,0.7814,0.8746,0.08
u9985,0.014,-9.59942,-4.23623,11.3019,-0.134598,-0.758362,-0.641723,0.7196,0.7799,0.8804,0.08
u9986,0.014,-18.1907,3.94385,4.35062,-1.21773,-1.4719,-1.37092,0.6525,0.7631,0.9475,0.08
u9987,0.014,-5.51356,18.0637,-5.54942,-1.11065,-0.89773,0.0445324,0.6421,0.7605,0.9579,0.08
u9988,0.014,-6.21538,15.5953,0.835398,1.01474,-0.243291,-0.827816,0.6944,0.7736,0.9056,0.08
u9989,0.014,-6.26347,-16.9528,3.69014,1.78966,0.74888,-0.690481,0.6646,0.7662,0.9354,0.08
u9990,0.014,-1.27621,15.3915,-7.6656,-0.765548,1.03037,-0.813711,0.6865,0.7716,0.9135,0.08
u9991,0.014,-19.5976,-1.33218,-0.108006,0.887531,-0.694894,-0.254573,0.6429,0.7607,0.9571,0.08
u9992,0.014,11.2621,1.65159,2.85638,0.0459579,0.384843,1.34821,0.7866,0.7967,0.8134,0.08
u9993,0.014,-1.55469,-8.74294,-2.78098,0.0864308,-0.0734852,1.34458,0.8308,0.8077,0.7692,0.08
u9994,0.014,18.1069,-3.0788,-8.83209,0.379406,3.20731,1.89881,0.6295,0.7574,0.9705,0.08
u9995,0.014,-6.69635,-8.58988,12.096,0.146383,0.0404435,1.1002,0.7041,0.776,0.8959,0.08
u9996,0.014,-8.55916,2.49749,6.24641,-1.15328,0.771558,-0.659504,0.8021,0.8005,0.7979,0.08
u9997,0.014,9.95146,19.3266,0.15847,-0.622212,1.34324,0.439897,0.6047,0.7512,0.9953,0.08
u9998,0.014,-9.78776,12.66,7.76973,0.737641,-0.986613,-1.07502,0.6766,0.7691,0.9234,0.08
u9999,0.014,-9.43516,14.4181,-5.51718,-0.655213,-1.73392,-0.762589,0.671,0.7678,0.929,0.08
